{"type":"FeatureCollection","features":[{"geometry":{"type":"Polygon","coordinates":[[[-87.79089591697941,41.86991399876391],[-87.79089709528961,41.86994830747967],[-87.79135830648016,41.86994027590664],[-87.79135720139884,41.86990596754086],[-87.79135484308388,41.869837350109485],[-87.79089363384517,41.8698453807785],[-87.79089591697941,41.86991399876391]]],"crs":null},"type":"Feature","properties":{"name":"16184090090000","pin":"16184090090000","units":2,"yearBuilt":1915,"address":"1020 WESLEY AVE","url":"https://www.cookcountyassessor.com/pin/16184090090000"}},{"geometry":{"type":"Polygon","coordinates":[[[-87.79451139120836,41.86733632183756],[-87.7945137528358,41.86740493925323],[-87.79501768542104,41.86739616062397],[-87.79501532445927,41.867327543221066],[-87.79451139120836,41.86733632183756]]],"crs":null},"type":"Feature","properties":{"name":"16183220160000","pin":"16183220160000","units":2,"yearBuilt":1910,"address":"1138 S GROVE AVE","url":"https://www.cookcountyassessor.com/pin/16183220160000"}},{"geometry":{"type":"Polygon","coordinates":[[[-87.79461576105533,41.88776838691139],[-87.79461790024045,41.887837167802246],[-87.7951644353298,41.887829905790994],[-87.79516288352602,41.8877611276622],[-87.79461576105533,41.88776838691139]]],"crs":null},"type":"Feature","properties":{"name":"16071290240000","pin":"16071290240000","units":5,"yearBuilt":1904,"address":"113 N OAK PARK AVE","url":"https://www.cookcountyassessor.com/pin/16071290240000"}},{"geometry":{"type":"Polygon","coordinates":[[[-87.80331605036874,41.89126420918896],[-87.8033335587923,41.89176763969092],[-87.80351715176505,41.891764206640886],[-87.80349964311259,41.891260775263575],[-87.80331605036874,41.89126420918896]]],"crs":null},"type":"Feature","properties":{"name":"16071100050000","pin":"16071100050000","units":2,"yearBuilt":1910,"address":"1111 ERIE ST","url":"https://www.cookcountyassessor.com/pin/16071100050000"}},{"geometry":{"type":"Polygon","coordinates":[[[-87.77493656723804,41.86982131956509],[-87.77493912768144,41.869889884274905],[-87.77540450562029,41.8698840771561],[-87.77540194467181,41.86981551335387],[-87.77493656723804,41.86982131956509]]],"crs":null},"type":"Feature","properties":{"name":"16173150080000","pin":"16173150080000","units":2,"yearBuilt":1892,"address":"1022 S HUMPHREY AVE","url":"https://www.cookcountyassessor.com/pin/16173150080000"}},{"geometry":{"type":"Polygon","coordinates":[[[-87.7972057900076,41.884982635173074],[-87.79721000474134,41.885119812186545],[-87.79783240410318,41.88511064163201],[-87.79782775212611,41.884972858470626],[-87.79782775854659,41.88497208960771],[-87.7972057900076,41.884982635173074]]],"crs":null},"type":"Feature","properties":{"name":"16073110230000","pin":"16073110230000","units":2,"yearBuilt":1888,"address":"213 S KENILWORTH AVE","url":"https://www.cookcountyassessor.com/pin/16073110230000"}},{"geometry":{"type":"Polygon","coordinates":[[[-87.77834308101318,41.88216167307437],[-87.7783556038212,41.882573206553005],[-87.77849516851389,41.88257091699655],[-87.77848264481041,41.88215938352757],[-87.77835057353089,41.882161544520294],[-87.77834308101318,41.88216167307437]]],"crs":null},"type":"Feature","properties":{"name":"16083150310000","pin":"16083150310000","units":2,"yearBuilt":1908,"address":"106 WASHINGTON BLVD 1","url":"https://www.cookcountyassessor.com/pin/16083150310000"}},{"geometry":{"type":"Polygon","coordinates":[[[-87.79513827527127,41.88594980756302],[-87.79514235015074,41.886085611846674],[-87.795661985391,41.8860787156677],[-87.79565798290497,41.88594291174001],[-87.79513827527127,41.88594980756302]]],"crs":null},"type":"Feature","properties":{"name":"16073060070000","pin":"16073060070000","units":6,"yearBuilt":1979,"address":"120 S GROVE AVE 2","url":"https://www.cookcountyassessor.com/pin/16073060070000"}},{"geometry":{"type":"Polygon","coordinates":[[[-87.79719934302979,41.88476976040578],[-87.79720164878897,41.88484545759905],[-87.79782317503441,41.88483491089222],[-87.7978228182387,41.88482497484441],[-87.79782110063437,41.88477557041943],[-87.79782057577633,41.884759212341834],[-87.79779148696312,41.884759680823876],[-87.79779044901586,41.88472570154202],[-87.79719830538872,41.884735782020776],[-87.79719934302979,41.88476976040578]]],"crs":null},"type":"Feature","properties":{"name":"16073110250000","pin":"16073110250000","units":2,"yearBuilt":1894,"address":"219 S KENILWORTH AVE","url":"https://www.cookcountyassessor.com/pin/16073110250000"}},{"geometry":{"type":"Polygon","coordinates":[[[-87.77896343757888,41.88595420483296],[-87.77896682284593,41.88606393600541],[-87.77959738707872,41.886054629111676],[-87.77959400193755,41.88594489795695],[-87.77896343757888,41.88595420483296]]],"crs":null},"type":"Feature","properties":{"name":"16083030080000","pin":"16083030080000","units":2,"yearBuilt":1903,"address":"128 S LOMBARD AVE 1ST","url":"https://www.cookcountyassessor.com/pin/16083030080000"}},{"geometry":{"type":"Polygon","coordinates":[[[-87.79806366998356,41.88527159998521],[-87.79806556291143,41.88532643878896],[-87.79846582648165,41.88532089389312],[-87.79846393441633,41.885266055099564],[-87.79806366998356,41.88527159998521]]],"crs":null},"type":"Feature","properties":{"name":"16073110020000","pin":"16073110020000","units":2,"yearBuilt":1894,"address":"202 CLINTON AVE","url":"https://www.cookcountyassessor.com/pin/16073110020000"}},{"geometry":{"type":"Polygon","coordinates":[[[-87.7773412729744,41.88619724123773],[-87.77734467567271,41.88630450379568],[-87.77797474389382,41.88629350176721],[-87.77797134013397,41.8861862401217],[-87.7773412729744,41.88619724123773]]],"crs":null},"type":"Feature","properties":{"name":"16083040070000","pin":"16083040070000","units":2,"yearBuilt":1912,"address":"120 S TAYLOR AVE","url":"https://www.cookcountyassessor.com/pin/16083040070000"}},{"geometry":{"type":"Polygon","coordinates":[[[-87.80367393887734,41.89577893925292],[-87.80367829122041,41.89589229699407],[-87.80388701735957,41.89588919807023],[-87.8039295548516,41.89588857036801],[-87.80391215419192,41.89543387898721],[-87.80366096464992,41.895437605018934],[-87.80366868894244,41.8956407693638],[-87.80367393887734,41.89577893925292]]],"crs":null},"type":"Feature","properties":{"name":"16063160190000","pin":"16063160190000","units":2,"yearBuilt":1898,"address":"1112 PAULINA ST","url":"https://www.cookcountyassessor.com/pin/16063160190000"}},{"geometry":{"type":"Polygon","coordinates":[[[-87.7957533578067,41.86544141296965],[-87.79575745907057,41.86555658100862],[-87.79626057005338,41.86554779305973],[-87.79625646668234,41.86543262502767],[-87.7957533578067,41.86544141296965]]],"crs":null},"type":"Feature","properties":{"name":"16183280330000","pin":"16183280330000","units":5,"yearBuilt":1958,"address":"1190 S KENILWORTH AVE","url":"https://www.cookcountyassessor.com/pin/16183280330000"}},{"geometry":{"type":"Polygon","coordinates":[[[-87.7972402279506,41.8861170487301],[-87.79724045952338,41.88612451455275],[-87.79776553081815,41.886117524389576],[-87.79776530622519,41.886110081109024],[-87.79776524310483,41.88610797311229],[-87.79786440972529,41.88610667897585],[-87.79786364386072,41.8860841182176],[-87.79786116401448,41.88601171279467],[-87.79723729336689,41.88601999879108],[-87.7972402279506,41.8861170487301]]],"crs":null},"type":"Feature","properties":{"name":"16073040290000","pin":"16073040290000","units":2,"yearBuilt":1898,"address":"121 S KENILWORTH AVE","url":"https://www.cookcountyassessor.com/pin/16073040290000"}},{"geometry":{"type":"Polygon","coordinates":[[[-87.80409381273638,41.882664846919546],[-87.80409643428975,41.88273873397573],[-87.80449926321106,41.88273186354813],[-87.80471955660364,41.88272810234837],[-87.80471693312778,41.88265421529661],[-87.80409381273638,41.882664846919546]]],"crs":null},"type":"Feature","properties":{"name":"16073140130000","pin":"16073140130000","units":2,"yearBuilt":1904,"address":"313 S MAPLE AVE","url":"https://www.cookcountyassessor.com/pin/16073140130000"}},{"geometry":{"type":"Polygon","coordinates":[[[-87.7951464985311,41.886221417371765],[-87.79515064859932,41.8863571670802],[-87.79566999160215,41.88635032441925],[-87.79566598789096,41.88621451959211],[-87.7951464985311,41.886221417371765]]],"crs":null},"type":"Feature","properties":{"name":"16073060050000","pin":"16073060050000","units":2,"yearBuilt":1914,"address":"114 S GROVE AVE 1","url":"https://www.cookcountyassessor.com/pin/16073060050000"}},{"geometry":{"type":"Polygon","coordinates":[[[-87.78963203912512,41.88420942801456],[-87.78963586876456,41.884346768245],[-87.79027818107622,41.88433575664732],[-87.79027434959625,41.88419847134863],[-87.78963203912512,41.88420942801456]]],"crs":null},"type":"Feature","properties":{"name":"16074080180000","pin":"16074080180000","units":2,"yearBuilt":1893,"address":"221 S EAST AVE","url":"https://www.cookcountyassessor.com/pin/16074080180000"}},{"geometry":{"type":"Polygon","coordinates":[[[-87.78905512203994,41.867226893723874],[-87.7890574782945,41.86729545629963],[-87.78952057937,41.86728733119553],[-87.78951822382521,41.86721876863194],[-87.78951586754563,41.867150151142965],[-87.7890527674676,41.867158275333836],[-87.78905512203994,41.867226893723874]]],"crs":null},"type":"Feature","properties":{"name":"16184170340000","pin":"16184170340000","units":2,"yearBuilt":1915,"address":"1145 S EAST AVE","url":"https://www.cookcountyassessor.com/pin/16184170340000"}},{"geometry":{"type":"Polygon","coordinates":[[[-87.79934628675049,41.871933911182715],[-87.79935856045654,41.872276780893976],[-87.79945645974271,41.872275095015084],[-87.79948583799592,41.872274628349466],[-87.79947326969834,41.87193175728145],[-87.79944389234967,41.87193227886932],[-87.79934628675049,41.871933911182715]]],"crs":null},"type":"Feature","properties":{"name":"16183030370000","pin":"16183030370000","units":3,"yearBuilt":1910,"address":"1001 GARFIELD ST","url":"https://www.cookcountyassessor.com/pin/16183030370000"}},{"geometry":{"type":"Polygon","coordinates":[[[-87.77876169888336,41.88215480447037],[-87.77877422558205,41.88256633792586],[-87.77891379025036,41.882564047860456],[-87.77890126386096,41.882152514420454],[-87.77876169888336,41.88215480447037]]],"crs":null},"type":"Feature","properties":{"name":"16083150280000","pin":"16083150280000","units":2,"yearBuilt":1913,"address":"116 WASHINGTON BLVD","url":"https://www.cookcountyassessor.com/pin/16083150280000"}},{"geometry":{"type":"Polygon","coordinates":[[[-87.78216592678802,41.88835782993554],[-87.78217824035414,41.88880520149916],[-87.78227278462195,41.888803898648725],[-87.78226058154091,41.88836069890971],[-87.78216592678802,41.88835782993554]]],"crs":null},"type":"Feature","properties":{"name":"16081190290000","pin":"16081190290000","units":6,"yearBuilt":1900,"address":"250 LAKE ST","url":"https://www.cookcountyassessor.com/pin/16081190290000"}},{"geometry":{"type":"Polygon","coordinates":[[[-87.77920738434197,41.8947649095475],[-87.77921868252761,41.89517451480667],[-87.77931073970069,41.89517303854467],[-87.77929951396379,41.89476348766378],[-87.77920738434197,41.8947649095475]]],"crs":null},"type":"Feature","properties":{"name":"16053240250000","pin":"16053240250000","units":2,"yearBuilt":1922,"address":"116 CHICAGO AVE","url":"https://www.cookcountyassessor.com/pin/16053240250000"}},{"geometry":{"type":"Polygon","coordinates":[[[-87.7940069002396,41.86903654676239],[-87.7940106772887,41.86914622476097],[-87.79451528394705,41.869137561362685],[-87.79451386834666,41.86909628109003],[-87.79451143348344,41.86902777319295],[-87.79443346487146,41.869029145931535],[-87.79432438060876,41.869031066753074],[-87.79424293519891,41.86903249507226],[-87.7941614175085,41.8690339238947],[-87.7940069002396,41.86903654676239]]],"crs":null},"type":"Feature","properties":{"name":"16183150360000","pin":"16183150360000","units":6,"yearBuilt":1961,"address":"1041 S OAK PARK AVE","url":"https://www.cookcountyassessor.com/pin/16183150360000"}},{"geometry":{"type":"Polygon","coordinates":[[[-87.78837645822772,41.867993494229445],[-87.78837881377639,41.86806205680587],[-87.788841406122,41.868053932934714],[-87.788837874099,41.86795106162863],[-87.78837528129043,41.86795918548439],[-87.78837645822772,41.867993494229445]]],"crs":null},"type":"Feature","properties":{"name":"16184180080000","pin":"16184180080000","units":2,"yearBuilt":1913,"address":"1122 S EAST AVE","url":"https://www.cookcountyassessor.com/pin/16184180080000"}},{"geometry":{"type":"Polygon","coordinates":[[[-87.80432460984258,41.89636207253044],[-87.80433705980155,41.8966872124878],[-87.80451301930103,41.89668467545359],[-87.80450050173984,41.89635871139057],[-87.80432460984258,41.89636207253044]]],"crs":null},"type":"Feature","properties":{"name":"16063150110000","pin":"16063150110000","units":3,"yearBuilt":1896,"address":"1122 SCHNEIDER AVE","url":"https://www.cookcountyassessor.com/pin/16063150110000"}},{"geometry":{"type":"Polygon","coordinates":[[[-87.78562025641723,41.89080202841032],[-87.78562409344677,41.89093766699738],[-87.78625589133577,41.890927122129],[-87.78625197947046,41.89079148320473],[-87.78562025641723,41.89080202841032]]],"crs":null},"type":"Feature","properties":{"name":"16072170060000","pin":"16072170060000","units":2,"yearBuilt":1908,"address":"210 N ELMWOOD AVE","url":"https://www.cookcountyassessor.com/pin/16072170060000"}},{"geometry":{"type":"Polygon","coordinates":[[[-87.79718678900117,41.88435625349728],[-87.79719134551344,41.884505286937966],[-87.79778348654642,41.88449526230142],[-87.79777812161448,41.88431965959111],[-87.79718598339998,41.88432968511568],[-87.79718678900117,41.88435625349728]]],"crs":null},"type":"Feature","properties":{"name":"16073110280000","pin":"16073110280000","units":2,"yearBuilt":1898,"address":"227 S KENILWORTH AVE","url":"https://www.cookcountyassessor.com/pin/16073110280000"}},{"geometry":{"type":"Polygon","coordinates":[[[-87.77547746070096,41.901642036307734],[-87.77548177714337,41.90177915924292],[-87.77594393965312,41.90177267738006],[-87.77593947520651,41.90163555284221],[-87.77547746070096,41.901642036307734]]],"crs":null},"type":"Feature","properties":{"name":"16053070190000","pin":"16053070190000","units":2,"yearBuilt":1911,"address":"1144 N AUSTIN BLVD","url":"https://www.cookcountyassessor.com/pin/16053070190000"}},{"geometry":{"type":"Polygon","coordinates":[[[-87.80464313467428,41.89851749744008],[-87.80464666710424,41.898614769428846],[-87.80528493296376,41.898603820211264],[-87.80528139911294,41.89850660315513],[-87.80514165287906,41.898508978407484],[-87.80507831831305,41.89851005919653],[-87.80501491144194,41.89851113961795],[-87.8049515768724,41.898512220337054],[-87.80488816879269,41.89851330068293],[-87.80482263092513,41.898514426112534],[-87.80464313467428,41.89851749744008]]],"crs":null},"type":"Feature","properties":{"name":"16063070080000","pin":"16063070080000","units":2,"yearBuilt":1927,"address":"1015 N HARLEM AVE","url":"https://www.cookcountyassessor.com/pin/16063070080000"}},{"geometry":{"type":"Polygon","coordinates":[[[-87.7785488341743,41.86821450085937],[-87.77855132617195,41.86828306428129],[-87.77900105802297,41.86827661867989],[-87.77899863901817,41.86820805561936],[-87.7785488341743,41.86821450085937]]],"crs":null},"type":"Feature","properties":{"name":"16173200100000","pin":"16173200100000","units":2,"yearBuilt":1916,"address":"1120 S LOMBARD AVE","url":"https://www.cookcountyassessor.com/pin/16173200100000"}},{"geometry":{"type":"Polygon","coordinates":[[[-87.77497073144876,41.88501345166563],[-87.77497405929422,41.88512054828399],[-87.77560345470383,41.88510955687994],[-87.77560005304984,41.88500251394048],[-87.77497073144876,41.88501345166563]]],"crs":null},"type":"Feature","properties":{"name":"16083110100000","pin":"16083110100000","units":3,"yearBuilt":1898,"address":"230 N AUSTIN BLVD","url":"https://www.cookcountyassessor.com/pin/16083110100000"}},{"geometry":{"type":"Polygon","coordinates":[[[-87.77597427522448,41.870201692518336],[-87.7760662235099,41.87020946572172],[-87.7760632246696,41.870123556469096],[-87.77597128350004,41.87011581030826],[-87.77591096834816,41.87011068812593],[-87.77587934283062,41.870108009155196],[-87.7757874016993,41.870100263747695],[-87.77565458988924,41.870089025449005],[-87.77565780860002,41.87017493668014],[-87.77597427522448,41.870201692518336]]],"crs":null},"type":"Feature","properties":{"name":"16173140080000","pin":"16173140080000","units":2,"yearBuilt":1923,"address":"1011 S HUMPHREY AVE 1","url":"https://www.cookcountyassessor.com/pin/16173140080000"}},{"geometry":{"type":"Polygon","coordinates":[[[-87.7884000052646,41.86867928647873],[-87.78840118269066,41.86871354030058],[-87.78886392788476,41.86870541707038],[-87.78886039534251,41.86860259979478],[-87.7883976508821,41.86861072391555],[-87.7884000052646,41.86867928647873]]],"crs":null},"type":"Feature","properties":{"name":"16184180020000","pin":"16184180020000","units":2,"yearBuilt":1914,"address":"1104 S EAST AVE","url":"https://www.cookcountyassessor.com/pin/16184180020000"}},{"geometry":{"type":"Polygon","coordinates":[[[-87.77996809950504,41.88857206864566],[-87.77997101749308,41.8886680213556],[-87.780351545205,41.88866261019144],[-87.78034870015202,41.88856665694127],[-87.78015836308265,41.88856936322432],[-87.77996809950504,41.88857206864566]]],"crs":null},"type":"Feature","properties":{"name":"16081200330000","pin":"16081200330000","units":2,"yearBuilt":1923,"address":"131 N LOMBARD AVE 1","url":"https://www.cookcountyassessor.com/pin/16081200330000"}},{"geometry":{"type":"Polygon","coordinates":[[[-87.80010598939192,41.882821648230085],[-87.80011107204638,41.882961243946],[-87.80076446003734,41.88295011525626],[-87.8007594494513,41.882810519901554],[-87.80010598939192,41.882821648230085]]],"crs":null},"type":"Feature","properties":{"name":"16073160250000","pin":"16073160250000","units":2,"yearBuilt":1917,"address":"309 HOME AVE","url":"https://www.cookcountyassessor.com/pin/16073160250000"}},{"geometry":{"type":"Polygon","coordinates":[[[-87.79397474595328,41.86810082342636],[-87.79397703355279,41.86816944049567],[-87.79448126654715,41.86816061071831],[-87.7944765440782,41.8680234299272],[-87.79397238563494,41.8680322600354],[-87.79397474595328,41.86810082342636]]],"crs":null},"type":"Feature","properties":{"name":"16183220260000","pin":"16183220260000","units":2,"yearBuilt":1923,"address":"1117 S OAK PARK AVE","url":"https://www.cookcountyassessor.com/pin/16183220260000"}},{"geometry":{"type":"Polygon","coordinates":[[[-87.80285304985847,41.892109440776586],[-87.80285662203123,41.892219172039354],[-87.80322587044537,41.892212095210965],[-87.80322222248071,41.89210241852982],[-87.80285304985847,41.892109440776586]]],"crs":null},"type":"Feature","properties":{"name":"16071070200000","pin":"16071070200000","units":3,"yearBuilt":1955,"address":"305 N MARION ST","url":"https://www.cookcountyassessor.com/pin/16071070200000"}},{"geometry":{"type":"Polygon","coordinates":[[[-87.77557965040661,41.90474039638066],[-87.77558411780205,41.90487697166541],[-87.77604424949712,41.90487015004086],[-87.77603963288561,41.90473357404849],[-87.77557965040661,41.90474039638066]]],"crs":null},"type":"Feature","properties":{"name":"16051200280000","pin":"16051200280000","units":2,"yearBuilt":1923,"address":"1324 N AUSTIN BLVD","url":"https://www.cookcountyassessor.com/pin/16051200280000"}},{"geometry":{"type":"Polygon","coordinates":[[[-87.77805031558222,41.86849612170901],[-87.77805273237651,41.8685646847742],[-87.77850239274923,41.868558241683175],[-87.7784999754823,41.868489677724156],[-87.77805031558222,41.86849612170901]]],"crs":null},"type":"Feature","properties":{"name":"16173200260000","pin":"16173200260000","units":3,"yearBuilt":1898,"address":"1113 S TAYLOR AVE","url":"https://www.cookcountyassessor.com/pin/16173200260000"}},{"geometry":{"type":"Polygon","coordinates":[[[-87.80465026897524,41.89871253602272],[-87.80465373712104,41.8988085454341],[-87.80529207796602,41.8987976514454],[-87.80528846787348,41.8987007635669],[-87.80465026897524,41.89871253602272]]],"crs":null},"type":"Feature","properties":{"name":"16063070060000","pin":"16063070060000","units":2,"yearBuilt":1929,"address":"1021 N HARLEM AVE","url":"https://www.cookcountyassessor.com/pin/16063070060000"}},{"geometry":{"type":"Polygon","coordinates":[[[-87.78637355445122,41.884676942786655],[-87.78637737806498,41.884814173235945],[-87.7870180053675,41.88480328169762],[-87.7870142538753,41.884666051610864],[-87.78637355445122,41.884676942786655]]],"crs":null},"type":"Feature","properties":{"name":"16074100160000","pin":"16074100160000","units":2,"yearBuilt":1906,"address":"209 S ELMWOOD AVE SA","url":"https://www.cookcountyassessor.com/pin/16074100160000"}},{"geometry":{"type":"Polygon","coordinates":[[[-87.80155284269416,41.88341705376152],[-87.8015644567402,41.883752454771226],[-87.80166546394376,41.8837501781938],[-87.80165384936963,41.883414777191106],[-87.80155284269416,41.88341705376152]]],"crs":null},"type":"Feature","properties":{"name":"16073090300000","pin":"16073090300000","units":2,"yearBuilt":1895,"address":"1034 RANDOLPH ST","url":"https://www.cookcountyassessor.com/pin/16073090300000"}},{"geometry":{"type":"Polygon","coordinates":[[[-87.80259516652634,41.88439564535518],[-87.80259895979727,41.884505213931014],[-87.80322386069898,41.88449476252511],[-87.80322006514834,41.88438519485835],[-87.80300814156375,41.8843887172207],[-87.80292381299269,41.88439013835621],[-87.80283904345804,41.88439155829317],[-87.8027542004281,41.88439297782795],[-87.80259516652634,41.88439564535518]]],"crs":null},"type":"Feature","properties":{"name":"16073080140000","pin":"16073080140000","units":4,"yearBuilt":1904,"address":"227 S MARION ST","url":"https://www.cookcountyassessor.com/pin/16073080140000"}},{"geometry":{"type":"Polygon","coordinates":[[[-87.77478751144079,41.87937647308986],[-87.77479054041054,41.87945876030168],[-87.77524726470264,41.87945110213554],[-87.77524423515487,41.879368814031785],[-87.77478751144079,41.87937647308986]]],"crs":null},"type":"Feature","properties":{"name":"16171070210000","pin":"16171070210000","units":4,"yearBuilt":1921,"address":"16 S AUSTIN BLVD","url":"https://www.cookcountyassessor.com/pin/16171070210000"}},{"geometry":{"type":"Polygon","coordinates":[[[-87.80129434186799,41.89439910956987],[-87.80130970942874,41.894884088477546],[-87.80144555545203,41.89488158997211],[-87.80143018687124,41.894396610176166],[-87.80129434186799,41.89439910956987]]],"crs":null},"type":"Feature","properties":{"name":"16063190560000","pin":"16063190560000","units":2,"yearBuilt":1952,"address":"1016 CHICAGO AVE","url":"https://www.cookcountyassessor.com/pin/16063190560000"}},{"geometry":{"type":"Polygon","coordinates":[[[-87.79642367849998,41.88418924001591],[-87.79642505971988,41.8842348011292],[-87.79694037180501,41.88422496992527],[-87.79693760834867,41.88413373786313],[-87.79642229819376,41.88414356996498],[-87.79642367849998,41.88418924001591]]],"crs":null},"type":"Feature","properties":{"name":"16073120070000","pin":"16073120070000","units":2,"yearBuilt":1908,"address":"226 S KENILWORTH AVE","url":"https://www.cookcountyassessor.com/pin/16073120070000"}},{"geometry":{"type":"Polygon","coordinates":[[[-87.7931990433885,41.865877236105476],[-87.79319998673235,41.865904683983096],[-87.79365881926037,41.86589657702274],[-87.7936578761746,41.86586907512909],[-87.79365613435662,41.865814236782995],[-87.79319730196256,41.865822397754826],[-87.7931990433885,41.865877236105476]]],"crs":null},"type":"Feature","properties":{"name":"16184220100000","pin":"16184220100000","units":2,"yearBuilt":1923,"address":"1180 S OAK PARK AVE","url":"https://www.cookcountyassessor.com/pin/16184220100000"}},{"geometry":{"type":"Polygon","coordinates":[[[-87.77842834838837,41.89131146558559],[-87.77843259338506,41.89144902768326],[-87.7790601936284,41.891440533301825],[-87.77905609428481,41.89130297192857],[-87.77842834838837,41.89131146558559]]],"crs":null},"type":"Feature","properties":{"name":"16081150130000","pin":"16081150130000","units":2,"yearBuilt":1907,"address":"225 N TAYLOR AVE","url":"https://www.cookcountyassessor.com/pin/16081150130000"}},{"geometry":{"type":"Polygon","coordinates":[[[-87.77601411873384,41.89661674993749],[-87.77602369187814,41.89689297771599],[-87.77616894320933,41.89689082846949],[-87.7761599565314,41.896614713389305],[-87.77601411873384,41.89661674993749]]],"crs":null},"type":"Feature","properties":{"name":"16053200210000","pin":"16053200210000","units":2,"yearBuilt":1893,"address":"16 IOWA ST","url":"https://www.cookcountyassessor.com/pin/16053200210000"}},{"geometry":{"type":"Polygon","coordinates":[[[-87.80015435481543,41.879230194282634],[-87.80006628713419,41.879231651790434],[-87.79997653002181,41.87923315540521],[-87.79998851414227,41.879576023276215],[-87.80025484895468,41.87957160660569],[-87.80024249597211,41.87922873794871],[-87.80015435481543,41.879230194282634]]],"crs":null},"type":"Feature","properties":{"name":"16181030070000","pin":"16181030070000","units":6,"yearBuilt":1922,"address":"1001 MADISON ST","url":"https://www.cookcountyassessor.com/pin/16181030070000"}},{"geometry":{"type":"Polygon","coordinates":[[[-87.77967780380307,41.89475768353874],[-87.779689032913,41.89516712366029],[-87.7798752776468,41.89516417967553],[-87.77987270877085,41.89508738350936],[-87.77977874181802,41.8950888519165],[-87.77976963891881,41.894756314778725],[-87.77967780380307,41.89475768353874]]],"crs":null},"type":"Feature","properties":{"name":"16053240310000","pin":"16053240310000","units":2,"yearBuilt":1913,"address":"128 CHICAGO AVE","url":"https://www.cookcountyassessor.com/pin/16053240310000"}},{"geometry":{"type":"Polygon","coordinates":[[[-87.80024249597211,41.87922873794871],[-87.80025484895468,41.87957160660569],[-87.80034299057915,41.87957015019743],[-87.80033063713299,41.87922728064678],[-87.80024249597211,41.87922873794871]]],"crs":null},"type":"Feature","properties":{"name":"16181030060000","pin":"16181030060000","units":4,"yearBuilt":1918,"address":"1007 MADISON ST","url":"https://www.cookcountyassessor.com/pin/16181030060000"}},{"geometry":{"type":"Polygon","coordinates":[[[-87.80295174389632,41.8811372827134],[-87.8029590023939,41.88134302853935],[-87.8031131816217,41.881340393005374],[-87.80310829620494,41.88120282856121],[-87.8031059226073,41.881134649887144],[-87.80295174389632,41.8811372827134]]],"crs":null},"type":"Feature","properties":{"name":"16073220070000","pin":"16073220070000","units":2,"yearBuilt":1893,"address":"1113 WASHINGTON BLVD","url":"https://www.cookcountyassessor.com/pin/16073220070000"}},{"geometry":{"type":"Polygon","coordinates":[[[-87.79122210812848,41.882599538161024],[-87.79122706038162,41.88277821213203],[-87.7918653947272,41.88276684333094],[-87.79186043902742,41.88258822428972],[-87.79122210812848,41.882599538161024]]],"crs":null},"type":"Feature","properties":{"name":"16074130120000","pin":"16074130120000","units":3,"yearBuilt":1894,"address":"315 WESLEY AVE","url":"https://www.cookcountyassessor.com/pin/16074130120000"}},{"geometry":{"type":"Polygon","coordinates":[[[-87.80488518031885,41.90442685724539],[-87.80488655587948,41.904464953359614],[-87.80543679143977,41.9044536531543],[-87.80543253755395,41.90433683879069],[-87.80488230179117,41.904348138976076],[-87.80488518031885,41.90442685724539]]],"crs":null},"type":"Feature","properties":{"name":"16061130260000","pin":"16061130260000","units":3,"yearBuilt":1953,"address":"1327 N HARLEM AVE 1","url":"https://www.cookcountyassessor.com/pin/16061130260000"}},{"geometry":{"type":"Polygon","coordinates":[[[-87.77500956367699,41.87233508395558],[-87.77502154510042,41.87267971124128],[-87.7751114389468,41.87267839164712],[-87.77509960351874,41.87233382000081],[-87.77500956367699,41.87233508395558]]],"crs":null},"type":"Feature","properties":{"name":"16173070030000","pin":"16173070030000","units":3,"yearBuilt":1901,"address":"11 HARRISON ST","url":"https://www.cookcountyassessor.com/pin/16173070030000"}},{"geometry":{"type":"Polygon","coordinates":[[[-87.79389350227721,41.865659093315436],[-87.79389746860264,41.86578117723565],[-87.79439947945467,41.86577239227558],[-87.79439536569434,41.865650252758456],[-87.79389350227721,41.865659093315436]]],"crs":null},"type":"Feature","properties":{"name":"16183290270000","pin":"16183290270000","units":4,"yearBuilt":1923,"address":"1183 S OAK PARK AVE 1N","url":"https://www.cookcountyassessor.com/pin/16183290270000"}},{"geometry":{"type":"Polygon","coordinates":[[[-87.77478448247766,41.87929418587683],[-87.77478751144079,41.87937647308986],[-87.77524423515487,41.879368814031785],[-87.77524120681062,41.87928652683299],[-87.77478448247766,41.87929418587683]]],"crs":null},"type":"Feature","properties":{"name":"16171070220000","pin":"16171070220000","units":2,"yearBuilt":1921,"address":"18 S AUSTIN BLVD 1","url":"https://www.cookcountyassessor.com/pin/16171070220000"}},{"geometry":{"type":"Polygon","coordinates":[[[-87.78350951037568,41.88011571249939],[-87.78351752082749,41.88042349093273],[-87.78360933676764,41.88042195511968],[-87.78360132682442,41.880114065952334],[-87.78350951037568,41.88011571249939]]],"crs":null},"type":"Feature","properties":{"name":"16083180060000","pin":"16083180060000","units":4,"yearBuilt":1908,"address":"314 MADISON ST","url":"https://www.cookcountyassessor.com/pin/16083180060000"}},{"geometry":{"type":"Polygon","coordinates":[[[-87.78010978377132,41.893254547056785],[-87.78011264518621,41.89334857808492],[-87.7807413746994,41.89333898156337],[-87.78073857782482,41.8932458836139],[-87.78010978377132,41.893254547056785]]],"crs":null},"type":"Feature","properties":{"name":"16081020180000","pin":"16081020180000","units":2,"yearBuilt":1908,"address":"204 SUPERIOR ST","url":"https://www.cookcountyassessor.com/pin/16081020180000"}},{"geometry":{"type":"Polygon","coordinates":[[[-87.78839529576578,41.868542106427],[-87.7883976508821,41.86861072391555],[-87.78886039534251,41.86860259979478],[-87.78885686206368,41.868499728493035],[-87.78839411834505,41.868507852604104],[-87.78839529576578,41.868542106427]]],"crs":null},"type":"Feature","properties":{"name":"16184180030000","pin":"16184180030000","units":2,"yearBuilt":1910,"address":"1106 S EAST AVE","url":"https://www.cookcountyassessor.com/pin/16184180030000"}},{"geometry":{"type":"Polygon","coordinates":[[[-87.80238982509786,41.89110866772188],[-87.80239244889312,41.89119095220748],[-87.80263958902395,41.8911863314819],[-87.8026368914117,41.89110404666038],[-87.80238982509786,41.89110866772188]]],"crs":null},"type":"Feature","properties":{"name":"16071130010000","pin":"16071130010000","units":2,"yearBuilt":1914,"address":"212 N MARION ST","url":"https://www.cookcountyassessor.com/pin/16071130010000"}},{"geometry":{"type":"Polygon","coordinates":[[[-87.77465604004652,41.87579436362832],[-87.77466108528866,41.8759317113333],[-87.77511601734253,41.875924592344674],[-87.77511104460065,41.87578724591109],[-87.77465604004652,41.87579436362832]]],"crs":null},"type":"Feature","properties":{"name":"16171230210000","pin":"16171230210000","units":4,"yearBuilt":1954,"address":"314 S AUSTIN BLVD","url":"https://www.cookcountyassessor.com/pin/16171230210000"}},{"geometry":{"type":"Polygon","coordinates":[[[-87.79357221361292,41.88359233573272],[-87.79357612515298,41.88372967714156],[-87.79425236813474,41.883718088804116],[-87.79424845513907,41.88358074830985],[-87.79357221361292,41.88359233573272]]],"crs":null},"type":"Feature","properties":{"name":"16074060080000","pin":"16074060080000","units":6,"yearBuilt":1908,"address":"236 S OAK PARK AVE","url":"https://www.cookcountyassessor.com/pin/16074060080000"}},{"geometry":{"type":"Polygon","coordinates":[[[-87.80276028023711,41.89437213723844],[-87.80277603733796,41.894784889671094],[-87.80286765348897,41.89478328264294],[-87.802958755115,41.89478167226498],[-87.80294299895175,41.89436881001851],[-87.80276028023711,41.89437213723844]]],"crs":null},"type":"Feature","properties":{"name":"16063180250000","pin":"16063180250000","units":6,"yearBuilt":1914,"address":"1046 CHICAGO AVE","url":"https://www.cookcountyassessor.com/pin/16063180250000"}},{"geometry":{"type":"Polygon","coordinates":[[[-87.80412923378282,41.883676980720324],[-87.80413310133166,41.88378676838773],[-87.80420611757602,41.88378556794657],[-87.8043472268794,41.88378319916848],[-87.80443140765585,41.88378177540555],[-87.80450111751802,41.88378061537038],[-87.80458529949362,41.88377919150015],[-87.80465478843135,41.883778084375116],[-87.8046767554567,41.88377771101911],[-87.8047565994809,41.88377635708822],[-87.80475280315144,41.88366656976822],[-87.80412923378282,41.883676980720324]]],"crs":null},"type":"Feature","properties":{"name":"16073070110000","pin":"16073070110000","units":3,"yearBuilt":1924,"address":"245 S MAPLE AVE","url":"https://www.cookcountyassessor.com/pin/16073070110000"}},{"geometry":{"type":"Polygon","coordinates":[[[-87.7755244982632,41.866614492959485],[-87.77552705876683,41.86668311261624],[-87.77599117275233,41.86667647403386],[-87.7759886105402,41.86660785527885],[-87.77598778049719,41.86658512833286],[-87.77552366717228,41.86659176690564],[-87.7755244982632,41.866614492959485]]],"crs":null},"type":"Feature","properties":{"name":"16173300210000","pin":"16173300210000","units":2,"yearBuilt":1898,"address":"1165 S HUMPHREY AVE","url":"https://www.cookcountyassessor.com/pin/16173300210000"}},{"geometry":{"type":"Polygon","coordinates":[[[-87.79786869511155,41.886235569515144],[-87.79787299914356,41.88636237314397],[-87.7980574493215,41.88635994047518],[-87.79850061812557,41.88635404713435],[-87.79849631406495,41.886227242626966],[-87.79786869511155,41.886235569515144]]],"crs":null},"type":"Feature","properties":{"name":"16073040090000","pin":"16073040090000","units":2,"yearBuilt":1885,"address":"112 CLINTON AVE","url":"https://www.cookcountyassessor.com/pin/16073040090000"}},{"geometry":{"type":"Polygon","coordinates":[[[-87.80448921449523,41.87915863509885],[-87.80450136850268,41.87950150331332],[-87.80460420157735,41.879499780858794],[-87.80459204581558,41.879156912646394],[-87.80448921449523,41.87915863509885]]],"crs":null},"type":"Feature","properties":{"name":"16181000010000","pin":"16181000010000","units":2,"yearBuilt":1923,"address":"1147 MADISON ST","url":"https://www.cookcountyassessor.com/pin/16181000010000"}},{"geometry":{"type":"Polygon","coordinates":[[[-87.79373872783572,41.89217092791086],[-87.79374293546172,41.89230810483932],[-87.79449389666449,41.89229686716032],[-87.79448968743185,41.8921596902497],[-87.79423263374476,41.892163532919355],[-87.79423234654013,41.89215398164621],[-87.79414051533998,41.89215536199673],[-87.79414080132597,41.89216491326438],[-87.79373872783572,41.89217092791086]]],"crs":null},"type":"Feature","properties":{"name":"16072060170000","pin":"16072060170000","units":2,"yearBuilt":1888,"address":"316 N OAK PARK AVE 1","url":"https://www.cookcountyassessor.com/pin/16072060170000"}},{"geometry":{"type":"Polygon","coordinates":[[[-87.77888608991665,41.88343192032963],[-87.778890265389,41.88356909781654],[-87.77952125456741,41.883558805683],[-87.77951700425476,41.88342162785627],[-87.77888608991665,41.88343192032963]]],"crs":null},"type":"Feature","properties":{"name":"16083150040000","pin":"16083150040000","units":3,"yearBuilt":1903,"address":"310 S LOMBARD AVE 2ND","url":"https://www.cookcountyassessor.com/pin/16083150040000"}},{"geometry":{"type":"Polygon","coordinates":[[[-87.79806174106707,41.886488117059976],[-87.79806502285491,41.88658774807162],[-87.79850826672788,41.886581855053194],[-87.79850491076441,41.88648222280755],[-87.79806174106707,41.886488117059976]]],"crs":null},"type":"Feature","properties":{"name":"16073040030000","pin":"16073040030000","units":2,"yearBuilt":1903,"address":"108 CLINTON AVE","url":"https://www.cookcountyassessor.com/pin/16073040030000"}},{"geometry":{"type":"Polygon","coordinates":[[[-87.77475729729147,41.87855354454909],[-87.7747603266733,41.878635776854374],[-87.77521697162116,41.87862811841464],[-87.77521394166183,41.878545885217406],[-87.77475729729147,41.87855354454909]]],"crs":null},"type":"Feature","properties":{"name":"16171070310000","pin":"16171070310000","units":3,"yearBuilt":1924,"address":"112 S AUSTIN BLVD","url":"https://www.cookcountyassessor.com/pin/16171070310000"}},{"geometry":{"type":"Polygon","coordinates":[[[-87.80460228827796,41.89064434036264],[-87.8046166582631,41.89105730611874],[-87.80467910392493,41.89105616656166],[-87.80477813564201,41.891054317535],[-87.80476376461702,41.89064135179293],[-87.80466473353766,41.890643200811],[-87.80460228827796,41.89064434036264]]],"crs":null},"type":"Feature","properties":{"name":"16071090090000","pin":"16071090090000","units":3,"yearBuilt":1899,"address":"1142 ONTARIO ST","url":"https://www.cookcountyassessor.com/pin/16071090090000"}},{"geometry":{"type":"Polygon","coordinates":[[[-87.78563183909675,41.89120889048254],[-87.78563574892245,41.89134447538638],[-87.78626755082753,41.89133392957817],[-87.78626363965822,41.89119834558796],[-87.78563183909675,41.89120889048254]]],"crs":null},"type":"Feature","properties":{"name":"16072170030000","pin":"16072170030000","units":2,"yearBuilt":1873,"address":"224 N ELMWOOD AVE","url":"https://www.cookcountyassessor.com/pin/16072170030000"}},{"geometry":{"type":"Polygon","coordinates":[[[-87.77901827698676,41.89476778371178],[-87.77902957300664,41.89517749971939],[-87.77912412860881,41.8951759798456],[-87.77911283102728,41.89476637458087],[-87.77901827698676,41.89476778371178]]],"crs":null},"type":"Feature","properties":{"name":"16053240270000","pin":"16053240270000","units":2,"yearBuilt":1922,"address":"112 CHICAGO AVE","url":"https://www.cookcountyassessor.com/pin/16053240270000"}},{"geometry":{"type":"Polygon","coordinates":[[[-87.7797609194459,41.866826924734944],[-87.77976334039364,41.866895213200735],[-87.78020527498619,41.86688921957627],[-87.78020285356816,41.86682093111687],[-87.7797609194459,41.866826924734944]]],"crs":null},"type":"Feature","properties":{"name":"16173270040000","pin":"16173270040000","units":2,"yearBuilt":1909,"address":"1158 S HARVEY AVE","url":"https://www.cookcountyassessor.com/pin/16173270040000"}},{"geometry":{"type":"Polygon","coordinates":[[[-87.77912531032263,41.891164502118514],[-87.77912783312894,41.891246512008415],[-87.77975528266752,41.89123806711836],[-87.77975189755216,41.891128281145406],[-87.779124447883,41.89113672601778],[-87.77912531032263,41.891164502118514]]],"crs":null},"type":"Feature","properties":{"name":"16081150050000","pin":"16081150050000","units":2,"yearBuilt":1914,"address":"220 N LOMBARD AVE","url":"https://www.cookcountyassessor.com/pin/16081150050000"}},{"geometry":{"type":"Polygon","coordinates":[[[-87.77903512802527,41.87242456219552],[-87.77904208634382,41.87262207285211],[-87.77915202926104,41.87262051733225],[-87.77914507012188,41.872423062499244],[-87.77903512802527,41.87242456219552]]],"crs":null},"type":"Feature","properties":{"name":"16173040010000","pin":"16173040010000","units":4,"yearBuilt":1913,"address":"149 HARRISON ST","url":"https://www.cookcountyassessor.com/pin/16173040010000"}},{"geometry":{"type":"Polygon","coordinates":[[[-87.80279212029116,41.890222817585624],[-87.80279427132628,41.89029137867634],[-87.8030961394222,41.89028569258715],[-87.8030939157704,41.89021713116631],[-87.80279212029116,41.890222817585624]]],"crs":null},"type":"Feature","properties":{"name":"16071180140000","pin":"16071180140000","units":3,"yearBuilt":1929,"address":"189 N MARION ST","url":"https://www.cookcountyassessor.com/pin/16071180140000"}},{"geometry":{"type":"Polygon","coordinates":[[[-87.78422817949169,41.86948132125614],[-87.78423060176934,41.869550158819045],[-87.78469570073521,41.869542227510465],[-87.7846932056883,41.869473389609034],[-87.78422817949169,41.86948132125614]]],"crs":null},"type":"Feature","properties":{"name":"16184130450000","pin":"16184130450000","units":2,"yearBuilt":1920,"address":"1035 S RIDGELAND AVE","url":"https://www.cookcountyassessor.com/pin/16184130450000"}},{"geometry":{"type":"Polygon","coordinates":[[[-87.7789224007349,41.884651915110865],[-87.77892583565547,41.884764390793194],[-87.77955777777396,41.884755749802345],[-87.77955434175286,41.88464327323179],[-87.7789224007349,41.884651915110865]]],"crs":null},"type":"Feature","properties":{"name":"16083090020000","pin":"16083090020000","units":2,"yearBuilt":1902,"address":"214 S LOMBARD AVE","url":"https://www.cookcountyassessor.com/pin/16083090020000"}},{"geometry":{"type":"Polygon","coordinates":[[[-87.78728510299548,41.89201747980802],[-87.78728852837901,41.892141316480334],[-87.78791850377785,41.89213064397246],[-87.78791500247198,41.89200680695669],[-87.78728510299548,41.89201747980802]]],"crs":null},"type":"Feature","properties":{"name":"16072100070000","pin":"16072100070000","units":2,"yearBuilt":1895,"address":"308 N SCOVILLE AVE","url":"https://www.cookcountyassessor.com/pin/16072100070000"}},{"geometry":{"type":"Polygon","coordinates":[[[-87.77853909074418,41.867940192426275],[-87.77854067802805,41.86798591962608],[-87.77899048126977,41.86797947440811],[-87.77898889366537,41.86793374721255],[-87.77898723258991,41.86788801966196],[-87.77853742998923,41.867894464871156],[-87.77853909074418,41.867940192426275]]],"crs":null},"type":"Feature","properties":{"name":"16173200140000","pin":"16173200140000","units":2,"yearBuilt":1916,"address":"1130 S LOMBARD AVE","url":"https://www.cookcountyassessor.com/pin/16173200140000"}},{"geometry":{"type":"Polygon","coordinates":[[[-87.79589596068328,41.88579353070487],[-87.7958967607065,41.885820702291724],[-87.79641286800508,41.88581384112249],[-87.7964084662061,41.885664094438184],[-87.79589236011266,41.88567095559485],[-87.79589596068328,41.88579353070487]]],"crs":null},"type":"Feature","properties":{"name":"16073050190000","pin":"16073050190000","units":2,"yearBuilt":1888,"address":"129 S GROVE AVE","url":"https://www.cookcountyassessor.com/pin/16073050190000"}},{"geometry":{"type":"Polygon","coordinates":[[[-87.77521072491747,41.880249117652944],[-87.77522162093267,41.88059203752505],[-87.77531336184998,41.880590726764495],[-87.77530253883141,41.8802478072551],[-87.77521072491747,41.880249117652944]]],"crs":null},"type":"Feature","properties":{"name":"16083230210000","pin":"16083230210000","units":3,"yearBuilt":1916,"address":"12 MADISON ST","url":"https://www.cookcountyassessor.com/pin/16083230210000"}},{"geometry":{"type":"Polygon","coordinates":[[[-87.8046591478824,41.89895423469195],[-87.80466082060258,41.8990008395334],[-87.8052990886482,41.89898994517311],[-87.80529554601962,41.898893935440626],[-87.8046572777248,41.89890482978135],[-87.8046591478824,41.89895423469195]]],"crs":null},"type":"Feature","properties":{"name":"16063070040000","pin":"16063070040000","units":2,"yearBuilt":1927,"address":"1027 N HARLEM AVE","url":"https://www.cookcountyassessor.com/pin/16063070040000"}},{"geometry":{"type":"Polygon","coordinates":[[[-87.77558727317803,41.904970290968784],[-87.77558796429443,41.904992248202426],[-87.77604809561196,41.904985426561716],[-87.77604733202764,41.90496346897895],[-87.77604424949712,41.90487015004086],[-87.77558411780205,41.90487697166541],[-87.77558727317803,41.904970290968784]]],"crs":null},"type":"Feature","properties":{"name":"16051200270000","pin":"16051200270000","units":2,"yearBuilt":1922,"address":"1328 N AUSTIN BLVD 2","url":"https://www.cookcountyassessor.com/pin/16051200270000"}},{"geometry":{"type":"Polygon","coordinates":[[[-87.77681013603231,41.86817079694264],[-87.77681255244526,41.86823925019223],[-87.77727601754802,41.8682326041885],[-87.77727359943621,41.86816415093976],[-87.77727277035159,41.8681412592501],[-87.77680930710522,41.86814790615095],[-87.77681013603231,41.86817079694264]]],"crs":null},"type":"Feature","properties":{"name":"16173210310000","pin":"16173210310000","units":2,"yearBuilt":1911,"address":"1123 S LYMAN AVE","url":"https://www.cookcountyassessor.com/pin/16173210310000"}},{"geometry":{"type":"Polygon","coordinates":[[[-87.77569676807116,41.9082686850392],[-87.77569985068332,41.90836194901105],[-87.7762009251721,41.908355874817104],[-87.7761978418385,41.9082626099539],[-87.77569676807116,41.9082686850392]]],"crs":null},"type":"Feature","properties":{"name":"16051060220000","pin":"16051060220000","units":2,"yearBuilt":1923,"address":"1522 N AUSTIN BLVD 2","url":"https://www.cookcountyassessor.com/pin/16051060220000"}},{"geometry":{"type":"Polygon","coordinates":[[[-87.77820779491034,41.88432546506425],[-87.77821115554946,41.8844378854928],[-87.77884206562457,41.884429242547334],[-87.77883863159248,41.8843168217814],[-87.77820779491034,41.88432546506425]]],"crs":null},"type":"Feature","properties":{"name":"16083090140000","pin":"16083090140000","units":2,"yearBuilt":1898,"address":"225 S TAYLOR AVE","url":"https://www.cookcountyassessor.com/pin/16083090140000"}},{"geometry":{"type":"Polygon","coordinates":[[[-87.80011607956027,41.88310089513076],[-87.80012116316576,41.883240381002054],[-87.8007745096742,41.883225739827346],[-87.80076954366915,41.88308976676739],[-87.80011607956027,41.88310089513076]]],"crs":null},"type":"Feature","properties":{"name":"16073160360000","pin":"16073160360000","units":2,"yearBuilt":1954,"address":"301 HOME AVE","url":"https://www.cookcountyassessor.com/pin/16073160360000"}},{"geometry":{"type":"Polygon","coordinates":[[[-87.80307374610555,41.886412026824004],[-87.80308357794375,41.886661908334716],[-87.80330404564481,41.88665634008411],[-87.80329434406366,41.88640837962344],[-87.80307374610555,41.886412026824004]]],"crs":null},"type":"Feature","properties":{"name":"16073010190000","pin":"16073010190000","units":3,"yearBuilt":1904,"address":"1111 SOUTH BLVD","url":"https://www.cookcountyassessor.com/pin/16073010190000"}},{"geometry":{"type":"Polygon","coordinates":[[[-87.77568744845183,41.90798883694456],[-87.77569053103355,41.90808210182134],[-87.77619167686086,41.90807602711096],[-87.77618953003545,41.90801021001921],[-87.77615185247258,41.9079832430212],[-87.77568744845183,41.90798883694456]]],"crs":null},"type":"Feature","properties":{"name":"16051060250000","pin":"16051060250000","units":2,"yearBuilt":1923,"address":"1514 N AUSTIN BLVD 1","url":"https://www.cookcountyassessor.com/pin/16051060250000"}},{"geometry":{"type":"Polygon","coordinates":[[[-87.77843676656913,41.89158653541],[-87.77844101207106,41.89172404258244],[-87.77906846633385,41.89171560147455],[-87.7790643669613,41.89157804010794],[-87.77843676656913,41.89158653541]]],"crs":null},"type":"Feature","properties":{"name":"16081150110000","pin":"16081150110000","units":2,"yearBuilt":1906,"address":"233 N TAYLOR AVE","url":"https://www.cookcountyassessor.com/pin/16081150110000"}},{"geometry":{"type":"Polygon","coordinates":[[[-87.80289037567834,41.88653242104208],[-87.80289499463335,41.886666635762985],[-87.80308357794375,41.886661908334716],[-87.80307374610555,41.886412026824004],[-87.80290126266902,41.88641490727046],[-87.80290536167011,41.88653216073584],[-87.80289037567834,41.88653242104208]]],"crs":null},"type":"Feature","properties":{"name":"16073010180000","pin":"16073010180000","units":3,"yearBuilt":1903,"address":"1107 SOUTH BLVD","url":"https://www.cookcountyassessor.com/pin/16073010180000"}},{"geometry":{"type":"Polygon","coordinates":[[[-87.8001617757636,41.88439803989926],[-87.800164865779,41.884485761162935],[-87.80089178548059,41.88447513789382],[-87.8008886944635,41.88438741754414],[-87.80088650442795,41.88432396021418],[-87.80088555366483,41.884296841974304],[-87.80015863598398,41.884307465216004],[-87.8001617757636,41.88439803989926]]],"crs":null},"type":"Feature","properties":{"name":"16073090230000","pin":"16073090230000","units":2,"yearBuilt":1889,"address":"237 HOME AVE","url":"https://www.cookcountyassessor.com/pin/16073090230000"}},{"geometry":{"type":"Polygon","coordinates":[[[-87.77585320536754,41.88023966946935],[-87.77586410481751,41.88058258930185],[-87.77595584619101,41.880581223109246],[-87.77594501973766,41.88023830363907],[-87.77585320536754,41.88023966946935]]],"crs":null},"type":"Feature","properties":{"name":"16083230170000","pin":"16083230170000","units":2,"yearBuilt":1917,"address":"26 MADISON ST","url":"https://www.cookcountyassessor.com/pin/16083230170000"}},{"geometry":{"type":"Polygon","coordinates":[[[-87.79504232220805,41.8826632266018],[-87.7950463080467,41.8828008429392],[-87.79556492629237,41.882789496502866],[-87.79556086585102,41.88265187983256],[-87.79504232220805,41.8826632266018]]],"crs":null},"type":"Feature","properties":{"name":"16073200050000","pin":"16073200050000","units":2,"yearBuilt":1894,"address":"316 S GROVE AVE","url":"https://www.cookcountyassessor.com/pin/16073200050000"}},{"geometry":{"type":"Polygon","coordinates":[[[-87.80059748311933,41.867709227912634],[-87.80059999866073,41.86777779189949],[-87.80115078845718,41.86776810618199],[-87.80114827232737,41.86769954220366],[-87.80114694161747,41.867665232867196],[-87.80059622526494,41.86767502875028],[-87.80059748311933,41.867709227912634]]],"crs":null},"type":"Feature","properties":{"name":"16183170250000","pin":"16183170250000","units":2,"yearBuilt":1910,"address":"1125 WENONAH AVE","url":"https://www.cookcountyassessor.com/pin/16183170250000"}},{"geometry":{"type":"Polygon","coordinates":[[[-87.79026111315716,41.866590994853155],[-87.79026229062086,41.86662535851176],[-87.79072458023859,41.86661716978739],[-87.79072104571502,41.866514243577285],[-87.79025868336709,41.86652243194451],[-87.79026111315716,41.866590994853155]]],"crs":null},"type":"Feature","properties":{"name":"16184240200000","pin":"16184240200000","units":2,"yearBuilt":1919,"address":"1161 CLARENCE AVE 2","url":"https://www.cookcountyassessor.com/pin/16184240200000"}},{"geometry":{"type":"Polygon","coordinates":[[[-87.79032944252891,41.88419752449991],[-87.79033327412678,41.88433480979749],[-87.7909756609368,41.88432379465039],[-87.79097190025085,41.88418650970727],[-87.79032944252891,41.88419752449991]]],"crs":null},"type":"Feature","properties":{"name":"16074080060000","pin":"16074080060000","units":2,"yearBuilt":1910,"address":"220 WESLEY AVE","url":"https://www.cookcountyassessor.com/pin/16074080060000"}},{"geometry":{"type":"Polygon","coordinates":[[[-87.80165557661248,41.88294063291226],[-87.80165801977543,41.883009250382536],[-87.8023042094493,41.88299824526926],[-87.80230176560256,41.882929626908314],[-87.80165557661248,41.88294063291226]]],"crs":null},"type":"Feature","properties":{"name":"16073160020000","pin":"16073160020000","units":2,"yearBuilt":1904,"address":"302 WISCONSIN AVE 1","url":"https://www.cookcountyassessor.com/pin/16073160020000"}},{"geometry":{"type":"Polygon","coordinates":[[[-87.79402121244735,41.86944786830294],[-87.79402357193838,41.869516540614086],[-87.79452825544472,41.86950782260256],[-87.79452582193869,41.869439149953806],[-87.79452346006723,41.8693706973245],[-87.79401885111413,41.869379415666515],[-87.79402121244735,41.86944786830294]]],"crs":null},"type":"Feature","properties":{"name":"16183150260000","pin":"16183150260000","units":2,"yearBuilt":1915,"address":"1031 S OAK PARK AVE 1","url":"https://www.cookcountyassessor.com/pin/16183150260000"}},{"geometry":{"type":"Polygon","coordinates":[[[-87.79786116401448,41.88601171279467],[-87.79786364386072,41.8860841182176],[-87.79849126333346,41.88607540691113],[-87.79848749166035,41.885964082669574],[-87.79848565903423,41.8859107810444],[-87.79800495544204,41.88591743212336],[-87.79785811513253,41.885919436853435],[-87.79786116401448,41.88601171279467]]],"crs":null},"type":"Feature","properties":{"name":"16073040300000","pin":"16073040300000","units":2,"yearBuilt":1906,"address":"120 CLINTON AVE","url":"https://www.cookcountyassessor.com/pin/16073040300000"}},{"geometry":{"type":"Polygon","coordinates":[[[-87.79796419647188,41.88363814186901],[-87.79796761673877,41.88373876215462],[-87.79841239677108,41.883731229914325],[-87.79840890963706,41.88362973149502],[-87.79796420379984,41.88363726406863],[-87.79796419647188,41.88363814186901]]],"crs":null},"type":"Feature","properties":{"name":"16073110180000","pin":"16073110180000","units":2,"yearBuilt":1908,"address":"248 CLINTON AVE","url":"https://www.cookcountyassessor.com/pin/16073110180000"}},{"geometry":{"type":"Polygon","coordinates":[[[-87.79723313669874,41.887545178711584],[-87.79723436750093,41.8876000144157],[-87.79753790007994,41.88759583265543],[-87.79753666901819,41.88754099695303],[-87.79723313669874,41.887545178711584]]],"crs":null},"type":"Feature","properties":{"name":"16071280250000","pin":"16071280250000","units":2,"yearBuilt":1908,"address":"109 N KENILWORTH AVE","url":"https://www.cookcountyassessor.com/pin/16071280250000"}},{"geometry":{"type":"Polygon","coordinates":[[[-87.78050691221044,41.87185788737244],[-87.78051931810606,41.87220783992956],[-87.78059276016637,41.87220676637703],[-87.78064820933467,41.87220593571553],[-87.78063587668673,41.87185592860289],[-87.78058035434334,41.871856758906645],[-87.78050691221044,41.87185788737244]]],"crs":null},"type":"Feature","properties":{"name":"16173020240000","pin":"16173020240000","units":2,"yearBuilt":1923,"address":"226 FLOURNOY ST 1","url":"https://www.cookcountyassessor.com/pin/16173020240000"}},{"geometry":{"type":"Polygon","coordinates":[[[-87.78000106881748,41.889654229693356],[-87.78000532043546,41.88979140736217],[-87.78063356792622,41.88978252303202],[-87.780629535458,41.889645346439416],[-87.78000106881748,41.889654229693356]]],"crs":null},"type":"Feature","properties":{"name":"16081200160000","pin":"16081200160000","units":4,"yearBuilt":1898,"address":"163 N LOMBARD AVE","url":"https://www.cookcountyassessor.com/pin/16081200160000"}},{"geometry":{"type":"Polygon","coordinates":[[[-87.80253859756063,41.882773531746864],[-87.802543477908,41.88291142567877],[-87.8030026495207,41.882903557720525],[-87.80316785111935,41.88290069751333],[-87.80316304291263,41.88276280483956],[-87.80253859756063,41.882773531746864]]],"crs":null},"type":"Feature","properties":{"name":"16073150140000","pin":"16073150140000","units":6,"yearBuilt":1913,"address":"309 WISCONSIN AVE","url":"https://www.cookcountyassessor.com/pin/16073150140000"}},{"geometry":{"type":"Polygon","coordinates":[[[-87.80174745422005,41.88797363028173],[-87.80174984041918,41.888031270450995],[-87.80233740660337,41.88801867573693],[-87.80233501987628,41.887961035576694],[-87.80174745422005,41.88797363028173]]],"crs":null},"type":"Feature","properties":{"name":"16071260210000","pin":"16071260210000","units":3,"yearBuilt":1929,"address":"120 N MARION ST","url":"https://www.cookcountyassessor.com/pin/16071260210000"}},{"geometry":{"type":"Polygon","coordinates":[[[-87.8031055375391,41.898021877759135],[-87.80311375930404,41.898253584253126],[-87.80333410488588,41.89824982692366],[-87.80332581139157,41.89801795445054],[-87.8031055375391,41.898021877759135]]],"crs":null},"type":"Feature","properties":{"name":"16063080290000","pin":"16063080290000","units":2,"yearBuilt":1966,"address":"1050 AUGUSTA ST 1","url":"https://www.cookcountyassessor.com/pin/16063080290000"}},{"geometry":{"type":"Polygon","coordinates":[[[-87.79795855775464,41.88346901493294],[-87.797960966739,41.88354125439221],[-87.79840574465503,41.883533667245025],[-87.79840320725033,41.88345928618019],[-87.79795855775464,41.88346901493294]]],"crs":null},"type":"Feature","properties":{"name":"16073110200000","pin":"16073110200000","units":2,"yearBuilt":1909,"address":"254 CLINTON AVE","url":"https://www.cookcountyassessor.com/pin/16073110200000"}},{"geometry":{"type":"Polygon","coordinates":[[[-87.80165187739367,41.88283765162469],[-87.80165557661248,41.88294063291226],[-87.80230176560256,41.882929626908314],[-87.80229806534633,41.88282664563537],[-87.80165187739367,41.88283765162469]]],"crs":null},"type":"Feature","properties":{"name":"16073160030000","pin":"16073160030000","units":2,"yearBuilt":1882,"address":"308 WISCONSIN AVE","url":"https://www.cookcountyassessor.com/pin/16073160030000"}},{"geometry":{"type":"Polygon","coordinates":[[[-87.78495356369774,41.89217870859208],[-87.78495361372661,41.892181453072105],[-87.78558527085221,41.892171624308816],[-87.78558522032712,41.892168934747446],[-87.78558125489042,41.89203126440485],[-87.78494981964977,41.89204109420755],[-87.78495356369774,41.89217870859208]]],"crs":null},"type":"Feature","properties":{"name":"16072110170000","pin":"16072110170000","units":3,"yearBuilt":1888,"address":"309 N RIDGELAND AVE","url":"https://www.cookcountyassessor.com/pin/16072110170000"}},{"geometry":{"type":"Polygon","coordinates":[[[-87.77565099852791,41.90689217210737],[-87.77565361659315,41.9069712192923],[-87.77611845721077,41.90696529809045],[-87.77615426003072,41.90693737043275],[-87.77615257781517,41.90688577013629],[-87.77565099852791,41.90689217210737]]],"crs":null},"type":"Feature","properties":{"name":"16051130190000","pin":"16051130190000","units":2,"yearBuilt":1923,"address":"1428 N AUSTIN BLVD","url":"https://www.cookcountyassessor.com/pin/16051130190000"}},{"geometry":{"type":"Polygon","coordinates":[[[-87.79450948948363,41.88422670810776],[-87.7945107383231,41.88427051205195],[-87.79503001677075,41.88426059818948],[-87.79502754839474,41.88417831417664],[-87.79450834410511,41.88418822837678],[-87.79450948948363,41.88422670810776]]],"crs":null},"type":"Feature","properties":{"name":"16073130190000","pin":"16073130190000","units":2,"yearBuilt":1920,"address":"227 S OAK PARK AVE","url":"https://www.cookcountyassessor.com/pin/16073130190000"}},{"geometry":{"type":"Polygon","coordinates":[[[-87.79638510988913,41.88290963520068],[-87.79638677672303,41.8829649672841],[-87.79690172188545,41.882953707480084],[-87.79690005460738,41.88289837540143],[-87.79689877873666,41.88285775405801],[-87.79638390782732,41.88286901509747],[-87.79638510988913,41.88290963520068]]],"crs":null},"type":"Feature","properties":{"name":"16073190040000","pin":"16073190040000","units":2,"yearBuilt":1910,"address":"310 S KENILWORTH AVE","url":"https://www.cookcountyassessor.com/pin/16073190040000"}},{"geometry":{"type":"Polygon","coordinates":[[[-87.78781795485641,41.86690636669179],[-87.78782106141317,41.86699858853833],[-87.78828327951491,41.86699052004842],[-87.78828017229401,41.86689829821027],[-87.78827781642141,41.86682978963742],[-87.78781559946957,41.866837859012776],[-87.78781795485641,41.86690636669179]]],"crs":null},"type":"Feature","properties":{"name":"16184260420000","pin":"16184260420000","units":2,"yearBuilt":1911,"address":"1153 S SCOVILLE AVE","url":"https://www.cookcountyassessor.com/pin/16184260420000"}},{"geometry":{"type":"Polygon","coordinates":[[[-87.77563653666446,41.86960638802361],[-87.77564165857841,41.86974357054338],[-87.77577855081398,41.86974149095671],[-87.77610315438176,41.86973664512005],[-87.77609817722657,41.86959946332185],[-87.7757295841632,41.869604973411754],[-87.77563653666446,41.86960638802361]]],"crs":null},"type":"Feature","properties":{"name":"16173140230000","pin":"16173140230000","units":4,"yearBuilt":1916,"address":"1027 S HUMPHREY AVE","url":"https://www.cookcountyassessor.com/pin/16173140230000"}},{"geometry":{"type":"Polygon","coordinates":[[[-87.79329124544863,41.868662818614375],[-87.7932935403632,41.86873033820318],[-87.79375364169105,41.868722291778866],[-87.79375134462609,41.86865482710957],[-87.79375010056089,41.86861942058368],[-87.79329000117505,41.868627467003925],[-87.79329124544863,41.868662818614375]]],"crs":null},"type":"Feature","properties":{"name":"16184140010000","pin":"16184140010000","units":3,"yearBuilt":1922,"address":"1100 S OAK PARK AVE","url":"https://www.cookcountyassessor.com/pin/16184140010000"}},{"geometry":{"type":"Polygon","coordinates":[[[-87.77673833466433,41.88928516810925],[-87.77674272151224,41.889422895763225],[-87.77737148346735,41.889413647323536],[-87.7773670212953,41.889275974247944],[-87.77673833466433,41.88928516810925]]],"crs":null},"type":"Feature","properties":{"name":"16081220200000","pin":"16081220200000","units":2,"yearBuilt":1896,"address":"151 N HUMPHREY AVE","url":"https://www.cookcountyassessor.com/pin/16081220200000"}},{"geometry":{"type":"Polygon","coordinates":[[[-87.80278989696602,41.89015425616],[-87.80279212029116,41.890222817585624],[-87.8030939157704,41.89021713116631],[-87.80309169137189,41.89014851482031],[-87.80278989696602,41.89015425616]]],"crs":null},"type":"Feature","properties":{"name":"16071180150000","pin":"16071180150000","units":3,"yearBuilt":1929,"address":"187 N MARION ST","url":"https://www.cookcountyassessor.com/pin/16071180150000"}},{"geometry":{"type":"Polygon","coordinates":[[[-87.77606492445747,41.8670871535224],[-87.77606818419744,41.86717685183871],[-87.77653193483829,41.86717015439162],[-87.7765287479222,41.86708045644063],[-87.77652625932346,41.867011892979676],[-87.77606236383622,41.86701847986044],[-87.77606492445747,41.8670871535224]]],"crs":null},"type":"Feature","properties":{"name":"16173300010000","pin":"16173300010000","units":3,"yearBuilt":1913,"address":"1152 S LYMAN AVE 3","url":"https://www.cookcountyassessor.com/pin/16173300010000"}},{"geometry":{"type":"Polygon","coordinates":[[[-87.7788820411397,41.88152151789279],[-87.77889456732616,41.881933051378574],[-87.77907813091646,41.88193004076894],[-87.77906560234756,41.88151850729006],[-87.7788820411397,41.88152151789279]]],"crs":null},"type":"Feature","properties":{"name":"16083210020000","pin":"16083210020000","units":4,"yearBuilt":1914,"address":"117 WASHINGTON BLVD","url":"https://www.cookcountyassessor.com/pin/16083210020000"}},{"geometry":{"type":"Polygon","coordinates":[[[-87.79450549920335,41.8840897508172],[-87.79450834410511,41.88418822837678],[-87.79502754839474,41.88417831417664],[-87.79502470269584,41.884079836625055],[-87.79450549920335,41.8840897508172]]],"crs":null},"type":"Feature","properties":{"name":"16073130200000","pin":"16073130200000","units":2,"yearBuilt":1898,"address":"229 S OAK PARK AVE","url":"https://www.cookcountyassessor.com/pin/16073130200000"}},{"geometry":{"type":"Polygon","coordinates":[[[-87.79293178280061,41.88556869713098],[-87.79293562603058,41.88570526929903],[-87.79357920050768,41.885694300115155],[-87.79357498844021,41.8855577262332],[-87.79293178280061,41.88556869713098]]],"crs":null},"type":"Feature","properties":{"name":"16074000180000","pin":"16074000180000","units":2,"yearBuilt":1902,"address":"131 S EUCLID AVE","url":"https://www.cookcountyassessor.com/pin/16074000180000"}},{"geometry":{"type":"Polygon","coordinates":[[[-87.7791294837836,41.89130200892961],[-87.7791310718594,41.891356242368964],[-87.77975852246405,41.891347798368116],[-87.7797569338653,41.89129356403388],[-87.77975528266752,41.89123806711836],[-87.77912783312894,41.891246512008415],[-87.7791294837836,41.89130200892961]]],"crs":null},"type":"Feature","properties":{"name":"16081150040000","pin":"16081150040000","units":2,"yearBuilt":1912,"address":"222 N LOMBARD AVE 2","url":"https://www.cookcountyassessor.com/pin/16081150040000"}},{"geometry":{"type":"Polygon","coordinates":[[[-87.77735649131355,41.886678382242394],[-87.77736002132042,41.88678805922506],[-87.77799021133266,41.88678051592282],[-87.77798668024798,41.88667083895288],[-87.77735649131355,41.886678382242394]]],"crs":null},"type":"Feature","properties":{"name":"16083040030000","pin":"16083040030000","units":2,"yearBuilt":1903,"address":"106 S TAYLOR AVE","url":"https://www.cookcountyassessor.com/pin/16083040030000"}},{"geometry":{"type":"Polygon","coordinates":[[[-87.80276740660346,41.86975370177427],[-87.80277069016076,41.86984504617717],[-87.80339486357806,41.86983420674224],[-87.8033916530614,41.86974280777197],[-87.80276740660346,41.86975370177427]]],"crs":null},"type":"Feature","properties":{"name":"16183090040000","pin":"16183090040000","units":2,"yearBuilt":1908,"address":"1016 S MAPLE AVE","url":"https://www.cookcountyassessor.com/pin/16183090040000"}},{"geometry":{"type":"Polygon","coordinates":[[[-87.78260031743056,41.881841222486614],[-87.78261074663799,41.882208892505155],[-87.78274847561502,41.882206588974825],[-87.78273804441336,41.881838918958145],[-87.78260031743056,41.881841222486614]]],"crs":null},"type":"Feature","properties":{"name":"16083130260000","pin":"16083130260000","units":6,"yearBuilt":1957,"address":"264 WASHINGTON BLVD","url":"https://www.cookcountyassessor.com/pin/16083130260000"}},{"geometry":{"type":"Polygon","coordinates":[[[-87.80349964311259,41.891260775263575],[-87.80351715176505,41.891764206640886],[-87.80370067122796,41.89176077205794],[-87.8036831611348,41.891257340700015],[-87.80349964311259,41.891260775263575]]],"crs":null},"type":"Feature","properties":{"name":"16071100040000","pin":"16071100040000","units":2,"yearBuilt":1894,"address":"1117 ERIE ST","url":"https://www.cookcountyassessor.com/pin/16071100040000"}},{"geometry":{"type":"Polygon","coordinates":[[[-87.8042494343159,41.8943447597675],[-87.80426658435162,41.894794455836426],[-87.80439170513442,41.89479212321492],[-87.80437455256312,41.894342482072645],[-87.8042494343159,41.8943447597675]]],"crs":null},"type":"Feature","properties":{"name":"16063170170000","pin":"16063170170000","units":4,"yearBuilt":1892,"address":"1122 CHICAGO AVE","url":"https://www.cookcountyassessor.com/pin/16063170170000"}},{"geometry":{"type":"Polygon","coordinates":[[[-87.77472406619438,41.877646901659894],[-87.77472803441782,41.87775619657369],[-87.7751888683762,41.87774751511429],[-87.77518482588363,41.87763821985434],[-87.77472406619438,41.877646901659894]]],"crs":null},"type":"Feature","properties":{"name":"16171150220000","pin":"16171150220000","units":2,"yearBuilt":1927,"address":"140 S AUSTIN BLVD","url":"https://www.cookcountyassessor.com/pin/16171150220000"}},{"geometry":{"type":"Polygon","coordinates":[[[-87.8022283437942,41.892504139761755],[-87.80223278601363,41.892641811764804],[-87.80239184477935,41.89263875953536],[-87.8025629547898,41.89263554400339],[-87.80268630374728,41.892633205045236],[-87.80268186055415,41.89249553305391],[-87.80255850824668,41.89249787199217],[-87.80238740221841,41.892501087536424],[-87.8022283437942,41.892504139761755]]],"crs":null},"type":"Feature","properties":{"name":"16071080370000","pin":"16071080370000","units":4,"yearBuilt":1898,"address":"316 N MARION ST","url":"https://www.cookcountyassessor.com/pin/16071080370000"}},{"geometry":{"type":"Polygon","coordinates":[[[-87.79319461765323,41.86574005750672],[-87.79319485379132,41.86574691925266],[-87.7936536856458,41.865738758287314],[-87.79365344945866,41.86573189654202],[-87.79365123574293,41.86566327888466],[-87.79355954271747,41.86566491156731],[-87.79337594466651,41.865668176616566],[-87.79333791943631,41.86566885316384],[-87.79319240442048,41.86567144074379],[-87.79319461765323,41.86574005750672]]],"crs":null},"type":"Feature","properties":{"name":"16184220120000","pin":"16184220120000","units":2,"yearBuilt":1924,"address":"1184 S OAK PARK AVE","url":"https://www.cookcountyassessor.com/pin/16184220120000"}},{"geometry":{"type":"Polygon","coordinates":[[[-87.79512468356016,41.88550402287823],[-87.79512807223603,41.88561649787613],[-87.79564814463606,41.8856096038036],[-87.79564597433335,41.88553549903153],[-87.79564482734416,41.88549712825374],[-87.79512468356016,41.88550402287823]]],"crs":null},"type":"Feature","properties":{"name":"16073060110000","pin":"16073060110000","units":2,"yearBuilt":1912,"address":"134 S GROVE AVE","url":"https://www.cookcountyassessor.com/pin/16073060110000"}},{"geometry":{"type":"Polygon","coordinates":[[[-87.80237613395998,41.89068631967974],[-87.80237853401786,41.89076026056734],[-87.80262567082939,41.89075569477498],[-87.80262327260061,41.8906816440589],[-87.80237613395998,41.89068631967974]]],"crs":null},"type":"Feature","properties":{"name":"16071130060000","pin":"16071130060000","units":2,"yearBuilt":1914,"address":"200 N MARION ST","url":"https://www.cookcountyassessor.com/pin/16071130060000"}},{"geometry":{"type":"Polygon","coordinates":[[[-87.77804050125596,41.86822175798568],[-87.77804291754953,41.8682903768733],[-87.7784926494814,41.868283933263434],[-87.77849015802131,41.86821531492184],[-87.77848898589365,41.868181061027364],[-87.7780392546905,41.868187503727015],[-87.77804050125596,41.86822175798568]]],"crs":null},"type":"Feature","properties":{"name":"16173200300000","pin":"16173200300000","units":2,"yearBuilt":1894,"address":"1121 S TAYLOR AVE","url":"https://www.cookcountyassessor.com/pin/16173200300000"}},{"geometry":{"type":"Polygon","coordinates":[[[-87.78242445540165,41.87950271493451],[-87.78243448925284,41.87980518034555],[-87.78252623178865,41.87980353430297],[-87.78251619749719,41.879501069797534],[-87.78242445540165,41.87950271493451]]],"crs":null},"type":"Feature","properties":{"name":"16171010030000","pin":"16171010030000","units":4,"yearBuilt":1913,"address":"309 MADISON ST","url":"https://www.cookcountyassessor.com/pin/16171010030000"}},{"geometry":{"type":"Polygon","coordinates":[[[-87.79402600703654,41.869585103437295],[-87.79402707466448,41.86961529522659],[-87.79453168547231,41.869606576859645],[-87.79453061806814,41.869576330154736],[-87.79452825544472,41.86950782260256],[-87.79402357193838,41.869516540614086],[-87.79402600703654,41.869585103437295]]],"crs":null},"type":"Feature","properties":{"name":"16183150250000","pin":"16183150250000","units":2,"yearBuilt":1914,"address":"1029 S OAK PARK AVE","url":"https://www.cookcountyassessor.com/pin/16183150250000"}},{"geometry":{"type":"Polygon","coordinates":[[[-87.80283973476965,41.89169455843113],[-87.80284235915865,41.891776842901535],[-87.8031755304778,41.89177064306409],[-87.80317268561377,41.89168830266204],[-87.80283973476965,41.89169455843113]]],"crs":null},"type":"Feature","properties":{"name":"16071100070000","pin":"16071100070000","units":2,"yearBuilt":1912,"address":"229 N MARION ST","url":"https://www.cookcountyassessor.com/pin/16071100070000"}},{"geometry":{"type":"Polygon","coordinates":[[[-87.79327479906227,41.86818277073052],[-87.79327597908494,41.868217024520604],[-87.79373607580908,41.86820908798215],[-87.79373253518861,41.86810616185863],[-87.79327251342559,41.868114152757144],[-87.79327479906227,41.86818277073052]]],"crs":null},"type":"Feature","properties":{"name":"16184140060000","pin":"16184140060000","units":2,"yearBuilt":1912,"address":"1116 S OAK PARK AVE","url":"https://www.cookcountyassessor.com/pin/16184140060000"}},{"geometry":{"type":"Polygon","coordinates":[[[-87.7945187032608,41.8845462920581],[-87.79452138721298,41.88463768765736],[-87.79504074212565,41.88462777410926],[-87.795038057441,41.88453637761731],[-87.7945187032608,41.8845462920581]]],"crs":null},"type":"Feature","properties":{"name":"16073130150000","pin":"16073130150000","units":2,"yearBuilt":1903,"address":"215 S OAK PARK AVE","url":"https://www.cookcountyassessor.com/pin/16073130150000"}},{"geometry":{"type":"Polygon","coordinates":[[[-87.77431126154289,41.86642165520839],[-87.77431389638384,41.86649016451223],[-87.77461079552451,41.86648590199104],[-87.77476603900513,41.866483638271895],[-87.77476340536403,41.86641507406252],[-87.77458635172566,41.86641767013978],[-87.77431126154289,41.86642165520839]]],"crs":null},"type":"Feature","properties":{"name":"16173310200000","pin":"16173310200000","units":2,"yearBuilt":1929,"address":"1108 S AUSTIN BLVD","url":"https://www.cookcountyassessor.com/pin/16173310200000"}},{"geometry":{"type":"Polygon","coordinates":[[[-87.77569755591178,41.88572445078229],[-87.7757018716374,41.88586162990407],[-87.77633244966793,41.88585069427741],[-87.77632805910021,41.88571351481448],[-87.77569755591178,41.88572445078229]]],"crs":null},"type":"Feature","properties":{"name":"16083050130000","pin":"16083050130000","units":3,"yearBuilt":1904,"address":"132 S HUMPHREY AVE 1","url":"https://www.cookcountyassessor.com/pin/16083050130000"}},{"geometry":{"type":"Polygon","coordinates":[[[-87.77823160660003,41.88511279565169],[-87.77823497015957,41.88522488655304],[-87.77886604540151,41.88521503692528],[-87.77886267150492,41.88510415335038],[-87.77885980504608,41.88501094504829],[-87.77822874106617,41.88501958643922],[-87.77823160660003,41.88511279565169]]],"crs":null},"type":"Feature","properties":{"name":"16083090080000","pin":"16083090080000","units":2,"yearBuilt":1917,"address":"201 S TAYLOR AVE","url":"https://www.cookcountyassessor.com/pin/16083090080000"}},{"geometry":{"type":"Polygon","coordinates":[[[-87.77466613176166,41.87606905814046],[-87.77467117825309,41.876206404944206],[-87.77512596528204,41.87619928611374],[-87.77512099129929,41.87606193968103],[-87.77466613176166,41.87606905814046]]],"crs":null},"type":"Feature","properties":{"name":"16171230190000","pin":"16171230190000","units":4,"yearBuilt":1955,"address":"306 S AUSTIN BLVD","url":"https://www.cookcountyassessor.com/pin/16171230190000"}},{"geometry":{"type":"Polygon","coordinates":[[[-87.78246178206052,41.881843521972215],[-87.78247221047381,41.88221119199841],[-87.7825732117723,41.88220953541351],[-87.78261074663799,41.882208892505155],[-87.78260031743056,41.881841222486614],[-87.78256278157531,41.881841865387116],[-87.78246178206052,41.881843521972215]]],"crs":null},"type":"Feature","properties":{"name":"16083130270000","pin":"16083130270000","units":3,"yearBuilt":1920,"address":"260 WASHINGTON BLVD","url":"https://www.cookcountyassessor.com/pin/16083130270000"}},{"geometry":{"type":"Polygon","coordinates":[[[-87.80238712780847,41.891026382895284],[-87.80238982509786,41.89110866772188],[-87.8026368914117,41.89110404666038],[-87.80263426730508,41.89102176217737],[-87.80238712780847,41.891026382895284]]],"crs":null},"type":"Feature","properties":{"name":"16071130020000","pin":"16071130020000","units":2,"yearBuilt":1915,"address":"210 N MARION ST","url":"https://www.cookcountyassessor.com/pin/16071130020000"}},{"geometry":{"type":"Polygon","coordinates":[[[-87.77900064252755,41.87280376222048],[-87.77900971962676,41.87305342294174],[-87.77916762436163,41.873051002276284],[-87.77916513063401,41.872982547856616],[-87.77916179976685,41.87289219121771],[-87.77915854355369,41.87280156033248],[-87.77900064252755,41.87280376222048]]],"crs":null},"type":"Feature","properties":{"name":"16171280150000","pin":"16171280150000","units":2,"yearBuilt":1962,"address":"146 HARRISON ST","url":"https://www.cookcountyassessor.com/pin/16171280150000"}},{"geometry":{"type":"Polygon","coordinates":[[[-87.79197781468663,41.8891904548573],[-87.79197877406202,41.88922481823765],[-87.79259175337656,41.88921387516712],[-87.79258887527259,41.88911095160288],[-87.79197597043935,41.889121895010476],[-87.79197781468663,41.8891904548573]]],"crs":null},"type":"Feature","properties":{"name":"16072190250000","pin":"16072190250000","units":2,"yearBuilt":1953,"address":"152 N EUCLID AVE","url":"https://www.cookcountyassessor.com/pin/16072190250000"}},{"geometry":{"type":"Polygon","coordinates":[[[-87.77911283102728,41.89476637458087],[-87.77912412860881,41.8951759798456],[-87.77921868252761,41.89517451480667],[-87.77920738434197,41.8947649095475],[-87.77911283102728,41.89476637458087]]],"crs":null},"type":"Feature","properties":{"name":"16053240260000","pin":"16053240260000","units":4,"yearBuilt":1922,"address":"114 CHICAGO AVE","url":"https://www.cookcountyassessor.com/pin/16053240260000"}},{"geometry":{"type":"Polygon","coordinates":[[[-87.79651232709803,41.88733050382391],[-87.79651431162499,41.88741800028439],[-87.79700971558064,41.88741147813585],[-87.79700773037017,41.887323982580206],[-87.79651232709803,41.88733050382391]]],"crs":null},"type":"Feature","properties":{"name":"16071290100000","pin":"16071290100000","units":2,"yearBuilt":1906,"address":"102 N KENILWORTH AVE 1","url":"https://www.cookcountyassessor.com/pin/16071290100000"}},{"geometry":{"type":"Polygon","coordinates":[[[-87.80286820830894,41.89257680082628],[-87.80286901815101,41.89260314946906],[-87.80339453462432,41.8925931168452],[-87.80339364985981,41.89256676786009],[-87.80339183600236,41.89251083205567],[-87.80286639370492,41.89252086501071],[-87.80286820830894,41.89257680082628]]],"crs":null},"type":"Feature","properties":{"name":"16071070120000","pin":"16071070120000","units":2,"yearBuilt":1903,"address":"317 N MARION ST","url":"https://www.cookcountyassessor.com/pin/16071070120000"}},{"geometry":{"type":"Polygon","coordinates":[[[-87.79134114466675,41.89075277114761],[-87.79134273749455,41.89080766350813],[-87.7919558055173,41.890796724271816],[-87.79195236671059,41.89067327208215],[-87.79133929986814,41.890684211307246],[-87.79134114466675,41.89075277114761]]],"crs":null},"type":"Feature","properties":{"name":"16072130100000","pin":"16072130100000","units":2,"yearBuilt":1920,"address":"211 LINDEN AVE","url":"https://www.cookcountyassessor.com/pin/16072130100000"}},{"geometry":{"type":"Polygon","coordinates":[[[-87.77511278487052,41.87038842651551],[-87.7752999706178,41.87040420989428],[-87.77531346280028,41.87006020056507],[-87.77512627973448,41.870044362300554],[-87.77511278487052,41.87038842651551]]],"crs":null},"type":"Feature","properties":{"name":"16173150020000","pin":"16173150020000","units":4,"yearBuilt":1925,"address":"17 GARFIELD ST 1E","url":"https://www.cookcountyassessor.com/pin/16173150020000"}},{"geometry":{"type":"Polygon","coordinates":[[[-87.80322095045096,41.88252772510141],[-87.80322434354507,41.88262373447536],[-87.80384966758562,41.88261306280921],[-87.80384620127774,41.882517052214595],[-87.80322095045096,41.88252772510141]]],"crs":null},"type":"Feature","properties":{"name":"16073150050000","pin":"16073150050000","units":2,"yearBuilt":1923,"address":"316 S MAPLE AVE","url":"https://www.cookcountyassessor.com/pin/16073150050000"}},{"geometry":{"type":"Polygon","coordinates":[[[-87.78104032247464,41.8718497513888],[-87.78105272797785,41.87220008743715],[-87.78114467772168,41.872198718985075],[-87.78113227219686,41.87184832712449],[-87.78104032247464,41.8718497513888]]],"crs":null},"type":"Feature","properties":{"name":"16173020200000","pin":"16173020200000","units":2,"yearBuilt":1908,"address":"238 FLOURNOY ST 1","url":"https://www.cookcountyassessor.com/pin/16173020200000"}},{"geometry":{"type":"Polygon","coordinates":[[[-87.80279871873941,41.890428557347995],[-87.80280094208047,41.890497118770234],[-87.80310281234976,41.89049143267488],[-87.80310058748107,41.890422871250955],[-87.80279871873941,41.890428557347995]]],"crs":null},"type":"Feature","properties":{"name":"16071180110000","pin":"16071180110000","units":3,"yearBuilt":1928,"address":"195 N MARION ST","url":"https://www.cookcountyassessor.com/pin/16071180110000"}},{"geometry":{"type":"Polygon","coordinates":[[[-87.80290465452129,41.87970901475548],[-87.80291677699003,41.880054681218176],[-87.80300873861862,41.88005318548685],[-87.80299661611589,41.87970746321174],[-87.80290465452129,41.87970901475548]]],"crs":null},"type":"Feature","properties":{"name":"16073220230000","pin":"16073220230000","units":4,"yearBuilt":1929,"address":"1112 MADISON ST","url":"https://www.cookcountyassessor.com/pin/16073220230000"}},{"geometry":{"type":"Polygon","coordinates":[[[-87.7798957169477,41.886201621981364],[-87.77989886857733,41.886304546309276],[-87.7805299363064,41.886296773608706],[-87.78052678366392,41.8861938492919],[-87.78052465726525,41.88612534280282],[-87.77989366398627,41.886133060914524],[-87.7798957169477,41.886201621981364]]],"crs":null},"type":"Feature","properties":{"name":"16083020280000","pin":"16083020280000","units":4,"yearBuilt":1943,"address":"117 S LOMBARD AVE","url":"https://www.cookcountyassessor.com/pin/16083020280000"}},{"geometry":{"type":"Polygon","coordinates":[[[-87.78843672876259,41.86975037995178],[-87.78843908395386,41.869818997425604],[-87.78890212888379,41.86981098531671],[-87.78889741946594,41.86967380441112],[-87.78843437431368,41.86968181740169],[-87.78843672876259,41.86975037995178]]],"crs":null},"type":"Feature","properties":{"name":"16184110050000","pin":"16184110050000","units":2,"yearBuilt":1917,"address":"1024 S EAST AVE","url":"https://www.cookcountyassessor.com/pin/16184110050000"}},{"geometry":{"type":"Polygon","coordinates":[[[-87.7932013298166,41.86594574426827],[-87.79320354306532,41.86601436102786],[-87.79366237637737,41.86600625405803],[-87.79365881926037,41.86589657702274],[-87.79319998673235,41.865904683983096],[-87.7932013298166,41.86594574426827]]],"crs":null},"type":"Feature","properties":{"name":"16184220090000","pin":"16184220090000","units":2,"yearBuilt":1913,"address":"1176 S OAK PARK AVE","url":"https://www.cookcountyassessor.com/pin/16184220090000"}},{"geometry":{"type":"Polygon","coordinates":[[[-87.77893199987858,41.89506923446878],[-87.77893501788358,41.895178963696445],[-87.77902957300664,41.89517749971939],[-87.77901827698676,41.89476778371178],[-87.77892372246019,41.89476924858359],[-87.77893199987858,41.89506923446878]]],"crs":null},"type":"Feature","properties":{"name":"16053240280000","pin":"16053240280000","units":3,"yearBuilt":1922,"address":"110 CHICAGO AVE","url":"https://www.cookcountyassessor.com/pin/16053240280000"}},{"geometry":{"type":"Polygon","coordinates":[[[-87.7958448747217,41.884063041446396],[-87.79584854081791,41.88418654965389],[-87.79636458508553,41.88417672446022],[-87.79636091966024,41.88405316135006],[-87.7958448747217,41.884063041446396]]],"crs":null},"type":"Feature","properties":{"name":"16073120250000","pin":"16073120250000","units":2,"yearBuilt":1962,"address":"227 S GROVE AVE","url":"https://www.cookcountyassessor.com/pin/16073120250000"}},{"geometry":{"type":"Polygon","coordinates":[[[-87.79779552101182,41.882851731243086],[-87.79779973811951,41.88298890829792],[-87.79838689348917,41.88297605811424],[-87.79838230888643,41.88283887846699],[-87.79779552101182,41.882851731243086]]],"crs":null},"type":"Feature","properties":{"name":"16073180030000","pin":"16073180030000","units":2,"yearBuilt":1885,"address":"308 CLINTON AVE","url":"https://www.cookcountyassessor.com/pin/16073180030000"}},{"geometry":{"type":"Polygon","coordinates":[[[-87.78099402431445,41.86756343803887],[-87.78099526982645,41.86759785702917],[-87.78145872601326,41.86759152272123],[-87.78145747978037,41.86755715865322],[-87.78145513284609,41.86748859597906],[-87.78099160272559,41.867494929917946],[-87.78099402431445,41.86756343803887]]],"crs":null},"type":"Feature","properties":{"name":"16173180170000","pin":"16173180170000","units":2,"yearBuilt":1905,"address":"1140 S HIGHLAND AVE","url":"https://www.cookcountyassessor.com/pin/16173180170000"}},{"geometry":{"type":"Polygon","coordinates":[[[-87.78376952977032,41.894697919808586],[-87.78378164926956,41.89504084302308],[-87.78387157341561,41.895039627500616],[-87.78385945344313,41.89469670339235],[-87.78376952977032,41.894697919808586]]],"crs":null},"type":"Feature","properties":{"name":"16053210280000","pin":"16053210280000","units":3,"yearBuilt":1948,"address":"310 CHICAGO AVE","url":"https://www.cookcountyassessor.com/pin/16053210280000"}},{"geometry":{"type":"Polygon","coordinates":[[[-87.77564360757577,41.90666924915118],[-87.77564733896364,41.90678073826516],[-87.77614891858389,41.906774336310505],[-87.77614525863557,41.90666284755828],[-87.77564360757577,41.90666924915118]]],"crs":null},"type":"Feature","properties":{"name":"16051130210000","pin":"16051130210000","units":3,"yearBuilt":1923,"address":"1424 N AUSTIN BLVD","url":"https://www.cookcountyassessor.com/pin/16051130210000"}},{"geometry":{"type":"Polygon","coordinates":[[[-87.77676473044612,41.89011142360159],[-87.7767691904099,41.890249206510184],[-87.77739832796038,41.89023995975489],[-87.77739386616855,41.89010223178089],[-87.77676473044612,41.89011142360159]]],"crs":null},"type":"Feature","properties":{"name":"16081220140000","pin":"16081220140000","units":2,"yearBuilt":1901,"address":"175 N HUMPHREY AVE","url":"https://www.cookcountyassessor.com/pin/16081220140000"}},{"geometry":{"type":"Polygon","coordinates":[[[-87.79132863201346,41.88647184939524],[-87.79133143499766,41.88657471685988],[-87.7917049062124,41.88656824617436],[-87.79170202913473,41.886465378368584],[-87.79132863201346,41.88647184939524]]],"crs":null},"type":"Feature","properties":{"name":"16074010090000","pin":"16074010090000","units":2,"yearBuilt":1923,"address":"105 WESLEY AVE","url":"https://www.cookcountyassessor.com/pin/16074010090000"}},{"geometry":{"type":"Polygon","coordinates":[[[-87.79513049031468,41.885696037386076],[-87.79513412691232,41.88581400293174],[-87.79565398044046,41.885807106908786],[-87.79565048866137,41.88568914295673],[-87.79513049031468,41.885696037386076]]],"crs":null},"type":"Feature","properties":{"name":"16073060090000","pin":"16073060090000","units":2,"yearBuilt":1903,"address":"130 S GROVE AVE","url":"https://www.cookcountyassessor.com/pin/16073060090000"}},{"geometry":{"type":"Polygon","coordinates":[[[-87.7824023277765,41.89208087667394],[-87.78240438259934,41.89214954747932],[-87.78303257998043,41.892140594893284],[-87.78302810314695,41.891986072124936],[-87.78239983377148,41.89199502524347],[-87.7824023277765,41.89208087667394]]],"crs":null},"type":"Feature","properties":{"name":"16081070080000","pin":"16081070080000","units":4,"yearBuilt":1899,"address":"304 N CUYLER AVE","url":"https://www.cookcountyassessor.com/pin/16081070080000"}},{"geometry":{"type":"Polygon","coordinates":[[[-87.77564733896364,41.90678073826516],[-87.77565099852791,41.90689217210737],[-87.77615257781517,41.90688577013629],[-87.77614891858389,41.906774336310505],[-87.77564733896364,41.90678073826516]]],"crs":null},"type":"Feature","properties":{"name":"16051130200000","pin":"16051130200000","units":3,"yearBuilt":1922,"address":"1426 N AUSTIN BLVD","url":"https://www.cookcountyassessor.com/pin/16051130200000"}},{"geometry":{"type":"Polygon","coordinates":[[[-87.77562335493266,41.90605850291561],[-87.77562609179756,41.90614078830946],[-87.77612781223732,41.906134387124226],[-87.77612514824489,41.9060521020951],[-87.77562335493266,41.90605850291561]]],"crs":null},"type":"Feature","properties":{"name":"16051130270000","pin":"16051130270000","units":4,"yearBuilt":1929,"address":"1404 N AUSTIN BLVD 1","url":"https://www.cookcountyassessor.com/pin/16051130270000"}},{"geometry":{"type":"Polygon","coordinates":[[[-87.77540744663628,41.89927056127055],[-87.77541110076467,41.899407735967166],[-87.7758683242066,41.8994012853096],[-87.77586415454526,41.89926410722319],[-87.77540744663628,41.89927056127055]]],"crs":null},"type":"Feature","properties":{"name":"16053140230000","pin":"16053140230000","units":6,"yearBuilt":1962,"address":"1028 N AUSTIN BLVD","url":"https://www.cookcountyassessor.com/pin/16053140230000"}},{"geometry":{"type":"Polygon","coordinates":[[[-87.79583681866677,41.883788688119914],[-87.79583968584238,41.88388475103818],[-87.796355655855,41.88387487061284],[-87.79635206137269,41.883751471690125],[-87.79583601886137,41.88376135176139],[-87.79583681866677,41.883788688119914]]],"crs":null},"type":"Feature","properties":{"name":"16073120210000","pin":"16073120210000","units":2,"yearBuilt":1903,"address":"235 S GROVE AVE","url":"https://www.cookcountyassessor.com/pin/16073120210000"}},{"geometry":{"type":"Polygon","coordinates":[[[-87.77551775485071,41.90287884254325],[-87.77552083702807,41.902972106604196],[-87.77598021824144,41.90296533559244],[-87.77597706308771,41.902872071188746],[-87.77551775485071,41.90287884254325]]],"crs":null},"type":"Feature","properties":{"name":"16051270270000","pin":"16051270270000","units":2,"yearBuilt":1922,"address":"1226 N AUSTIN BLVD","url":"https://www.cookcountyassessor.com/pin/16051270270000"}},{"geometry":{"type":"Polygon","coordinates":[[[-87.80412299254299,41.89434708614755],[-87.80414021640108,41.89479678257434],[-87.80426658435162,41.894794455836426],[-87.8042494343159,41.8943447597675],[-87.80412299254299,41.89434708614755]]],"crs":null},"type":"Feature","properties":{"name":"16063170180000","pin":"16063170180000","units":2,"yearBuilt":1889,"address":"1120 CHICAGO AVE","url":"https://www.cookcountyassessor.com/pin/16063170180000"}},{"geometry":{"type":"Polygon","coordinates":[[[-87.7848967660482,41.8901454440821],[-87.78490038263574,41.890272300619735],[-87.78534440050908,41.89026481541965],[-87.78534078398188,41.890137849053374],[-87.7848967660482,41.8901454440821]]],"crs":null},"type":"Feature","properties":{"name":"16072230240000","pin":"16072230240000","units":3,"yearBuilt":1891,"address":"179 N RIDGELAND AVE","url":"https://www.cookcountyassessor.com/pin/16072230240000"}},{"geometry":{"type":"Polygon","coordinates":[[[-87.80143018687124,41.894396610176166],[-87.80144555545203,41.89488158997211],[-87.80157309970387,41.89487927164698],[-87.80155787762118,41.89439423762436],[-87.80143018687124,41.894396610176166]]],"crs":null},"type":"Feature","properties":{"name":"16063190550000","pin":"16063190550000","units":2,"yearBuilt":1953,"address":"1018 CHICAGO AVE","url":"https://www.cookcountyassessor.com/pin/16063190550000"}},{"geometry":{"type":"Polygon","coordinates":[[[-87.80464666710424,41.898614769428846],[-87.80465026897524,41.89871253602272],[-87.80528846787348,41.8987007635669],[-87.80528493296376,41.898603820211264],[-87.80464666710424,41.898614769428846]]],"crs":null},"type":"Feature","properties":{"name":"16063070070000","pin":"16063070070000","units":2,"yearBuilt":1928,"address":"1017 N HARLEM AVE","url":"https://www.cookcountyassessor.com/pin/16063070070000"}},{"geometry":{"type":"Polygon","coordinates":[[[-87.79641961247238,41.88405206364873],[-87.79642229819376,41.88414356996498],[-87.79693760834867,41.88413373786313],[-87.79693477536053,41.884042176849434],[-87.79641961247238,41.88405206364873]]],"crs":null},"type":"Feature","properties":{"name":"16073120080000","pin":"16073120080000","units":2,"yearBuilt":1908,"address":"230 S KENILWORTH AVE","url":"https://www.cookcountyassessor.com/pin/16073120080000"}},{"geometry":{"type":"Polygon","coordinates":[[[-87.78669397784846,41.86984906903588],[-87.7866948077797,41.869872399126905],[-87.78715594361617,41.86986443989392],[-87.78715518819709,41.86984111016035],[-87.78715283559079,41.86977249177406],[-87.78669169920289,41.86978045189316],[-87.78669397784846,41.86984906903588]]],"crs":null},"type":"Feature","properties":{"name":"16184110510000","pin":"16184110510000","units":2,"yearBuilt":1914,"address":"1025 GUNDERSON AVE","url":"https://www.cookcountyassessor.com/pin/16184110510000"}},{"geometry":{"type":"Polygon","coordinates":[[[-87.79028888530019,41.88272476766893],[-87.79029087674687,41.88279321847066],[-87.79093331715097,41.882782588239365],[-87.79093139851642,41.882714136891394],[-87.79092763965254,41.882576796996474],[-87.79028512781971,41.88258742686102],[-87.79028888530019,41.88272476766893]]],"crs":null},"type":"Feature","properties":{"name":"16074140050000","pin":"16074140050000","units":2,"yearBuilt":1904,"address":"314 WESLEY AVE","url":"https://www.cookcountyassessor.com/pin/16074140050000"}},{"geometry":{"type":"Polygon","coordinates":[[[-87.77597731383919,41.87028897228989],[-87.77606921043217,41.87029674794106],[-87.7760662235099,41.87020946572172],[-87.77597427522448,41.870201692518336],[-87.77565780860002,41.87017493668014],[-87.7756610888681,41.870262220334375],[-87.77597731383919,41.87028897228989]]],"crs":null},"type":"Feature","properties":{"name":"16173140070000","pin":"16173140070000","units":2,"yearBuilt":1925,"address":"1007 S HUMPHREY AVE","url":"https://www.cookcountyassessor.com/pin/16173140070000"}},{"geometry":{"type":"Polygon","coordinates":[[[-87.802543477908,41.88291142567877],[-87.80254843252165,41.88304937397107],[-87.8030074581331,41.88304150622043],[-87.8030026495207,41.882903557720525],[-87.802543477908,41.88291142567877]]],"crs":null},"type":"Feature","properties":{"name":"16073150130000","pin":"16073150130000","units":2,"yearBuilt":1885,"address":"305 WISCONSIN AVE","url":"https://www.cookcountyassessor.com/pin/16073150130000"}},{"geometry":{"type":"Polygon","coordinates":[[[-87.77477547080454,41.879047268774805],[-87.77477849926179,41.87912961181041],[-87.77523514773262,41.87912195242006],[-87.77523211868139,41.879039610293155],[-87.77477547080454,41.879047268774805]]],"crs":null},"type":"Feature","properties":{"name":"16171070250000","pin":"16171070250000","units":2,"yearBuilt":1921,"address":"26 S AUSTIN BLVD","url":"https://www.cookcountyassessor.com/pin/16171070250000"}},{"geometry":{"type":"Polygon","coordinates":[[[-87.80238450281969,41.89094409840173],[-87.80238712780847,41.891026382895284],[-87.80263426730508,41.89102176217737],[-87.80263156849948,41.8909394773479],[-87.80263116877875,41.890925754287494],[-87.80238402965216,41.89093037500096],[-87.80238450281969,41.89094409840173]]],"crs":null},"type":"Feature","properties":{"name":"16071130030000","pin":"16071130030000","units":3,"yearBuilt":1913,"address":"208 N MARION ST","url":"https://www.cookcountyassessor.com/pin/16071130030000"}},{"geometry":{"type":"Polygon","coordinates":[[[-87.77552193559718,41.86654598403386],[-87.77552366717228,41.86659176690564],[-87.77598778049719,41.86658512833286],[-87.77598428066307,41.86648855740367],[-87.77552004036505,41.866495195346566],[-87.77552193559718,41.86654598403386]]],"crs":null},"type":"Feature","properties":{"name":"16173300380000","pin":"16173300380000","units":3,"yearBuilt":1913,"address":"1167 S HUMPHREY AVE","url":"https://www.cookcountyassessor.com/pin/16173300380000"}},{"geometry":{"type":"Polygon","coordinates":[[[-87.80286376927188,41.89243857965087],[-87.80286639370492,41.89252086501071],[-87.80339183600236,41.89251083205567],[-87.80338906268737,41.89242854601985],[-87.80286376927188,41.89243857965087]]],"crs":null},"type":"Feature","properties":{"name":"16071070130000","pin":"16071070130000","units":2,"yearBuilt":1903,"address":"315 N MARION ST","url":"https://www.cookcountyassessor.com/pin/16071070130000"}},{"geometry":{"type":"Polygon","coordinates":[[[-87.77896682284593,41.88606393600541],[-87.77897020644298,41.886173722088515],[-87.77960069994035,41.88616435991572],[-87.77959738707872,41.886054629111676],[-87.77896682284593,41.88606393600541]]],"crs":null},"type":"Feature","properties":{"name":"16083030070000","pin":"16083030070000","units":2,"yearBuilt":1920,"address":"124 S LOMBARD AVE","url":"https://www.cookcountyassessor.com/pin/16083030070000"}},{"geometry":{"type":"Polygon","coordinates":[[[-87.7979610316899,41.88354213342991],[-87.79796420379984,41.88363726406863],[-87.79840890963706,41.88362973149502],[-87.79840574465503,41.883533667245025],[-87.797960966739,41.88354125439221],[-87.7979610316899,41.88354213342991]]],"crs":null},"type":"Feature","properties":{"name":"16073110190000","pin":"16073110190000","units":2,"yearBuilt":1909,"address":"250 CLINTON AVE","url":"https://www.cookcountyassessor.com/pin/16073110190000"}},{"geometry":{"type":"Polygon","coordinates":[[[-87.7757106501378,41.88613598705071],[-87.77571503940358,41.88627316651933],[-87.7763455479864,41.8862622304892],[-87.77634123086585,41.88612505139268],[-87.7757106501378,41.88613598705071]]],"crs":null},"type":"Feature","properties":{"name":"16083050100000","pin":"16083050100000","units":2,"yearBuilt":1903,"address":"120 S HUMPHREY AVE","url":"https://www.cookcountyassessor.com/pin/16083050100000"}},{"geometry":{"type":"Polygon","coordinates":[[[-87.80490619766124,41.90501416648751],[-87.80491007816055,41.90512280135037],[-87.80546103056561,41.90511441333352],[-87.8054570772742,41.905005723232726],[-87.80490619766124,41.90501416648751]]],"crs":null},"type":"Feature","properties":{"name":"16061130320000","pin":"16061130320000","units":3,"yearBuilt":1955,"address":"1345 N HARLEM AVE","url":"https://www.cookcountyassessor.com/pin/16061130320000"}},{"geometry":{"type":"Polygon","coordinates":[[[-87.77562609179756,41.90614078830946],[-87.77562882819036,41.90622312862046],[-87.77613055047213,41.9062167283334],[-87.77612781223732,41.906134387124226],[-87.77562609179756,41.90614078830946]]],"crs":null},"type":"Feature","properties":{"name":"16051130260000","pin":"16051130260000","units":2,"yearBuilt":1922,"address":"1406 N AUSTIN BLVD 1","url":"https://www.cookcountyassessor.com/pin/16051130260000"}},{"geometry":{"type":"Polygon","coordinates":[[[-87.77589462159042,41.870065163875616],[-87.77611585249608,41.87008385541854],[-87.77611069204768,41.86994239159971],[-87.77585196359291,41.869946294959576],[-87.77564934291978,41.86994931776358],[-87.77565291947553,41.87004477979241],[-87.77589462159042,41.870065163875616]]],"crs":null},"type":"Feature","properties":{"name":"16173140200000","pin":"16173140200000","units":2,"yearBuilt":1930,"address":"1019 S HUMPHREY AVE","url":"https://www.cookcountyassessor.com/pin/16173140200000"}},{"geometry":{"type":"Polygon","coordinates":[[[-87.77557062635442,41.90446878314733],[-87.77557358551405,41.904559302349035],[-87.77603356670117,41.90455247913279],[-87.77603053337701,41.9044619595821],[-87.77557062635442,41.90446878314733]]],"crs":null},"type":"Feature","properties":{"name":"16051200310000","pin":"16051200310000","units":3,"yearBuilt":1952,"address":"1316 N AUSTIN BLVD 2","url":"https://www.cookcountyassessor.com/pin/16051200310000"}},{"geometry":{"type":"Polygon","coordinates":[[[-87.77729458710793,41.872978336927765],[-87.77729747425104,41.873068856230994],[-87.77744436135633,41.87306660337518],[-87.77744367103443,41.873044646034884],[-87.7774401409107,41.87293502371505],[-87.77743668310866,41.872825675447814],[-87.77728979798289,41.8728277635411],[-87.77729327964447,41.87293724878028],[-87.77729458710793,41.872978336927765]]],"crs":null},"type":"Feature","properties":{"name":"16171290360000","pin":"16171290360000","units":4,"yearBuilt":1911,"address":"108 W HARRISON ST","url":"https://www.cookcountyassessor.com/pin/16171290360000"}},{"geometry":{"type":"Polygon","coordinates":[[[-87.77562882819036,41.90622312862046],[-87.77563156506703,41.90630541401189],[-87.77613328799302,41.90629901371689],[-87.77613055047213,41.9062167283334],[-87.77562882819036,41.90622312862046]]],"crs":null},"type":"Feature","properties":{"name":"16051130250000","pin":"16051130250000","units":2,"yearBuilt":1921,"address":"1410 N AUSTIN BLVD","url":"https://www.cookcountyassessor.com/pin/16051130250000"}},{"geometry":{"type":"Polygon","coordinates":[[[-87.80317268561377,41.89168830266204],[-87.8031755304778,41.89177064306409],[-87.80329682410314,41.891768348880035],[-87.80329100885498,41.89160103219996],[-87.80316971600027,41.89160327146101],[-87.80317268561377,41.89168830266204]]],"crs":null},"type":"Feature","properties":{"name":"16071100060000","pin":"16071100060000","units":2,"yearBuilt":1870,"address":"1109 ERIE ST","url":"https://www.cookcountyassessor.com/pin/16071100060000"}},{"geometry":{"type":"Polygon","coordinates":[[[-87.7932818790321,41.86838845823016],[-87.79328305980343,41.86842276694355],[-87.79374308331674,41.86841483093511],[-87.79374190351155,41.86838052133033],[-87.79373961569654,41.86831195917918],[-87.79327951943938,41.868319895733016],[-87.7932818790321,41.86838845823016]]],"crs":null},"type":"Feature","properties":{"name":"16184140040000","pin":"16184140040000","units":2,"yearBuilt":1911,"address":"1110 S OAK PARK AVE","url":"https://www.cookcountyassessor.com/pin/16184140040000"}},{"geometry":{"type":"Polygon","coordinates":[[[-87.78891352357496,41.89197630931826],[-87.78891749709913,41.892113869752144],[-87.7895602534243,41.89210302914395],[-87.78955627898695,41.89196541380523],[-87.78891352357496,41.89197630931826]]],"crs":null},"type":"Feature","properties":{"name":"16072090060000","pin":"16072090060000","units":2,"yearBuilt":1916,"address":"308 N EAST AVE","url":"https://www.cookcountyassessor.com/pin/16072090060000"}},{"geometry":{"type":"Polygon","coordinates":[[[-87.79955551876226,41.88654528921924],[-87.79955766447874,41.88660523410587],[-87.79999650021844,41.8865994237953],[-87.7999943540843,41.88653947981473],[-87.79955551876226,41.88654528921924]]],"crs":null},"type":"Feature","properties":{"name":"16073030030000","pin":"16073030030000","units":2,"yearBuilt":1889,"address":"104 HOME AVE","url":"https://www.cookcountyassessor.com/pin/16073030030000"}},{"geometry":{"type":"Polygon","coordinates":[[[-87.79540537790045,41.89108406641498],[-87.7954102292946,41.891258678042576],[-87.79596617331383,41.891245474454834],[-87.79596131920103,41.89107086283583],[-87.79540537790045,41.89108406641498]]],"crs":null},"type":"Feature","properties":{"name":"16071170010000","pin":"16071170010000","units":2,"yearBuilt":1882,"address":"226 N GROVE AVE","url":"https://www.cookcountyassessor.com/pin/16071170010000"}},{"geometry":{"type":"Polygon","coordinates":[[[-87.77910876337619,41.89061436480702],[-87.77910962580441,41.890642140910316],[-87.77973706942872,41.89063369608329],[-87.77973620792582,41.89060592088915],[-87.77973381783703,41.89052533778375],[-87.77910637147524,41.89053422194799],[-87.77910876337619,41.89061436480702]]],"crs":null},"type":"Feature","properties":{"name":"16081150100000","pin":"16081150100000","units":2,"yearBuilt":1914,"address":"200 N LOMBARD AVE","url":"https://www.cookcountyassessor.com/pin/16081150100000"}},{"geometry":{"type":"Polygon","coordinates":[[[-87.77545171179457,41.90081902294854],[-87.77545447354917,41.900906851935304],[-87.77591545359675,41.90090036443398],[-87.77591261770765,41.90081253419727],[-87.77545171179457,41.90081902294854]]],"crs":null},"type":"Feature","properties":{"name":"16053070280000","pin":"16053070280000","units":2,"yearBuilt":1916,"address":"1118 N AUSTIN BLVD","url":"https://www.cookcountyassessor.com/pin/16053070280000"}},{"geometry":{"type":"Polygon","coordinates":[[[-87.80493649753025,41.89748086435012],[-87.80494763398576,41.89776955503392],[-87.80502162189997,41.89776819380372],[-87.80509994479124,41.897766798446085],[-87.80508887543364,41.89747865639256],[-87.80501055635524,41.89747977805694],[-87.80493649753025,41.89748086435012]]],"crs":null},"type":"Feature","properties":{"name":"16063140230000","pin":"16063140230000","units":4,"yearBuilt":1965,"address":"1135 AUGUSTA ST","url":"https://www.cookcountyassessor.com/pin/16063140230000"}},{"geometry":{"type":"Polygon","coordinates":[[[-87.7964828386463,41.886194137186884],[-87.79648684059076,41.88633021568393],[-87.79700405316532,41.886323357029795],[-87.79699990313502,41.88618727785772],[-87.7964828386463,41.886194137186884]]],"crs":null},"type":"Feature","properties":{"name":"16073050040000","pin":"16073050040000","units":2,"yearBuilt":1880,"address":"114 S KENILWORTH AVE","url":"https://www.cookcountyassessor.com/pin/16073050040000"}},{"geometry":{"type":"Polygon","coordinates":[[[-87.7775424295808,41.87229989446619],[-87.77755414496797,41.87264287258825],[-87.77773554685467,41.87264034791582],[-87.77772383050564,41.872297368905954],[-87.77763313064689,41.87229863172481],[-87.7775424295808,41.87229989446619]]],"crs":null},"type":"Feature","properties":{"name":"16173050030000","pin":"16173050030000","units":6,"yearBuilt":1921,"address":"117 HARRISON ST","url":"https://www.cookcountyassessor.com/pin/16173050030000"}},{"geometry":{"type":"Polygon","coordinates":[[[-87.80322593257868,41.89277307508783],[-87.80323262879716,41.892976070045584],[-87.80340704215288,41.89297275866387],[-87.8034003465872,41.89276976371858],[-87.80322593257868,41.89277307508783]]],"crs":null},"type":"Feature","properties":{"name":"16071070090000","pin":"16071070090000","units":2,"yearBuilt":1882,"address":"1111 SUPERIOR ST","url":"https://www.cookcountyassessor.com/pin/16071070090000"}},{"geometry":{"type":"Polygon","coordinates":[[[-87.77822817409786,41.88500031906817],[-87.77822874106617,41.88501958643922],[-87.77885980504608,41.88501094504829],[-87.77885923668337,41.88499167767338],[-87.77885580308437,41.88487920109964],[-87.77822481388547,41.884887843732166],[-87.77822817409786,41.88500031906817]]],"crs":null},"type":"Feature","properties":{"name":"16083090090000","pin":"16083090090000","units":2,"yearBuilt":1915,"address":"209 S TAYLOR AVE","url":"https://www.cookcountyassessor.com/pin/16083090090000"}},{"geometry":{"type":"Polygon","coordinates":[[[-87.77431389638384,41.86649016451223],[-87.77431652906048,41.866558784547166],[-87.77463531405833,41.86655413329956],[-87.7747685991797,41.86655220212309],[-87.77476603900513,41.866483638271895],[-87.77461079552451,41.86648590199104],[-87.77431389638384,41.86649016451223]]],"crs":null},"type":"Feature","properties":{"name":"16173310190000","pin":"16173310190000","units":2,"yearBuilt":1900,"address":"1106 S AUSTIN BLVD","url":"https://www.cookcountyassessor.com/pin/16173310190000"}},{"geometry":{"type":"Polygon","coordinates":[[[-87.8048751456211,41.90414684313288],[-87.80488027401327,41.904291213749694],[-87.80543043636945,41.90427969445332],[-87.80542515820673,41.904135651794945],[-87.8048751456211,41.90414684313288]]],"crs":null},"type":"Feature","properties":{"name":"16061130070000","pin":"16061130070000","units":6,"yearBuilt":1953,"address":"1321 N HARLEM AVE","url":"https://www.cookcountyassessor.com/pin/16061130070000"}},{"geometry":{"type":"Polygon","coordinates":[[[-87.77563994851083,41.906557760386164],[-87.77564360757577,41.90666924915118],[-87.77614525863557,41.90666284755828],[-87.77614152638581,41.906551358452994],[-87.77563994851083,41.906557760386164]]],"crs":null},"type":"Feature","properties":{"name":"16051130220000","pin":"16051130220000","units":2,"yearBuilt":1924,"address":"1420 N AUSTIN BLVD 1","url":"https://www.cookcountyassessor.com/pin/16051130220000"}},{"geometry":{"type":"Polygon","coordinates":[[[-87.80299453950212,41.888262547649425],[-87.80300409694371,41.88853685230964],[-87.80310004215755,41.888534770787814],[-87.80309048430566,41.8882604661331],[-87.80299453950212,41.888262547649425]]],"crs":null},"type":"Feature","properties":{"name":"16071240130000","pin":"16071240130000","units":2,"yearBuilt":1903,"address":"1111 LAKE ST","url":"https://www.cookcountyassessor.com/pin/16071240130000"}},{"geometry":{"type":"Polygon","coordinates":[[[-87.77557661771776,41.90464987682477],[-87.77557965040661,41.90474039638066],[-87.77603963288561,41.90473357404849],[-87.77603659954708,41.90464305450071],[-87.77557661771776,41.90464987682477]]],"crs":null},"type":"Feature","properties":{"name":"16051200290000","pin":"16051200290000","units":5,"yearBuilt":1951,"address":"1322 N AUSTIN BLVD","url":"https://www.cookcountyassessor.com/pin/16051200290000"}},{"geometry":{"type":"Polygon","coordinates":[[[-87.77897351822732,41.886283453802235],[-87.77897683050352,41.88639312969494],[-87.7796074714673,41.88638382312061],[-87.7796040862976,41.88627409197226],[-87.77897351822732,41.886283453802235]]],"crs":null},"type":"Feature","properties":{"name":"16083030050000","pin":"16083030050000","units":2,"yearBuilt":1910,"address":"118 S LOMBARD AVE","url":"https://www.cookcountyassessor.com/pin/16083030050000"}},{"geometry":{"type":"Polygon","coordinates":[[[-87.79868397534058,41.88459753700225],[-87.79868863416785,41.88473471694211],[-87.7993099234572,41.88472613643591],[-87.79930526329356,41.88458895741365],[-87.79868397534058,41.88459753700225]]],"crs":null},"type":"Feature","properties":{"name":"16073100170000","pin":"16073100170000","units":2,"yearBuilt":1867,"address":"221 CLINTON AVE","url":"https://www.cookcountyassessor.com/pin/16073100170000"}},{"geometry":{"type":"Polygon","coordinates":[[[-87.80238093151111,41.89083436620468],[-87.80238402965216,41.89093037500096],[-87.80263116877875,41.890925754287494],[-87.80262807071483,41.8908296914772],[-87.80238093151111,41.89083436620468]]],"crs":null},"type":"Feature","properties":{"name":"16071130040000","pin":"16071130040000","units":2,"yearBuilt":1913,"address":"206 N MARION ST","url":"https://www.cookcountyassessor.com/pin/16071130040000"}},{"geometry":{"type":"Polygon","coordinates":[[[-87.79330805562921,41.86911712729413],[-87.79331065050762,41.869192661361076],[-87.79376965256839,41.869184664629344],[-87.79376698367516,41.86910913022433],[-87.79376627458986,41.86908859991971],[-87.79330734669074,41.869096596987596],[-87.79330805562921,41.86911712729413]]],"crs":null},"type":"Feature","properties":{"name":"16184070130000","pin":"16184070130000","units":2,"yearBuilt":1923,"address":"1040 S OAK PARK AVE","url":"https://www.cookcountyassessor.com/pin/16184070130000"}},{"geometry":{"type":"Polygon","coordinates":[[[-87.77598703063325,41.89026067117585],[-87.77599141638836,41.890398343907265],[-87.7764797996413,41.89039116321808],[-87.7764754128376,41.89025349049881],[-87.77598703063325,41.89026067117585]]],"crs":null},"type":"Feature","properties":{"name":"16081230010000","pin":"16081230010000","units":3,"yearBuilt":1891,"address":"176 N HUMPHREY AVE","url":"https://www.cookcountyassessor.com/pin/16081230010000"}},{"geometry":{"type":"Polygon","coordinates":[[[-87.7932631466748,41.867839848165374],[-87.79326543276458,41.86790841032288],[-87.79372545426489,41.86790041854916],[-87.7937230930061,41.86783185604696],[-87.79372198668453,41.867797547684155],[-87.79326196712603,41.86780553945411],[-87.7932631466748,41.867839848165374]]],"crs":null},"type":"Feature","properties":{"name":"16184140090000","pin":"16184140090000","units":2,"yearBuilt":1915,"address":"1124 S OAK PARK AVE","url":"https://www.cookcountyassessor.com/pin/16184140090000"}},{"geometry":{"type":"Polygon","coordinates":[[[-87.7755065695485,41.86613449024141],[-87.77550913050462,41.866203054084984],[-87.77597353489469,41.866196417880005],[-87.7759698014893,41.866093599213286],[-87.7755053243645,41.866100235951244],[-87.7755065695485,41.86613449024141]]],"crs":null},"type":"Feature","properties":{"name":"16173300260000","pin":"16173300260000","units":2,"yearBuilt":1913,"address":"1179 S HUMPHREY AVE","url":"https://www.cookcountyassessor.com/pin/16173300260000"}},{"geometry":{"type":"Polygon","coordinates":[[[-87.79133143499766,41.88657471685988],[-87.79133431148378,41.88667758466949],[-87.79170778329758,41.88667111397829],[-87.7917049062124,41.88656824617436],[-87.79133143499766,41.88657471685988]]],"crs":null},"type":"Feature","properties":{"name":"16074010080000","pin":"16074010080000","units":2,"yearBuilt":1923,"address":"103 WESLEY AVE","url":"https://www.cookcountyassessor.com/pin/16074010080000"}},{"geometry":{"type":"Polygon","coordinates":[[[-87.77559035552417,41.905063554995166],[-87.7755918095854,41.9051075256315],[-87.77605194221599,41.90510064816186],[-87.77604809561196,41.904985426561716],[-87.77558796429443,41.904992248202426],[-87.77559035552417,41.905063554995166]]],"crs":null},"type":"Feature","properties":{"name":"16051200260000","pin":"16051200260000","units":2,"yearBuilt":1922,"address":"1332 N AUSTIN BLVD 2","url":"https://www.cookcountyassessor.com/pin/16051200260000"}},{"geometry":{"type":"Polygon","coordinates":[[[-87.78398472772548,41.890544379422956],[-87.78398635154029,41.8906034982328],[-87.78461555886868,41.8905949811642],[-87.78461386990497,41.890534818555],[-87.78461173761634,41.89045774990859],[-87.78398253236128,41.89046632278915],[-87.78398472772548,41.890544379422956]]],"crs":null},"type":"Feature","properties":{"name":"16081120090000","pin":"16081120090000","units":2,"yearBuilt":1914,"address":"202 N RIDGELAND AVE","url":"https://www.cookcountyassessor.com/pin/16081120090000"}},{"geometry":{"type":"Polygon","coordinates":[[[-87.7933057687221,41.86904851022685],[-87.79330734669074,41.869096596987596],[-87.79376627458986,41.86908859991971],[-87.79376297009436,41.86899253555364],[-87.79330411635662,41.86900053295797],[-87.7933057687221,41.86904851022685]]],"crs":null},"type":"Feature","properties":{"name":"16184070140000","pin":"16184070140000","units":2,"yearBuilt":1923,"address":"1042 S OAK PARK AVE","url":"https://www.cookcountyassessor.com/pin/16184070140000"}},{"geometry":{"type":"Polygon","coordinates":[[[-87.79926774430973,41.88255007828581],[-87.79927269870834,41.88268720380515],[-87.79985816157212,41.88267439314451],[-87.79985320713439,41.88253726674818],[-87.79926774430973,41.88255007828581]]],"crs":null},"type":"Feature","properties":{"name":"16073170050000","pin":"16073170050000","units":3,"yearBuilt":1914,"address":"316 HOME AVE 1","url":"https://www.cookcountyassessor.com/pin/16073170050000"}},{"geometry":{"type":"Polygon","coordinates":[[[-87.80250310452055,41.88758486263058],[-87.80250512703611,41.8876333905411],[-87.80294560579425,41.887625106924],[-87.80294358294542,41.88757657901926],[-87.80294351489334,41.887575920554525],[-87.80294308758947,41.88756538007083],[-87.80250260924147,41.88757366368073],[-87.80250310452055,41.88758486263058]]],"crs":null},"type":"Feature","properties":{"name":"16071250170000","pin":"16071250170000","units":2,"yearBuilt":1902,"address":"111 N MARION ST","url":"https://www.cookcountyassessor.com/pin/16071250170000"}},{"geometry":{"type":"Polygon","coordinates":[[[-87.79330340909456,41.868979946837435],[-87.79330411635662,41.86900053295797],[-87.79376297009436,41.86899253555364],[-87.79376218920315,41.86897194999015],[-87.79375982833953,41.86890333258211],[-87.79330104992596,41.868911329428634],[-87.79330340909456,41.868979946837435]]],"crs":null},"type":"Feature","properties":{"name":"16184070150000","pin":"16184070150000","units":2,"yearBuilt":1922,"address":"1046 S OAK PARK AVE","url":"https://www.cookcountyassessor.com/pin/16184070150000"}},{"geometry":{"type":"Polygon","coordinates":[[[-87.7747338531269,41.87791445847251],[-87.77473676249572,41.8779937271728],[-87.77519752347105,41.8779850453261],[-87.77519461473763,41.87790577663972],[-87.7747338531269,41.87791445847251]]],"crs":null},"type":"Feature","properties":{"name":"16171150190000","pin":"16171150190000","units":4,"yearBuilt":1911,"address":"132 S AUSTIN BLVD","url":"https://www.cookcountyassessor.com/pin/16171150190000"}},{"geometry":{"type":"Polygon","coordinates":[[[-87.77997101749308,41.8886680213556],[-87.77997393500655,41.8887640298828],[-87.78054472621294,41.88875591174824],[-87.78056669064416,41.88875563302863],[-87.78056377344029,41.88865962541712],[-87.78054188086818,41.888659958502636],[-87.780351545205,41.88866261019144],[-87.77997101749308,41.8886680213556]]],"crs":null},"type":"Feature","properties":{"name":"16081200310000","pin":"16081200310000","units":2,"yearBuilt":1932,"address":"133 N LOMBARD AVE","url":"https://www.cookcountyassessor.com/pin/16081200310000"}},{"geometry":{"type":"Polygon","coordinates":[[[-87.77913358328466,41.89143957030123],[-87.77913524770663,41.89149347548299],[-87.77976269966203,41.89148503056732],[-87.77976103471254,41.891431125391385],[-87.77975852246405,41.891347798368116],[-87.7791310718594,41.891356242368964],[-87.77913358328466,41.89143957030123]]],"crs":null},"type":"Feature","properties":{"name":"16081150030000","pin":"16081150030000","units":2,"yearBuilt":1914,"address":"226 N LOMBARD AVE","url":"https://www.cookcountyassessor.com/pin/16081150030000"}},{"geometry":{"type":"Polygon","coordinates":[[[-87.8028369860915,41.89160952914305],[-87.80283973476965,41.89169455843113],[-87.80317268561377,41.89168830266204],[-87.80316971600027,41.89160327146101],[-87.8028369860915,41.89160952914305]]],"crs":null},"type":"Feature","properties":{"name":"16071100080000","pin":"16071100080000","units":2,"yearBuilt":1910,"address":"227 N MARION ST","url":"https://www.cookcountyassessor.com/pin/16071100080000"}},{"geometry":{"type":"Polygon","coordinates":[[[-87.78051592164783,41.8833046504885],[-87.78053767447177,41.883320178073575],[-87.78114516912937,41.88330866639972],[-87.78114279329883,41.88322638164052],[-87.7805139226448,41.88323828559377],[-87.78051592164783,41.8833046504885]]],"crs":null},"type":"Feature","properties":{"name":"16083140110000","pin":"16083140110000","units":2,"yearBuilt":1917,"address":"312 S HARVEY AVE","url":"https://www.cookcountyassessor.com/pin/16083140110000"}},{"geometry":{"type":"Polygon","coordinates":[[[-87.77469693009938,41.87690905951603],[-87.77470198292087,41.877045692356816],[-87.77516281177607,41.8770370109699],[-87.77515884354972,41.876927496372765],[-87.77515783145648,41.87690037850037],[-87.77469693009938,41.87690905951603]]],"crs":null},"type":"Feature","properties":{"name":"16171150280000","pin":"16171150280000","units":3,"yearBuilt":1930,"address":"220 S AUSTIN BLVD","url":"https://www.cookcountyassessor.com/pin/16171150280000"}},{"geometry":{"type":"Polygon","coordinates":[[[-87.77563703883015,41.9064699856915],[-87.77563994851083,41.906557760386164],[-87.77614152638581,41.906551358452994],[-87.77613868953529,41.90646358412349],[-87.77563703883015,41.9064699856915]]],"crs":null},"type":"Feature","properties":{"name":"16051130230000","pin":"16051130230000","units":2,"yearBuilt":1923,"address":"1416 N AUSTIN BLVD","url":"https://www.cookcountyassessor.com/pin/16051130230000"}},{"geometry":{"type":"Polygon","coordinates":[[[-87.77729408931872,41.884675821092664],[-87.7772975209074,41.884788351724545],[-87.77792762681361,41.88477976483527],[-87.77792419411928,41.88466723421534],[-87.77729408931872,41.884675821092664]]],"crs":null},"type":"Feature","properties":{"name":"16083100050000","pin":"16083100050000","units":2,"yearBuilt":1913,"address":"214 S TAYLOR AVE","url":"https://www.cookcountyassessor.com/pin/16083100050000"}},{"geometry":{"type":"Polygon","coordinates":[[[-87.79799160451331,41.88551950839928],[-87.79799618796106,41.88565674201285],[-87.7984768895993,41.88565009095894],[-87.79847230512293,41.88551285735841],[-87.79799160451331,41.88551950839928]]],"crs":null},"type":"Feature","properties":{"name":"16073040170000","pin":"16073040170000","units":2,"yearBuilt":1891,"address":"138 CLINTON AVE","url":"https://www.cookcountyassessor.com/pin/16073040170000"}},{"geometry":{"type":"Polygon","coordinates":[[[-87.77857330485088,41.868900298533354],[-87.77857578951618,41.86896957588496],[-87.77902545412756,41.86896296510662],[-87.77902296754573,41.86889385341833],[-87.77857330485088,41.868900298533354]]],"crs":null},"type":"Feature","properties":{"name":"16173200010000","pin":"16173200010000","units":2,"yearBuilt":1903,"address":"1100 S LOMBARD AVE","url":"https://www.cookcountyassessor.com/pin/16173200010000"}},{"geometry":{"type":"Polygon","coordinates":[[[-87.7932677935362,41.867976972830725],[-87.79326897309028,41.86801128154096],[-87.79372899411591,41.86800329065216],[-87.79372545426489,41.86790041854916],[-87.79326543276458,41.86790841032288],[-87.7932677935362,41.867976972830725]]],"crs":null},"type":"Feature","properties":{"name":"16184140080000","pin":"16184140080000","units":2,"yearBuilt":1910,"address":"1122 S OAK PARK AVE","url":"https://www.cookcountyassessor.com/pin/16184140080000"}},{"geometry":{"type":"Polygon","coordinates":[[[-87.79399112362725,41.868580925821284],[-87.79399266415017,41.868624786179886],[-87.79449704767013,41.868615957045044],[-87.79449558027645,41.86857209703583],[-87.79449391550735,41.86852549184732],[-87.79398953316003,41.86853426605383],[-87.79399112362725,41.868580925821284]]],"crs":null},"type":"Feature","properties":{"name":"16183220210000","pin":"16183220210000","units":2,"yearBuilt":1915,"address":"1105 S OAK PARK AVE","url":"https://www.cookcountyassessor.com/pin/16183220210000"}},{"geometry":{"type":"Polygon","coordinates":[[[-87.77471598330038,41.87742825529206],[-87.7747200245063,41.87753760548624],[-87.77518085689464,41.87752892404909],[-87.77517681370651,41.877419572960044],[-87.77471598330038,41.87742825529206]]],"crs":null},"type":"Feature","properties":{"name":"16171150240000","pin":"16171150240000","units":3,"yearBuilt":1921,"address":"204 S AUSTIN BLVD 2","url":"https://www.cookcountyassessor.com/pin/16171150240000"}},{"geometry":{"type":"Polygon","coordinates":[[[-87.79780388099783,41.88312603098264],[-87.79780889178201,41.88329109355956],[-87.79839707925514,41.88327819231927],[-87.79839155206473,41.88311318228135],[-87.79780388099783,41.88312603098264]]],"crs":null},"type":"Feature","properties":{"name":"16073180010000","pin":"16073180010000","units":2,"yearBuilt":1892,"address":"300 CLINTON AVE","url":"https://www.cookcountyassessor.com/pin/16073180010000"}},{"geometry":{"type":"Polygon","coordinates":[[[-87.79724045952338,41.88612451455275],[-87.79724408976114,41.886243851219604],[-87.79786869511155,41.886235569515144],[-87.79786469745336,41.88611623025298],[-87.79786446580039,41.88610876533147],[-87.79786440972529,41.88610667897585],[-87.79776524310483,41.88610797311229],[-87.79776530622519,41.886110081109024],[-87.79776553081815,41.886117524389576],[-87.79724045952338,41.88612451455275]]],"crs":null},"type":"Feature","properties":{"name":"16073040280000","pin":"16073040280000","units":2,"yearBuilt":1883,"address":"119 S KENILWORTH AVE","url":"https://www.cookcountyassessor.com/pin/16073040280000"}},{"geometry":{"type":"Polygon","coordinates":[[[-87.80473459940018,41.89748377692207],[-87.80474573071699,41.89777312665022],[-87.80483771910453,41.89777146394817],[-87.80492963352037,41.897769856653156],[-87.80494763398576,41.89776955503392],[-87.80493649753025,41.89748086435012],[-87.80491856990821,41.89748111048179],[-87.80482658465574,41.897482443738795],[-87.80473459940018,41.89748377692207]]],"crs":null},"type":"Feature","properties":{"name":"16063140030000","pin":"16063140030000","units":2,"yearBuilt":1918,"address":"1129 AUGUSTA ST","url":"https://www.cookcountyassessor.com/pin/16063140030000"}},{"geometry":{"type":"Polygon","coordinates":[[[-87.79133431148378,41.88667758466949],[-87.79133711448259,41.88678045213039],[-87.79171066039024,41.88677398178033],[-87.79170778329758,41.88667111397829],[-87.79133431148378,41.88667758466949]]],"crs":null},"type":"Feature","properties":{"name":"16074010070000","pin":"16074010070000","units":2,"yearBuilt":1925,"address":"101 WESLEY AVE","url":"https://www.cookcountyassessor.com/pin/16074010070000"}},{"geometry":{"type":"Polygon","coordinates":[[[-87.80409161564599,41.88260171912139],[-87.80409381273638,41.882664846919546],[-87.80471693312778,41.88265421529661],[-87.80471466313877,41.882591087174006],[-87.80409161564599,41.88260171912139]]],"crs":null},"type":"Feature","properties":{"name":"16073140140000","pin":"16073140140000","units":2,"yearBuilt":1903,"address":"315 S MAPLE AVE","url":"https://www.cookcountyassessor.com/pin/16073140140000"}},{"geometry":{"type":"Polygon","coordinates":[[[-87.77736095397003,41.872302418477936],[-87.77737266790336,41.87264545243151],[-87.7774634434142,41.87264413526421],[-87.77755414496797,41.87264287258825],[-87.7775424295808,41.87229989446619],[-87.77745172851972,41.87230115623557],[-87.77736095397003,41.872302418477936]]],"crs":null},"type":"Feature","properties":{"name":"16173050040000","pin":"16173050040000","units":6,"yearBuilt":1921,"address":"111 HARRISON ST","url":"https://www.cookcountyassessor.com/pin/16173050040000"}},{"geometry":{"type":"Polygon","coordinates":[[[-87.79928763382657,41.883098637398575],[-87.79928977601695,41.88315896585538],[-87.79987524319348,41.88314615423341],[-87.79987173048293,41.88304745489398],[-87.7992862642146,41.88306026560321],[-87.79928763382657,41.883098637398575]]],"crs":null},"type":"Feature","properties":{"name":"16073170250000","pin":"16073170250000","units":2,"yearBuilt":1913,"address":"304 HOME AVE","url":"https://www.cookcountyassessor.com/pin/16073170250000"}},{"geometry":{"type":"Polygon","coordinates":[[[-87.80206539508671,41.8694455149108],[-87.80207042776537,41.86958269590966],[-87.80269481913462,41.86957186128453],[-87.80268993207139,41.869434680984035],[-87.80206539508671,41.8694455149108]]],"crs":null},"type":"Feature","properties":{"name":"16183090210000","pin":"16183090210000","units":3,"yearBuilt":1910,"address":"1025 WISCONSIN AVE","url":"https://www.cookcountyassessor.com/pin/16183090210000"}},{"geometry":{"type":"Polygon","coordinates":[[[-87.79716235739627,41.88355372037491],[-87.79716449033099,41.883623708602514],[-87.79775662202789,41.8836136831496],[-87.79775448965184,41.88354369493473],[-87.79716235739627,41.88355372037491]]],"crs":null},"type":"Feature","properties":{"name":"16073110340000","pin":"16073110340000","units":3,"yearBuilt":1893,"address":"247 S KENILWORTH AVE","url":"https://www.cookcountyassessor.com/pin/16073110340000"}},{"geometry":{"type":"Polygon","coordinates":[[[-87.78231120056628,41.88184603719686],[-87.78232162811642,41.88221370723142],[-87.7824079376017,41.88221225580408],[-87.78247221047381,41.88221119199841],[-87.78246178206052,41.881843521972215],[-87.78239750955683,41.881844585774274],[-87.78231120056628,41.88184603719686]]],"crs":null},"type":"Feature","properties":{"name":"16083130280000","pin":"16083130280000","units":3,"yearBuilt":1916,"address":"258 WASHINGTON BLVD","url":"https://www.cookcountyassessor.com/pin/16083130280000"}},{"geometry":{"type":"Polygon","coordinates":[[[-87.79927269870834,41.88268720380515],[-87.79927772615059,41.882824385481996],[-87.79986319027375,41.882811573903],[-87.79985816157212,41.88267439314451],[-87.79927269870834,41.88268720380515]]],"crs":null},"type":"Feature","properties":{"name":"16073170040000","pin":"16073170040000","units":2,"yearBuilt":1896,"address":"312 HOME AVE","url":"https://www.cookcountyassessor.com/pin/16073170040000"}},{"geometry":{"type":"Polygon","coordinates":[[[-87.78063587668673,41.87185592860289],[-87.78064820933467,41.87220593571553],[-87.78077695312827,41.87220408556854],[-87.78076462072407,41.87185396862788],[-87.78067267146186,41.871855337678994],[-87.78063587668673,41.87185592860289]]],"crs":null},"type":"Feature","properties":{"name":"16173020230000","pin":"16173020230000","units":2,"yearBuilt":1923,"address":"230 FLOURNOY ST 1","url":"https://www.cookcountyassessor.com/pin/16173020230000"}},{"geometry":{"type":"Polygon","coordinates":[[[-87.79590963706832,41.88625616559211],[-87.79591203698473,41.88633784600781],[-87.7964281484528,41.88633098389451],[-87.7964257478715,41.88624930438593],[-87.79590963706832,41.88625616559211]]],"crs":null},"type":"Feature","properties":{"name":"16073050140000","pin":"16073050140000","units":2,"yearBuilt":1923,"address":"113 S GROVE AVE 2","url":"https://www.cookcountyassessor.com/pin/16073050140000"}},{"geometry":{"type":"Polygon","coordinates":[[[-87.7820705628406,41.88185004220264],[-87.78208099021609,41.882217712256306],[-87.78218206381595,41.88221605636251],[-87.78217163586109,41.88184838631443],[-87.7820705628406,41.88185004220264]]],"crs":null},"type":"Feature","properties":{"name":"16083130300000","pin":"16083130300000","units":2,"yearBuilt":1910,"address":"252 WASHINGTON BLVD","url":"https://www.cookcountyassessor.com/pin/16083130300000"}},{"geometry":{"type":"Polygon","coordinates":[[[-87.79723436750093,41.8876000144157],[-87.79723592336147,41.887668572856356],[-87.79753945746988,41.88766439109954],[-87.79753790007994,41.88759583265543],[-87.79723436750093,41.8876000144157]]],"crs":null},"type":"Feature","properties":{"name":"16071280240000","pin":"16071280240000","units":2,"yearBuilt":1908,"address":"109 N KENILWORTH AVE","url":"https://www.cookcountyassessor.com/pin/16071280240000"}},{"geometry":{"type":"Polygon","coordinates":[[[-87.79926664766701,41.88344030828726],[-87.79927130722525,41.88357754315667],[-87.79989012930876,41.88356395291897],[-87.79988532098031,41.88342677320307],[-87.79926664766701,41.88344030828726]]],"crs":null},"type":"Feature","properties":{"name":"16073100130000","pin":"16073100130000","units":2,"yearBuilt":1903,"address":"252 HOME AVE","url":"https://www.cookcountyassessor.com/pin/16073100130000"}},{"geometry":{"type":"Polygon","coordinates":[[[-87.79450158242112,41.883952794768454],[-87.79450549920335,41.8840897508172],[-87.79502470269584,41.884079836625055],[-87.79502071131337,41.883942880242834],[-87.79450158242112,41.883952794768454]]],"crs":null},"type":"Feature","properties":{"name":"16073130210000","pin":"16073130210000","units":2,"yearBuilt":1890,"address":"231 S OAK PARK AVE","url":"https://www.cookcountyassessor.com/pin/16073130210000"}},{"geometry":{"type":"Polygon","coordinates":[[[-87.7959044364036,41.88607924642092],[-87.7959068872651,41.8861636164013],[-87.79642299732343,41.88615675520307],[-87.79642054457808,41.886072385224],[-87.7959044364036,41.88607924642092]]],"crs":null},"type":"Feature","properties":{"name":"16073050160000","pin":"16073050160000","units":2,"yearBuilt":1921,"address":"117 S GROVE AVE 2","url":"https://www.cookcountyassessor.com/pin/16073050160000"}},{"geometry":{"type":"Polygon","coordinates":[[[-87.80466441360515,41.89909953973295],[-87.8046697527112,41.89924500896997],[-87.80530802318773,41.899234114574405],[-87.80530275734755,41.89908864570205],[-87.80466441360515,41.89909953973295]]],"crs":null},"type":"Feature","properties":{"name":"16063070290000","pin":"16063070290000","units":6,"yearBuilt":1966,"address":"1031 N HARLEM AVE","url":"https://www.cookcountyassessor.com/pin/16063070290000"}},{"geometry":{"type":"Polygon","coordinates":[[[-87.80488027401327,41.904291213749694],[-87.80488230179117,41.904348138976076],[-87.80543253755395,41.90433683879069],[-87.80543043636945,41.90427969445332],[-87.80488027401327,41.904291213749694]]],"crs":null},"type":"Feature","properties":{"name":"16061130270000","pin":"16061130270000","units":6,"yearBuilt":1953,"address":"1321 N HARLEM AVE","url":"https://www.cookcountyassessor.com/pin/16061130270000"}},{"geometry":{"type":"Polygon","coordinates":[[[-87.77854641686669,41.86814593689697],[-87.7785488341743,41.86821450085937],[-87.77899863901817,41.86820805561936],[-87.77899614774896,41.86813949220914],[-87.77854641686669,41.86814593689697]]],"crs":null},"type":"Feature","properties":{"name":"16173200110000","pin":"16173200110000","units":2,"yearBuilt":1915,"address":"1122 S LOMBARD AVE","url":"https://www.cookcountyassessor.com/pin/16173200110000"}},{"geometry":{"type":"Polygon","coordinates":[[[-87.7773239220804,41.88564858218758],[-87.77732745031292,41.885758314102986],[-87.77795751316043,41.88574731303593],[-87.77795398385774,41.885637580232896],[-87.7773239220804,41.88564858218758]]],"crs":null},"type":"Feature","properties":{"name":"16083040120000","pin":"16083040120000","units":2,"yearBuilt":1912,"address":"136 S TAYLOR AVE","url":"https://www.cookcountyassessor.com/pin/16083040120000"}},{"geometry":{"type":"Polygon","coordinates":[[[-87.77736347567762,41.886897846581405],[-87.77736606844002,41.886980131510754],[-87.77799625914281,41.886972587280844],[-87.77799366677661,41.886890302366574],[-87.77736347567762,41.886897846581405]]],"crs":null},"type":"Feature","properties":{"name":"16083040010000","pin":"16083040010000","units":6,"yearBuilt":1961,"address":"102 S TAYLOR AVE","url":"https://www.cookcountyassessor.com/pin/16083040010000"}},{"geometry":{"type":"Polygon","coordinates":[[[-87.79398883720711,41.86851230876266],[-87.79398953316003,41.86853426605383],[-87.79449391550735,41.86852549184732],[-87.79449078502533,41.86843497083459],[-87.79398647565871,41.86844374537106],[-87.79398883720711,41.86851230876266]]],"crs":null},"type":"Feature","properties":{"name":"16183220220000","pin":"16183220220000","units":2,"yearBuilt":1917,"address":"1107 S OAK PARK AVE","url":"https://www.cookcountyassessor.com/pin/16183220220000"}},{"geometry":{"type":"Polygon","coordinates":[[[-87.80165125486747,41.88581845421161],[-87.80166294913944,41.886153142372834],[-87.80179194105698,41.88615126985071],[-87.80178024611183,41.88581658169864],[-87.80165125486747,41.88581845421161]]],"crs":null},"type":"Feature","properties":{"name":"16073020110000","pin":"16073020110000","units":2,"yearBuilt":1903,"address":"1034 PLEASANT ST","url":"https://www.cookcountyassessor.com/pin/16073020110000"}},{"geometry":{"type":"Polygon","coordinates":[[[-87.77674272151224,41.889422895763225],[-87.77674710885252,41.889560568495284],[-87.77737594517917,41.88955137531433],[-87.77737148346735,41.889413647323536],[-87.77674272151224,41.889422895763225]]],"crs":null},"type":"Feature","properties":{"name":"16081220190000","pin":"16081220190000","units":2,"yearBuilt":1910,"address":"155 N HUMPHREY AVE 1","url":"https://www.cookcountyassessor.com/pin/16081220190000"}},{"geometry":{"type":"Polygon","coordinates":[[[-87.80041877949526,41.87922582328278],[-87.80033063713299,41.87922728064678],[-87.80034299057915,41.87957015019743],[-87.80051920033904,41.87956723593661],[-87.80050684715582,41.87922436640488],[-87.80041877949526,41.87922582328278]]],"crs":null},"type":"Feature","properties":{"name":"16181030050000","pin":"16181030050000","units":4,"yearBuilt":1913,"address":"1011 MADISON ST","url":"https://www.cookcountyassessor.com/pin/16181030050000"}},{"geometry":{"type":"Polygon","coordinates":[[[-87.77538917426472,41.89858463100729],[-87.77539039610714,41.898629916864586],[-87.77584474911492,41.89862350726758],[-87.77584337873806,41.89857821979326],[-87.77584205872304,41.89853573262185],[-87.77538800156688,41.898542144546866],[-87.77538917426472,41.89858463100729]]],"crs":null},"type":"Feature","properties":{"name":"16053140290000","pin":"16053140290000","units":2,"yearBuilt":1922,"address":"1002 N AUSTIN BLVD 1","url":"https://www.cookcountyassessor.com/pin/16053140290000"}},{"geometry":{"type":"Polygon","coordinates":[[[-87.7743243558326,41.866764531756736],[-87.77432830584685,41.866867350615834],[-87.77478030490839,41.86686087854527],[-87.77477906058033,41.866826569335096],[-87.77477642692304,41.86675800422964],[-87.77470871916606,41.866758993021186],[-87.7743243558326,41.866764531756736]]],"crs":null},"type":"Feature","properties":{"name":"16173310160000","pin":"16173310160000","units":2,"yearBuilt":1914,"address":"1032 S AUSTIN BLVD","url":"https://www.cookcountyassessor.com/pin/16173310160000"}},{"geometry":{"type":"Polygon","coordinates":[[[-87.77922458271739,41.86628591459968],[-87.77922692913461,41.86635425764399],[-87.77935881664064,41.86635258900157],[-87.77968545273855,41.866348455892926],[-87.77968310535917,41.8662801677738],[-87.7796806842562,41.86621176945628],[-87.77933319421183,41.866216185506666],[-87.77922216162891,41.86621757119432],[-87.77922458271739,41.86628591459968]]],"crs":null},"type":"Feature","properties":{"name":"16173270290000","pin":"16173270290000","units":2,"yearBuilt":1888,"address":"1173 S LOMBARD AVE","url":"https://www.cookcountyassessor.com/pin/16173270290000"}},{"geometry":{"type":"Polygon","coordinates":[[[-87.80308865073958,41.87970596685247],[-87.80310077539701,41.88005163420751],[-87.80319273701846,41.88005013832882],[-87.8031806118655,41.87970447098055],[-87.80308865073958,41.87970596685247]]],"crs":null},"type":"Feature","properties":{"name":"16073220210000","pin":"16073220210000","units":3,"yearBuilt":1911,"address":"1116 MADISON ST","url":"https://www.cookcountyassessor.com/pin/16073220210000"}},{"geometry":{"type":"Polygon","coordinates":[[[-87.80467534058045,41.895877516901486],[-87.80468832676242,41.89621791830257],[-87.8048351238266,41.896215080857296],[-87.80482220493724,41.89587533883133],[-87.80468217311811,41.89587738359313],[-87.80467534058045,41.895877516901486]]],"crs":null},"type":"Feature","properties":{"name":"16063160260000","pin":"16063160260000","units":2,"yearBuilt":1929,"address":"1129 SCHNEIDER AVE 1","url":"https://www.cookcountyassessor.com/pin/16063160260000"}},{"geometry":{"type":"Polygon","coordinates":[[[-87.79285389365143,41.88992971075839],[-87.79285957819857,41.8901354467643],[-87.79342782679477,41.89012533130883],[-87.79342280116005,41.88991954440593],[-87.79285389365143,41.88992971075839]]],"crs":null},"type":"Feature","properties":{"name":"16072180190000","pin":"16072180190000","units":2,"yearBuilt":1893,"address":"175 N EUCLID AVE","url":"https://www.cookcountyassessor.com/pin/16072180190000"}},{"geometry":{"type":"Polygon","coordinates":[[[-87.79643580437371,41.88460076965991],[-87.79643987045095,41.88473794691415],[-87.79695562678796,41.88472806280334],[-87.79695148611532,41.88459088521746],[-87.79643580437371,41.88460076965991]]],"crs":null},"type":"Feature","properties":{"name":"16073120030000","pin":"16073120030000","units":2,"yearBuilt":1888,"address":"210 S KENILWORTH AVE","url":"https://www.cookcountyassessor.com/pin/16073120030000"}},{"geometry":{"type":"Polygon","coordinates":[[[-87.7935445753585,41.88267002756466],[-87.79354841682952,41.882807094062244],[-87.79422574661677,41.88279606018601],[-87.7942217579153,41.88265899391834],[-87.7935445753585,41.88267002756466]]],"crs":null},"type":"Feature","properties":{"name":"16074120060000","pin":"16074120060000","units":4,"yearBuilt":1898,"address":"312 S OAK PARK AVE 2S","url":"https://www.cookcountyassessor.com/pin/16074120060000"}},{"geometry":{"type":"Polygon","coordinates":[[[-87.79651431162499,41.88741800028439],[-87.79651639887287,41.887510929890375],[-87.79701180353894,41.887504408637426],[-87.79700971558064,41.88741147813585],[-87.79651431162499,41.88741800028439]]],"crs":null},"type":"Feature","properties":{"name":"16071290090000","pin":"16071290090000","units":3,"yearBuilt":1906,"address":"104 N KENILWORTH AVE","url":"https://www.cookcountyassessor.com/pin/16071290090000"}},{"geometry":{"type":"Polygon","coordinates":[[[-87.80276084223033,41.86957068435048],[-87.80276412395504,41.86966224843225],[-87.80338844254509,41.8696514097005],[-87.80338523340481,41.8695598459703],[-87.80276084223033,41.86957068435048]]],"crs":null},"type":"Feature","properties":{"name":"16183090060000","pin":"16183090060000","units":2,"yearBuilt":1908,"address":"1022 S MAPLE AVE","url":"https://www.cookcountyassessor.com/pin/16183090060000"}},{"geometry":{"type":"Polygon","coordinates":[[[-87.7950706243618,41.88364020367872],[-87.79507541301498,41.88380477102264],[-87.7955945406472,41.88379485389524],[-87.79559054851941,41.88365784260022],[-87.79558967837565,41.8836302862264],[-87.7950706243618,41.88364020367872]]],"crs":null},"type":"Feature","properties":{"name":"16073130100000","pin":"16073130100000","units":2,"yearBuilt":1889,"address":"238 S GROVE AVE","url":"https://www.cookcountyassessor.com/pin/16073130100000"}},{"geometry":{"type":"Polygon","coordinates":[[[-87.80192429880783,41.86565531425036],[-87.80192651653644,41.86571564319201],[-87.80255432281308,41.86570460629687],[-87.80255150718546,41.86562780817502],[-87.80192370044809,41.86563884595398],[-87.80192429880783,41.86565531425036]]],"crs":null},"type":"Feature","properties":{"name":"16183230230000","pin":"16183230230000","units":2,"yearBuilt":1915,"address":"1181 WISCONSIN AVE","url":"https://www.cookcountyassessor.com/pin/16183230230000"}},{"geometry":{"type":"Polygon","coordinates":[[[-87.77473676249572,41.8779937271728],[-87.77473967067382,41.87807299496583],[-87.77520043221844,41.878064313111004],[-87.77519752347105,41.8779850453261],[-87.77473676249572,41.8779937271728]]],"crs":null},"type":"Feature","properties":{"name":"16171150180000","pin":"16171150180000","units":2,"yearBuilt":1911,"address":"130 S AUSTIN BLVD","url":"https://www.cookcountyassessor.com/pin/16171150180000"}},{"geometry":{"type":"Polygon","coordinates":[[[-87.78352519559397,41.88649320660537],[-87.78353679742895,41.886896227506554],[-87.78364286958087,41.88689492469332],[-87.78363127178709,41.88649135461244],[-87.78354444162785,41.88649285937954],[-87.78352519559397,41.88649320660537]]],"crs":null},"type":"Feature","properties":{"name":"16083000060000","pin":"16083000060000","units":2,"yearBuilt":1921,"address":"309 SOUTH BLVD","url":"https://www.cookcountyassessor.com/pin/16083000060000"}},{"geometry":{"type":"Polygon","coordinates":[[[-87.7748710846229,41.86771857118119],[-87.77487364494466,41.86778713501629],[-87.77507647827328,41.86778422444738],[-87.77532572441294,41.8677806053774],[-87.77532316408579,41.86771198663063],[-87.7748710846229,41.86771857118119]]],"crs":null},"type":"Feature","properties":{"name":"16173230160000","pin":"16173230160000","units":2,"yearBuilt":1913,"address":"1136 S HUMPHREY AVE","url":"https://www.cookcountyassessor.com/pin/16173230160000"}},{"geometry":{"type":"Polygon","coordinates":[[[-87.78091273237081,41.888319810231124],[-87.78092547444392,41.88875055376482],[-87.78101649199886,41.88874923498404],[-87.78100386132343,41.88832255343871],[-87.78091273237081,41.888319810231124]]],"crs":null},"type":"Feature","properties":{"name":"16081200260000","pin":"16081200260000","units":2,"yearBuilt":1900,"address":"224 LAKE ST","url":"https://www.cookcountyassessor.com/pin/16081200260000"}},{"geometry":{"type":"Polygon","coordinates":[[[-87.80414021640108,41.89479678257434],[-87.80415749221976,41.89524911450262],[-87.80428393094788,41.895247226539226],[-87.80426658435162,41.894794455836426],[-87.80414021640108,41.89479678257434]]],"crs":null},"type":"Feature","properties":{"name":"16063170280000","pin":"16063170280000","units":2,"yearBuilt":1952,"address":"1119 PAULINA ST","url":"https://www.cookcountyassessor.com/pin/16063170280000"}},{"geometry":{"type":"Polygon","coordinates":[[[-87.80275106858986,41.86929637867464],[-87.80275595502597,41.86943350405197],[-87.80338049181586,41.86942266636849],[-87.8033756775202,41.86928554134883],[-87.80275106858986,41.86929637867464]]],"crs":null},"type":"Feature","properties":{"name":"16183090080000","pin":"16183090080000","units":2,"yearBuilt":1908,"address":"1032 S MAPLE AVE","url":"https://www.cookcountyassessor.com/pin/16183090080000"}},{"geometry":{"type":"Polygon","coordinates":[[[-87.79392015103295,41.86648063097133],[-87.79392236552452,41.86654919279642],[-87.79442541144783,41.866540357671546],[-87.7944231224861,41.866471850427104],[-87.79442076173022,41.8664032870235],[-87.79391793775736,41.866412068250796],[-87.79392015103295,41.86648063097133]]],"crs":null},"type":"Feature","properties":{"name":"16183290430000","pin":"16183290430000","units":4,"yearBuilt":1951,"address":"1161 S OAK PARK AVE","url":"https://www.cookcountyassessor.com/pin/16183290430000"}},{"geometry":{"type":"Polygon","coordinates":[[[-87.79647883671576,41.886058058686565],[-87.7964828386463,41.886194137186884],[-87.79699990313502,41.88618727785772],[-87.79699582661333,41.886051199025616],[-87.79647883671576,41.886058058686565]]],"crs":null},"type":"Feature","properties":{"name":"16073050050000","pin":"16073050050000","units":4,"yearBuilt":1914,"address":"118 S KENILWORTH AVE","url":"https://www.cookcountyassessor.com/pin/16073050050000"}},{"geometry":{"type":"Polygon","coordinates":[[[-87.79722969586848,41.88739439309038],[-87.79723002212808,41.887408115833686],[-87.79753355379873,41.887403934079494],[-87.79753322747418,41.88739021133665],[-87.79753156323937,41.88731699311798],[-87.79722803219805,41.88732100470567],[-87.79722969586848,41.88739439309038]]],"crs":null},"type":"Feature","properties":{"name":"16071280360000","pin":"16071280360000","units":2,"yearBuilt":1906,"address":"101 N KENILWORTH AVE","url":"https://www.cookcountyassessor.com/pin/16071280360000"}},{"geometry":{"type":"Polygon","coordinates":[[[-87.79293946881107,41.885841896382516],[-87.79294331096605,41.885978742243],[-87.79358754841992,41.88596777703613],[-87.79358333909633,41.88583087364837],[-87.79293946881107,41.885841896382516]]],"crs":null},"type":"Feature","properties":{"name":"16074000160000","pin":"16074000160000","units":2,"yearBuilt":1903,"address":"123 S EUCLID AVE","url":"https://www.cookcountyassessor.com/pin/16074000160000"}},{"geometry":{"type":"Polygon","coordinates":[[[-87.80171628827046,41.88351995173151],[-87.80172090643686,41.88365394687924],[-87.8023265814472,41.88364039339419],[-87.80232196202316,41.88350639736291],[-87.80171628827046,41.88351995173151]]],"crs":null},"type":"Feature","properties":{"name":"16073090130000","pin":"16073090130000","units":2,"yearBuilt":1885,"address":"258 S MARION ST","url":"https://www.cookcountyassessor.com/pin/16073090130000"}},{"geometry":{"type":"Polygon","coordinates":[[[-87.79354073509799,41.882532961969765],[-87.7935445753585,41.88267002756466],[-87.7942217579153,41.88265899391834],[-87.79421776923536,41.882521926747046],[-87.79354073509799,41.882532961969765]]],"crs":null},"type":"Feature","properties":{"name":"16074120070000","pin":"16074120070000","units":3,"yearBuilt":1902,"address":"316 S OAK PARK AVE","url":"https://www.cookcountyassessor.com/pin/16074120070000"}},{"geometry":{"type":"Polygon","coordinates":[[[-87.79397703355279,41.86816944049567],[-87.79397939388714,41.86823800298462],[-87.79448362695898,41.8682292281191],[-87.79448126654715,41.86816061071831],[-87.79397703355279,41.86816944049567]]],"crs":null},"type":"Feature","properties":{"name":"16183220250000","pin":"16183220250000","units":3,"yearBuilt":1924,"address":"1115 S OAK PARK AVE 1","url":"https://www.cookcountyassessor.com/pin/16183220250000"}},{"geometry":{"type":"Polygon","coordinates":[[[-87.79334087550214,41.87007727743443],[-87.79334205465987,41.870111641050705],[-87.79380165034891,41.870103592970494],[-87.79379811030088,41.870000720905956],[-87.79333858807428,41.870008715297715],[-87.79334087550214,41.87007727743443]]],"crs":null},"type":"Feature","properties":{"name":"16184070050000","pin":"16184070050000","units":2,"yearBuilt":1954,"address":"1014 S OAK PARK AVE","url":"https://www.cookcountyassessor.com/pin/16184070050000"}},{"geometry":{"type":"Polygon","coordinates":[[[-87.77932777501516,41.86920816888645],[-87.77933004765904,41.86927656735981],[-87.77978940794523,41.86926989052097],[-87.77978456751215,41.869132984126246],[-87.77932542816282,41.869139716033516],[-87.77932777501516,41.86920816888645]]],"crs":null},"type":"Feature","properties":{"name":"16173110340000","pin":"16173110340000","units":2,"yearBuilt":1925,"address":"206 HARVARD ST","url":"https://www.cookcountyassessor.com/pin/16173110340000"}},{"geometry":{"type":"Polygon","coordinates":[[[-87.7959040355567,41.8860656880847],[-87.7959044364036,41.88607924642092],[-87.79642054457808,41.886072385224],[-87.79641774260524,41.88597720139487],[-87.79590156169533,41.885984063140164],[-87.7959040355567,41.8860656880847]]],"crs":null},"type":"Feature","properties":{"name":"16073050170000","pin":"16073050170000","units":2,"yearBuilt":1920,"address":"121 S GROVE AVE","url":"https://www.cookcountyassessor.com/pin/16073050170000"}},{"geometry":{"type":"Polygon","coordinates":[[[-87.80166058005092,41.88308132661266],[-87.80166093045143,41.883092250299214],[-87.80230700261373,41.88307778640875],[-87.80230677045832,41.883070320589],[-87.8023042094493,41.88299824526926],[-87.80165801977543,41.883009250382536],[-87.80166058005092,41.88308132661266]]],"crs":null},"type":"Feature","properties":{"name":"16073160440000","pin":"16073160440000","units":2,"yearBuilt":1899,"address":"300 WISCONSIN AVE","url":"https://www.cookcountyassessor.com/pin/16073160440000"}},{"geometry":{"type":"Polygon","coordinates":[[[-87.774966536583,41.884879457597485],[-87.77496756747385,41.884912996768655],[-87.77559688688447,41.88490205904882],[-87.77559585734696,41.88486846496851],[-87.77559355848364,41.88479490751962],[-87.77496416663212,41.88480584487047],[-87.774966536583,41.884879457597485]]],"crs":null},"type":"Feature","properties":{"name":"16083110120000","pin":"16083110120000","units":3,"yearBuilt":1930,"address":"224 N AUSTIN BLVD","url":"https://www.cookcountyassessor.com/pin/16083110120000"}},{"geometry":{"type":"Polygon","coordinates":[[[-87.80152226315413,41.885820382398755],[-87.80153395676041,41.886155069668824],[-87.80166294913944,41.886153142372834],[-87.80165125486747,41.88581845421161],[-87.80152226315413,41.885820382398755]]],"crs":null},"type":"Feature","properties":{"name":"16073020120000","pin":"16073020120000","units":2,"yearBuilt":1903,"address":"1032 PLEASANT ST","url":"https://www.cookcountyassessor.com/pin/16073020120000"}},{"geometry":{"type":"Polygon","coordinates":[[[-87.79648684059076,41.88633021568393],[-87.79649084300898,41.88646623925897],[-87.79700820487439,41.88645938128544],[-87.79700405316532,41.886323357029795],[-87.79648684059076,41.88633021568393]]],"crs":null},"type":"Feature","properties":{"name":"16073050030000","pin":"16073050030000","units":2,"yearBuilt":1905,"address":"110 S KENILWORTH AVE","url":"https://www.cookcountyassessor.com/pin/16073050030000"}},{"geometry":{"type":"Polygon","coordinates":[[[-87.79328888583889,41.86859425612056],[-87.79329000117505,41.868627467003925],[-87.79375010056089,41.86861942058368],[-87.79374898452481,41.86858626462225],[-87.79374662368514,41.86851764720951],[-87.79328652549874,41.86852563780104],[-87.79328888583889,41.86859425612056]]],"crs":null},"type":"Feature","properties":{"name":"16184140020000","pin":"16184140020000","units":2,"yearBuilt":1922,"address":"1104 S OAK PARK AVE","url":"https://www.cookcountyassessor.com/pin/16184140020000"}},{"geometry":{"type":"Polygon","coordinates":[[[-87.7788167604034,41.8886126737166],[-87.77881962642924,41.888705936880534],[-87.77896250207544,41.888704650437056],[-87.77894887236663,41.88825908368222],[-87.77890136248932,41.88825759203815],[-87.7788057552464,41.88825455093335],[-87.77880794005993,41.888324594592916],[-87.77881085582922,41.888420602244516],[-87.77881377160571,41.888516609894495],[-87.7788167604034,41.8886126737166]]],"crs":null},"type":"Feature","properties":{"name":"16081210550000","pin":"16081210550000","units":6,"yearBuilt":1957,"address":"114 LAKE ST","url":"https://www.cookcountyassessor.com/pin/16081210550000"}},{"geometry":{"type":"Polygon","coordinates":[[[-87.77465106709218,41.87565701717191],[-87.77465604004652,41.87579436362832],[-87.77511104460065,41.87578724591109],[-87.77510607067225,41.8756498994683],[-87.77465106709218,41.87565701717191]]],"crs":null},"type":"Feature","properties":{"name":"16171230220000","pin":"16171230220000","units":5,"yearBuilt":1954,"address":"318 S AUSTIN BLVD","url":"https://www.cookcountyassessor.com/pin/16171230220000"}},{"geometry":{"type":"Polygon","coordinates":[[[-87.8047090238953,41.90033547806253],[-87.80471241943351,41.9004315420319],[-87.80484893736953,41.900429206470804],[-87.80492608644823,41.90042791477522],[-87.80499721201659,41.90042665113565],[-87.80506840944287,41.900425441803],[-87.80513953335631,41.9004242320881],[-87.80521073198318,41.90042302267274],[-87.80535151079233,41.900420596268276],[-87.80534796802816,41.90032458656041],[-87.8047090238953,41.90033547806253]]],"crs":null},"type":"Feature","properties":{"name":"16063000080000","pin":"16063000080000","units":2,"yearBuilt":1891,"address":"1117 N HARLEM AVE","url":"https://www.cookcountyassessor.com/pin/16063000080000"}},{"geometry":{"type":"Polygon","coordinates":[[[-87.791217948348,41.8824486939325],[-87.79122210812848,41.882599538161024],[-87.79186043902742,41.88258822428972],[-87.79185627773818,41.882437380975496],[-87.791217948348,41.8824486939325]]],"crs":null},"type":"Feature","properties":{"name":"16074130130000","pin":"16074130130000","units":2,"yearBuilt":1898,"address":"319 WESLEY AVE","url":"https://www.cookcountyassessor.com/pin/16074130130000"}},{"geometry":{"type":"Polygon","coordinates":[[[-87.79716449033099,41.883623708602514],[-87.79716870491738,41.883760885648904],[-87.7977607643893,41.88375085983914],[-87.79775662202789,41.8836136831496],[-87.79716449033099,41.883623708602514]]],"crs":null},"type":"Feature","properties":{"name":"16073110330000","pin":"16073110330000","units":2,"yearBuilt":1863,"address":"243 S KENILWORTH AVE","url":"https://www.cookcountyassessor.com/pin/16073110330000"}},{"geometry":{"type":"Polygon","coordinates":[[[-87.77430336305451,41.86621585271566],[-87.77430731205405,41.866318781422365],[-87.77475952694688,41.86631225465744],[-87.77475821037073,41.86627794509242],[-87.7747556506931,41.866209326319115],[-87.77451287390917,41.86621281087538],[-87.77430336305451,41.86621585271566]]],"crs":null},"type":"Feature","properties":{"name":"16173310220000","pin":"16173310220000","units":4,"yearBuilt":1924,"address":"1114 S AUSTIN BLVD","url":"https://www.cookcountyassessor.com/pin/16173310220000"}},{"geometry":{"type":"Polygon","coordinates":[[[-87.80130666522581,41.88582355417322],[-87.80131835769951,41.886158242358825],[-87.80137918113991,41.88615731675833],[-87.80153395676041,41.886155069668824],[-87.80152226315413,41.885820382398755],[-87.80136748834879,41.88582262857701],[-87.80130666522581,41.88582355417322]]],"crs":null},"type":"Feature","properties":{"name":"16073020130000","pin":"16073020130000","units":3,"yearBuilt":1902,"address":"1028 PLEASANT ST","url":"https://www.cookcountyassessor.com/pin/16073020130000"}},{"geometry":{"type":"Polygon","coordinates":[[[-87.77913809055897,41.89158948272248],[-87.77914185677972,41.89171458355205],[-87.77976931210382,41.89170613861939],[-87.77976554345389,41.89158103779706],[-87.77913809055897,41.89158948272248]]],"crs":null},"type":"Feature","properties":{"name":"16081150010000","pin":"16081150010000","units":2,"yearBuilt":1913,"address":"232 N LOMBARD AVE","url":"https://www.cookcountyassessor.com/pin/16081150010000"}},{"geometry":{"type":"Polygon","coordinates":[[[-87.78217163586109,41.88184838631443],[-87.78218206381595,41.88221605636251],[-87.78232162811642,41.88221370723142],[-87.78231120056628,41.88184603719686],[-87.782232309347,41.88184736028878],[-87.78217163586109,41.88184838631443]]],"crs":null},"type":"Feature","properties":{"name":"16083130290000","pin":"16083130290000","units":2,"yearBuilt":1911,"address":"256 WASHINGTON BLVD 1","url":"https://www.cookcountyassessor.com/pin/16083130290000"}},{"geometry":{"type":"Polygon","coordinates":[[[-87.7747542683945,41.87847125732393],[-87.77475729729147,41.87855354454909],[-87.77521394166183,41.878545885217406],[-87.77521091217913,41.87846359800067],[-87.7747542683945,41.87847125732393]]],"crs":null},"type":"Feature","properties":{"name":"16171070320000","pin":"16171070320000","units":3,"yearBuilt":1960,"address":"114 S AUSTIN BLVD 1","url":"https://www.cookcountyassessor.com/pin/16171070320000"}},{"geometry":{"type":"Polygon","coordinates":[[[-87.79584893952013,41.88420021782649],[-87.79585300432534,41.88433739510357],[-87.79636905101137,41.88432756990283],[-87.79636458508553,41.88417672446022],[-87.79584854081791,41.88418654965389],[-87.79584893952013,41.88420021782649]]],"crs":null},"type":"Feature","properties":{"name":"16073120240000","pin":"16073120240000","units":2,"yearBuilt":1899,"address":"223 S GROVE AVE","url":"https://www.cookcountyassessor.com/pin/16073120240000"}},{"geometry":{"type":"Polygon","coordinates":[[[-87.80422137593392,41.8862178681043],[-87.80422514130846,41.886313494658076],[-87.80460602734166,41.88630712601454],[-87.80460270236495,41.886211501500135],[-87.80422137593392,41.8862178681043]]],"crs":null},"type":"Feature","properties":{"name":"16073000040000","pin":"16073000040000","units":3,"yearBuilt":1906,"address":"1133 SOUTH BLVD","url":"https://www.cookcountyassessor.com/pin/16073000040000"}},{"geometry":{"type":"Polygon","coordinates":[[[-87.80321349879374,41.899828582358296],[-87.80322208515823,41.90006945682407],[-87.80343053405365,41.90006597302246],[-87.80342194660895,41.89982498872469],[-87.80321349879374,41.899828582358296]]],"crs":null},"type":"Feature","properties":{"name":"16063010310000","pin":"16063010310000","units":2,"yearBuilt":1956,"address":"1050 THOMAS ST","url":"https://www.cookcountyassessor.com/pin/16063010310000"}},{"geometry":{"type":"Polygon","coordinates":[[[-87.7847500625562,41.884979078914334],[-87.78475380826613,41.88511641977642],[-87.78539487972458,41.8851055394194],[-87.78539105914149,41.884968199119434],[-87.7847500625562,41.884979078914334]]],"crs":null},"type":"Feature","properties":{"name":"16074110120000","pin":"16074110120000","units":4,"yearBuilt":1901,"address":"201 S RIDGELAND AVE","url":"https://www.cookcountyassessor.com/pin/16074110120000"}},{"geometry":{"type":"Polygon","coordinates":[[[-87.80133234041523,41.871899165426335],[-87.80134498438998,41.87224296941219],[-87.80143664139177,41.8722414176925],[-87.80143161066809,41.87210429166046],[-87.8014275256925,41.871994612521036],[-87.80142399813052,41.87189761371935],[-87.80133234041523,41.871899165426335]]],"crs":null},"type":"Feature","properties":{"name":"16183020040000","pin":"16183020040000","units":2,"yearBuilt":1912,"address":"1045 GARFIELD ST","url":"https://www.cookcountyassessor.com/pin/16183020040000"}},{"geometry":{"type":"Polygon","coordinates":[[[-87.77553015590566,41.90325190002935],[-87.77553412012753,41.90337052463518],[-87.7759935777023,41.90336375484512],[-87.77598961384301,41.90324512935541],[-87.77553015590566,41.90325190002935]]],"crs":null},"type":"Feature","properties":{"name":"16051270240000","pin":"16051270240000","units":2,"yearBuilt":1920,"address":"1238 N AUSTIN BLVD","url":"https://www.cookcountyassessor.com/pin/16051270240000"}},{"geometry":{"type":"Polygon","coordinates":[[[-87.79654411329133,41.8667093916454],[-87.79654898751753,41.866846518175976],[-87.79705232895974,41.866837727849195],[-87.79704745365815,41.86670060133351],[-87.79654411329133,41.8667093916454]]],"crs":null},"type":"Feature","properties":{"name":"16183270170000","pin":"16183270170000","units":2,"yearBuilt":1911,"address":"1151 S KENILWORTH AVE","url":"https://www.cookcountyassessor.com/pin/16183270170000"}},{"geometry":{"type":"Polygon","coordinates":[[[-87.79331277566293,41.869254307192705],[-87.79331395479514,41.869288670814015],[-87.79377295707317,41.86928072989244],[-87.79376965256839,41.869184664629344],[-87.79331065050762,41.869192661361076],[-87.79331277566293,41.869254307192705]]],"crs":null},"type":"Feature","properties":{"name":"16184070120000","pin":"16184070120000","units":2,"yearBuilt":1923,"address":"1038 S OAK PARK AVE","url":"https://www.cookcountyassessor.com/pin/16184070120000"}},{"geometry":{"type":"Polygon","coordinates":[[[-87.77828735373575,41.88688634355991],[-87.7782899464788,41.88696862846988],[-87.77885308460506,41.886960316970665],[-87.77885056463417,41.886878032423795],[-87.77884725303277,41.88676830161925],[-87.77828389610883,41.88677661203465],[-87.77828735373575,41.88688634355991]]],"crs":null},"type":"Feature","properties":{"name":"16083030290000","pin":"16083030290000","units":5,"yearBuilt":1908,"address":"105 S TAYLOR AVE","url":"https://www.cookcountyassessor.com/pin/16083030290000"}},{"geometry":{"type":"Polygon","coordinates":[[[-87.78914676370935,41.869875701014585],[-87.78914919313115,41.86994431972535],[-87.78961172412134,41.86993635634184],[-87.78960936887725,41.86986773889172],[-87.78960826426675,41.86983348543306],[-87.78914558587043,41.86984144720483],[-87.78914676370935,41.869875701014585]]],"crs":null},"type":"Feature","properties":{"name":"16184100290000","pin":"16184100290000","units":2,"yearBuilt":2024,"address":"1021 S EAST AVE","url":"https://www.cookcountyassessor.com/pin/16184100290000"}},{"geometry":{"type":"Polygon","coordinates":[[[-87.79398175543025,41.868306565478406],[-87.79398287342984,41.86833950176426],[-87.79448718077279,41.868330727232994],[-87.79448606251442,41.8682977909505],[-87.79448362695898,41.8682292281191],[-87.79397939388714,41.86823800298462],[-87.79398175543025,41.868306565478406]]],"crs":null},"type":"Feature","properties":{"name":"16183220240000","pin":"16183220240000","units":6,"yearBuilt":1929,"address":"1113 S OAK PARK AVE","url":"https://www.cookcountyassessor.com/pin/16183220240000"}},{"geometry":{"type":"Polygon","coordinates":[[[-87.78839294139179,41.86847354386217],[-87.78839411834505,41.868507852604104],[-87.78885686206368,41.868499728493035],[-87.7888556113893,41.868465419406],[-87.7888532553208,41.86839685684107],[-87.78839058702971,41.86840498039619],[-87.78839294139179,41.86847354386217]]],"crs":null},"type":"Feature","properties":{"name":"16184180040000","pin":"16184180040000","units":2,"yearBuilt":1910,"address":"1110 S EAST AVE","url":"https://www.cookcountyassessor.com/pin/16184180040000"}},{"geometry":{"type":"Polygon","coordinates":[[[-87.79161798263517,41.87045034100977],[-87.79161957947181,41.870495903302015],[-87.79208233632603,41.87048787701743],[-87.79207914144168,41.87039653275467],[-87.7916164599191,41.870404560282935],[-87.79161798263517,41.87045034100977]]],"crs":null},"type":"Feature","properties":{"name":"16184080200000","pin":"16184080200000","units":2,"yearBuilt":1908,"address":"1005 WESLEY AVE","url":"https://www.cookcountyassessor.com/pin/16184080200000"}},{"geometry":{"type":"Polygon","coordinates":[[[-87.80276580246635,41.869707920804345],[-87.80276740660346,41.86975370177427],[-87.8033916530614,41.86974280777197],[-87.80338844254509,41.8696514097005],[-87.80276412395504,41.86966224843225],[-87.80276580246635,41.869707920804345]]],"crs":null},"type":"Feature","properties":{"name":"16183090050000","pin":"16183090050000","units":2,"yearBuilt":1909,"address":"1018 S MAPLE AVE","url":"https://www.cookcountyassessor.com/pin/16183090050000"}},{"geometry":{"type":"Polygon","coordinates":[[[-87.79162034004268,41.87051895842453],[-87.79162262582537,41.87058735671672],[-87.79208538334666,41.87057932952359],[-87.79208233632603,41.87048787701743],[-87.79161957947181,41.870495903302015],[-87.79162034004268,41.87051895842453]]],"crs":null},"type":"Feature","properties":{"name":"16184080190000","pin":"16184080190000","units":2,"yearBuilt":1915,"address":"1001 WESLEY AVE","url":"https://www.cookcountyassessor.com/pin/16184080190000"}},{"geometry":{"type":"Polygon","coordinates":[[[-87.77598034812767,41.87037619621764],[-87.77607227131406,41.87038397559683],[-87.77606921043217,41.87029674794106],[-87.77597731383919,41.87028897228989],[-87.7756610888681,41.870262220334375],[-87.77566429615321,41.87034944781145],[-87.77598034812767,41.87037619621764]]],"crs":null},"type":"Feature","properties":{"name":"16173140060000","pin":"16173140060000","units":2,"yearBuilt":1923,"address":"1005 S HUMPHREY AVE","url":"https://www.cookcountyassessor.com/pin/16173140060000"}},{"geometry":{"type":"Polygon","coordinates":[[[-87.77891896702906,41.884539439432146],[-87.7789224007349,41.884651915110865],[-87.77955434175286,41.88464327323179],[-87.7795509069387,41.884530797565105],[-87.77891896702906,41.884539439432146]]],"crs":null},"type":"Feature","properties":{"name":"16083090030000","pin":"16083090030000","units":2,"yearBuilt":1915,"address":"216 S LOMBARD AVE","url":"https://www.cookcountyassessor.com/pin/16083090030000"}},{"geometry":{"type":"Polygon","coordinates":[[[-87.80278767289442,41.89008563980926],[-87.80278989696602,41.89015425616],[-87.80309169137189,41.89014851482031],[-87.8030894677281,41.890079953397816],[-87.80278767289442,41.89008563980926]]],"crs":null},"type":"Feature","properties":{"name":"16071180160000","pin":"16071180160000","units":3,"yearBuilt":1929,"address":"185 N MARION ST","url":"https://www.cookcountyassessor.com/pin/16071180160000"}},{"geometry":{"type":"Polygon","coordinates":[[[-87.77559960259975,41.90534334796532],[-87.77560275849189,41.90543661234261],[-87.7760630400317,41.90542979137598],[-87.77605988346976,41.905336527007194],[-87.77559960259975,41.90534334796532]]],"crs":null},"type":"Feature","properties":{"name":"16051200230000","pin":"16051200230000","units":2,"yearBuilt":1922,"address":"1340 N AUSTIN BLVD","url":"https://www.cookcountyassessor.com/pin/16051200230000"}},{"geometry":{"type":"Polygon","coordinates":[[[-87.77852685590223,41.86759726563151],[-87.77852927438686,41.8676658287061],[-87.77897907418053,41.8676593835131],[-87.77897665641983,41.86759082045082],[-87.77852685590223,41.86759726563151]]],"crs":null},"type":"Feature","properties":{"name":"16173200180000","pin":"16173200180000","units":2,"yearBuilt":1914,"address":"1138 S LOMBARD AVE 1","url":"https://www.cookcountyassessor.com/pin/16173200180000"}},{"geometry":{"type":"Polygon","coordinates":[[[-87.80466082060258,41.8990008395334],[-87.80466441360515,41.89909953973295],[-87.80530275734755,41.89908864570205],[-87.8052990886482,41.89898994517311],[-87.80466082060258,41.8990008395334]]],"crs":null},"type":"Feature","properties":{"name":"16063070030000","pin":"16063070030000","units":2,"yearBuilt":1927,"address":"1029 N HARLEM AVE","url":"https://www.cookcountyassessor.com/pin/16063070030000"}},{"geometry":{"type":"Polygon","coordinates":[[[-87.78085293150343,41.89473974250596],[-87.78086702458617,41.8951502397965],[-87.78098875977652,41.89514857453908],[-87.78097459550058,41.89473785813712],[-87.78085293150343,41.89473974250596]]],"crs":null},"type":"Feature","properties":{"name":"16053230220000","pin":"16053230220000","units":2,"yearBuilt":1888,"address":"216 CHICAGO AVE","url":"https://www.cookcountyassessor.com/pin/16053230220000"}},{"geometry":{"type":"Polygon","coordinates":[[[-87.80226752205945,41.89388440254051],[-87.80227646622036,41.89416144839645],[-87.8024416247154,41.89415842431101],[-87.80243267983343,41.89388137936399],[-87.80226752205945,41.89388440254051]]],"crs":null},"type":"Feature","properties":{"name":"16071020300000","pin":"16071020300000","units":2,"yearBuilt":1904,"address":"1041 CHICAGO AVE","url":"https://www.cookcountyassessor.com/pin/16071020300000"}},{"geometry":{"type":"Polygon","coordinates":[[[-87.79089134903863,41.86977681860574],[-87.79089363384517,41.8698453807785],[-87.79135484308388,41.869837350109485],[-87.79135255898912,41.8697687879486],[-87.79135020069023,41.86970016961524],[-87.79088899242981,41.869708201171925],[-87.79089134903863,41.86977681860574]]],"crs":null},"type":"Feature","properties":{"name":"16184090100000","pin":"16184090100000","units":2,"yearBuilt":1914,"address":"1022 WESLEY AVE","url":"https://www.cookcountyassessor.com/pin/16184090100000"}},{"geometry":{"type":"Polygon","coordinates":[[[-87.80237853401786,41.89076026056734],[-87.80238093151111,41.89083436620468],[-87.80262807071483,41.8908296914772],[-87.80262567082939,41.89075569477498],[-87.80237853401786,41.89076026056734]]],"crs":null},"type":"Feature","properties":{"name":"16071130050000","pin":"16071130050000","units":2,"yearBuilt":1913,"address":"202 N MARION ST","url":"https://www.cookcountyassessor.com/pin/16071130050000"}},{"geometry":{"type":"Polygon","coordinates":[[[-87.77567537330748,41.89482003999462],[-87.77528613637304,41.89482610816092],[-87.7753004918843,41.89523600323244],[-87.77568870344459,41.89522993094199],[-87.77567537330748,41.89482003999462]]],"crs":null},"type":"Feature","properties":{"name":"16053260380000","pin":"16053260380000","units":5,"yearBuilt":1901,"address":"2 CHICAGO AVE","url":"https://www.cookcountyassessor.com/pin/16053260380000"}},{"geometry":{"type":"Polygon","coordinates":[[[-87.7871858464882,41.86901709979569],[-87.78718930362487,41.86911997167477],[-87.78765065444344,41.86911201056975],[-87.7876494081422,41.86907726212622],[-87.7876471233556,41.869009249094645],[-87.7871858464882,41.86901709979569]]],"crs":null},"type":"Feature","properties":{"name":"16184110460000","pin":"16184110460000","units":2,"yearBuilt":1910,"address":"1046 S SCOVILLE AVE","url":"https://www.cookcountyassessor.com/pin/16184110460000"}},{"geometry":{"type":"Polygon","coordinates":[[[-87.79451348006734,41.884363774337885],[-87.79451609281462,41.88445489590182],[-87.79503537275505,41.8844449820242],[-87.79503275927004,41.884353860467606],[-87.79451348006734,41.884363774337885]]],"crs":null},"type":"Feature","properties":{"name":"16073130170000","pin":"16073130170000","units":2,"yearBuilt":1904,"address":"221 S OAK PARK AVE 2","url":"https://www.cookcountyassessor.com/pin/16073130170000"}},{"geometry":{"type":"Polygon","coordinates":[[[-87.79642774453438,41.88432641728008],[-87.79643181179546,41.88446359364625],[-87.79694727195762,41.8844537081853],[-87.79694313084758,41.88431658641185],[-87.79642774453438,41.88432641728008]]],"crs":null},"type":"Feature","properties":{"name":"16073120050000","pin":"16073120050000","units":2,"yearBuilt":1888,"address":"218 S KENILWORTH AVE","url":"https://www.cookcountyassessor.com/pin/16073120050000"}},{"geometry":{"type":"Polygon","coordinates":[[[-87.79460014351304,41.86988395855073],[-87.79460368485033,41.86998682969982],[-87.79510844594076,41.869978054586326],[-87.79510601134037,41.86990943687065],[-87.79510483031888,41.869875183103545],[-87.79460014351304,41.86988395855073]]],"crs":null},"type":"Feature","properties":{"name":"16183150050000","pin":"16183150050000","units":2,"yearBuilt":1911,"address":"1016 S GROVE AVE","url":"https://www.cookcountyassessor.com/pin/16183150050000"}},{"geometry":{"type":"Polygon","coordinates":[[[-87.77539039610714,41.898629916864586],[-87.775392828323,41.8987218066207],[-87.77584754953128,41.898715397902116],[-87.77584474911492,41.89862350726758],[-87.77539039610714,41.898629916864586]]],"crs":null},"type":"Feature","properties":{"name":"16053140280000","pin":"16053140280000","units":2,"yearBuilt":1922,"address":"1004 N AUSTIN BLVD 1","url":"https://www.cookcountyassessor.com/pin/16053140280000"}},{"geometry":{"type":"Polygon","coordinates":[[[-87.79515064859932,41.8863571670802],[-87.79515479655541,41.886493026617224],[-87.79567399459047,41.886486073418446],[-87.79566999160215,41.88635032441925],[-87.79515064859932,41.8863571670802]]],"crs":null},"type":"Feature","properties":{"name":"16073060040000","pin":"16073060040000","units":2,"yearBuilt":1898,"address":"110 S GROVE AVE 2","url":"https://www.cookcountyassessor.com/pin/16073060040000"}},{"geometry":{"type":"Polygon","coordinates":[[[-87.79325606773911,41.867634049907544],[-87.79325842682702,41.867702667331955],[-87.79371844517871,41.86769473139091],[-87.79371490535644,41.86759185928225],[-87.79325488773453,41.8675997961139],[-87.79325606773911,41.867634049907544]]],"crs":null},"type":"Feature","properties":{"name":"16184140110000","pin":"16184140110000","units":3,"yearBuilt":1911,"address":"1130 S OAK PARK AVE","url":"https://www.cookcountyassessor.com/pin/16184140110000"}},{"geometry":{"type":"Polygon","coordinates":[[[-87.80285662203123,41.892219172039354],[-87.8028593211626,41.89230145684717],[-87.80338461345482,41.892291423229814],[-87.80338313144385,41.89224855111397],[-87.80338191485431,41.89220913843587],[-87.80322587044537,41.892212095210965],[-87.80285662203123,41.892219172039354]]],"crs":null},"type":"Feature","properties":{"name":"16071070190000","pin":"16071070190000","units":2,"yearBuilt":1905,"address":"309 N MARION ST","url":"https://www.cookcountyassessor.com/pin/16071070190000"}},{"geometry":{"type":"Polygon","coordinates":[[[-87.77553737696802,41.86695742323999],[-87.77553993750294,41.867026041992204],[-87.77600368660087,41.86701940249082],[-87.77600119904194,41.86695078410239],[-87.77600061257503,41.866933711608475],[-87.77553671714479,41.86694035128794],[-87.77553737696802,41.86695742323999]]],"crs":null},"type":"Feature","properties":{"name":"16173300170000","pin":"16173300170000","units":2,"yearBuilt":1909,"address":"1155 S HUMPHREY AVE","url":"https://www.cookcountyassessor.com/pin/16173300170000"}},{"geometry":{"type":"Polygon","coordinates":[[[-87.78328219657882,41.8905550673099],[-87.78328382821893,41.890613198491344],[-87.78391296146907,41.89060462909685],[-87.78391133819252,41.890545455367786],[-87.78390914338827,41.89046734381452],[-87.78328000981686,41.89047596720887],[-87.78328219657882,41.8905550673099]]],"crs":null},"type":"Feature","properties":{"name":"16081120180000","pin":"16081120180000","units":3,"yearBuilt":1910,"address":"201 N CUYLER AVE","url":"https://www.cookcountyassessor.com/pin/16081120180000"}},{"geometry":{"type":"Polygon","coordinates":[[[-87.79806845163333,41.886687380666906],[-87.79807093296344,41.88676093762235],[-87.79851409369509,41.88675504419551],[-87.79851162149534,41.8866814872915],[-87.79806845163333,41.886687380666906]]],"crs":null},"type":"Feature","properties":{"name":"16073040010000","pin":"16073040010000","units":2,"yearBuilt":1900,"address":"100 CLINTON AVE","url":"https://www.cookcountyassessor.com/pin/16073040010000"}},{"geometry":{"type":"Polygon","coordinates":[[[-87.79067857551175,41.88638003003074],[-87.79068071566412,41.88645687898091],[-87.79103420483358,41.88645081034074],[-87.79103206425762,41.8863739613946],[-87.79084062811329,41.886377228511776],[-87.79067857551175,41.88638003003074]]],"crs":null},"type":"Feature","properties":{"name":"16074020040000","pin":"16074020040000","units":2,"yearBuilt":1901,"address":"110 WESLEY AVE","url":"https://www.cookcountyassessor.com/pin/16074020040000"}},{"geometry":{"type":"Polygon","coordinates":[[[-87.77837684938028,41.88967449357698],[-87.77838131278892,41.88981227645415],[-87.7790102254276,41.88980301887411],[-87.77900598067882,41.88966529289624],[-87.77837684938028,41.88967449357698]]],"crs":null},"type":"Feature","properties":{"name":"16081210170000","pin":"16081210170000","units":3,"yearBuilt":1905,"address":"163 N TAYLOR AVE","url":"https://www.cookcountyassessor.com/pin/16081210170000"}},{"geometry":{"type":"Polygon","coordinates":[[[-87.77479054041054,41.87945876030168],[-87.77479356937906,41.87954104841262],[-87.77525029426485,41.87953338933775],[-87.77524726470264,41.87945110213554],[-87.77479054041054,41.87945876030168]]],"crs":null},"type":"Feature","properties":{"name":"16171070200000","pin":"16171070200000","units":4,"yearBuilt":1924,"address":"12 S AUSTIN BLVD","url":"https://www.cookcountyassessor.com/pin/16171070200000"}},{"geometry":{"type":"Polygon","coordinates":[[[-87.79293562603058,41.88570526929903],[-87.79293946881107,41.885841896382516],[-87.79358333909633,41.88583087364837],[-87.79357920050768,41.885694300115155],[-87.79293562603058,41.88570526929903]]],"crs":null},"type":"Feature","properties":{"name":"16074000170000","pin":"16074000170000","units":4,"yearBuilt":1910,"address":"129 S EUCLID AVE","url":"https://www.cookcountyassessor.com/pin/16074000170000"}},{"geometry":{"type":"Polygon","coordinates":[[[-87.77597281819185,41.88685949095757],[-87.77597720684649,41.88699667039679],[-87.77616077787081,41.88699448741976],[-87.77636888310111,41.8869919846751],[-87.77636449240376,41.88685480523985],[-87.77615641303741,41.88685729459748],[-87.77597281819185,41.88685949095757]]],"crs":null},"type":"Feature","properties":{"name":"16083050010000","pin":"16083050010000","units":2,"yearBuilt":1910,"address":"102 S HUMPHREY AVE","url":"https://www.cookcountyassessor.com/pin/16083050010000"}},{"geometry":{"type":"Polygon","coordinates":[[[-87.80275595502597,41.86943350405197],[-87.80276084223033,41.86957068435048],[-87.80338523340481,41.8695598459703],[-87.80338049181586,41.86942266636849],[-87.80275595502597,41.86943350405197]]],"crs":null},"type":"Feature","properties":{"name":"16183090070000","pin":"16183090070000","units":3,"yearBuilt":1898,"address":"1030 S MAPLE AVE","url":"https://www.cookcountyassessor.com/pin/16183090070000"}},{"geometry":{"type":"Polygon","coordinates":[[[-87.77734813167532,41.886414235348354],[-87.77735165331093,41.88652473610897],[-87.77798184074321,41.88651719193638],[-87.77797820097447,41.88640323330765],[-87.77734813167532,41.886414235348354]]],"crs":null},"type":"Feature","properties":{"name":"16083040050000","pin":"16083040050000","units":2,"yearBuilt":1910,"address":"114 S TAYLOR AVE","url":"https://www.cookcountyassessor.com/pin/16083040050000"}},{"geometry":{"type":"Polygon","coordinates":[[[-87.77568877703486,41.885450147633925],[-87.77569316622282,41.88558732711922],[-87.77632366854026,41.885576336248505],[-87.77631927799592,41.88543915767921],[-87.77568877703486,41.885450147633925]]],"crs":null},"type":"Feature","properties":{"name":"16083050150000","pin":"16083050150000","units":2,"yearBuilt":1967,"address":"140 S HUMPHREY AVE 1","url":"https://www.cookcountyassessor.com/pin/16083050150000"}},{"geometry":{"type":"Polygon","coordinates":[[[-87.7972374808886,41.88773707638308],[-87.79723896491474,41.8878055804662],[-87.79754257196285,41.887801399042495],[-87.79753945746988,41.88766439109954],[-87.79723592336147,41.887668572856356],[-87.7972374808886,41.88773707638308]]],"crs":null},"type":"Feature","properties":{"name":"16071280230000","pin":"16071280230000","units":2,"yearBuilt":1895,"address":"111 N KENILWORTH AVE","url":"https://www.cookcountyassessor.com/pin/16071280230000"}},{"geometry":{"type":"Polygon","coordinates":[[[-87.79451609281462,41.88445489590182],[-87.7945187032608,41.8845462920581],[-87.795038057441,41.88453637761731],[-87.79503675068709,41.88449081774023],[-87.79503537275505,41.8844449820242],[-87.79451609281462,41.88445489590182]]],"crs":null},"type":"Feature","properties":{"name":"16073130160000","pin":"16073130160000","units":2,"yearBuilt":1903,"address":"217 S OAK PARK AVE 2ND","url":"https://www.cookcountyassessor.com/pin/16073130160000"}},{"geometry":{"type":"Polygon","coordinates":[[[-87.79999948182505,41.879882058744606],[-87.80000443627164,41.880019349060454],[-87.80023206457142,41.88001546665779],[-87.80022709149979,41.87987818436775],[-87.80022256724703,41.87975329108741],[-87.79999493957867,41.87975706453384],[-87.79999948182505,41.879882058744606]]],"crs":null},"type":"Feature","properties":{"name":"16073230380000","pin":"16073230380000","units":3,"yearBuilt":1921,"address":"1000 MADISON ST","url":"https://www.cookcountyassessor.com/pin/16073230380000"}},{"geometry":{"type":"Polygon","coordinates":[[[-87.77855149902757,41.881526892024276],[-87.77856409658234,41.881938425887945],[-87.77871100492652,41.881936061700536],[-87.77869840642917,41.88152452784713],[-87.77855149902757,41.881526892024276]]],"crs":null},"type":"Feature","properties":{"name":"16083210040000","pin":"16083210040000","units":2,"yearBuilt":1912,"address":"111 WASHINGTON BLVD","url":"https://www.cookcountyassessor.com/pin/16083210040000"}},{"geometry":{"type":"Polygon","coordinates":[[[-87.79928268058563,41.882961510994605],[-87.7992862642146,41.88306026560321],[-87.79987173048293,41.88304745489398],[-87.7998681459602,41.882948699397915],[-87.79986712442833,41.88292130711058],[-87.79928165930372,41.88293411870358],[-87.79928268058563,41.882961510994605]]],"crs":null},"type":"Feature","properties":{"name":"16073170020000","pin":"16073170020000","units":4,"yearBuilt":1903,"address":"306 HOME AVE","url":"https://www.cookcountyassessor.com/pin/16073170020000"}},{"geometry":{"type":"Polygon","coordinates":[[[-87.79132575601402,41.8863689257629],[-87.79132863201346,41.88647184939524],[-87.79170202913473,41.886465378368584],[-87.791699153277,41.88636250966634],[-87.79132575601402,41.8863689257629]]],"crs":null},"type":"Feature","properties":{"name":"16074010100000","pin":"16074010100000","units":3,"yearBuilt":1923,"address":"107 WESLEY AVE","url":"https://www.cookcountyassessor.com/pin/16074010100000"}},{"geometry":{"type":"Polygon","coordinates":[[[-87.7837628198939,41.894066820525815],[-87.78377427691947,41.894478292588154],[-87.78395772504649,41.89447576796196],[-87.78394626610917,41.89406424098636],[-87.7837628198939,41.894066820525815]]],"crs":null},"type":"Feature","properties":{"name":"16081000050000","pin":"16081000050000","units":2,"yearBuilt":1910,"address":"311 CHICAGO AVE","url":"https://www.cookcountyassessor.com/pin/16081000050000"}},{"geometry":{"type":"Polygon","coordinates":[[[-87.79718132671219,41.86884295587739],[-87.79718500946073,41.86894698097284],[-87.79768749571103,41.86893697652884],[-87.79768394993478,41.86883404960833],[-87.79718132671219,41.86884295587739]]],"crs":null},"type":"Feature","properties":{"name":"16183130160000","pin":"16183130160000","units":2,"yearBuilt":1908,"address":"1046 CLINTON AVE 1","url":"https://www.cookcountyassessor.com/pin/16183130160000"}},{"geometry":{"type":"Polygon","coordinates":[[[-87.78245077175175,41.87223117161903],[-87.78246288049914,41.872574042221004],[-87.78264729538402,41.87257130365705],[-87.7826351121732,41.87222843271609],[-87.78254294196407,41.87222980220455],[-87.78245077175175,41.87223117161903]]],"crs":null},"type":"Feature","properties":{"name":"16173010020000","pin":"16173010020000","units":6,"yearBuilt":1926,"address":"315 HARRISON ST","url":"https://www.cookcountyassessor.com/pin/16173010020000"}},{"geometry":{"type":"Polygon","coordinates":[[[-87.7915739106034,41.86914732462962],[-87.79157509047097,41.86918163335074],[-87.79203769016526,41.86917355067036],[-87.79203415343734,41.869070624533165],[-87.79203186743068,41.86900206236684],[-87.79202950962161,41.86893344494017],[-87.79156698393551,41.868941527038736],[-87.79156926897255,41.86901014503128],[-87.79157162675499,41.86907870754475],[-87.7915739106034,41.86914732462962]]],"crs":null},"type":"Feature","properties":{"name":"16184080370000","pin":"16184080370000","units":2,"yearBuilt":1911,"address":"1045 WESLEY AVE","url":"https://www.cookcountyassessor.com/pin/16184080370000"}},{"geometry":{"type":"Polygon","coordinates":[[[-87.7799675077451,41.872858864103954],[-87.77997000280713,41.87292726269374],[-87.78043056080574,41.872920919523175],[-87.78042806478716,41.87285257495879],[-87.78042564439514,41.87278412181594],[-87.77996508737074,41.872790465873145],[-87.7799675077451,41.872858864103954]]],"crs":null},"type":"Feature","properties":{"name":"16171270180000","pin":"16171270180000","units":6,"yearBuilt":1924,"address":"226 HARRISON ST","url":"https://www.cookcountyassessor.com/pin/16171270180000"}},{"geometry":{"type":"Polygon","coordinates":[[[-87.7752999706178,41.87040420989428],[-87.7754243438411,41.87041474855738],[-87.77541142088694,41.870068469871754],[-87.77531346280028,41.87006020056507],[-87.7752999706178,41.87040420989428]]],"crs":null},"type":"Feature","properties":{"name":"16173150010000","pin":"16173150010000","units":4,"yearBuilt":1923,"address":"1016 S HUMPHREY AVE","url":"https://www.cookcountyassessor.com/pin/16173150010000"}},{"geometry":{"type":"Polygon","coordinates":[[[-87.77854150852119,41.868008700572084],[-87.77854392655736,41.86807731856038],[-87.77899373043972,41.86807087333367],[-87.77899131192257,41.86800225535186],[-87.77899048126977,41.86797947440811],[-87.77854067802805,41.86798591962608],[-87.77854150852119,41.868008700572084]]],"crs":null},"type":"Feature","properties":{"name":"16173200130000","pin":"16173200130000","units":2,"yearBuilt":1918,"address":"1126 S LOMBARD AVE","url":"https://www.cookcountyassessor.com/pin/16173200130000"}},{"geometry":{"type":"Polygon","coordinates":[[[-87.8028063967054,41.88826661790912],[-87.80281595379674,41.888540867661376],[-87.80290998839715,41.888538887313715],[-87.80290043135803,41.88826458264807],[-87.8028063967054,41.88826661790912]]],"crs":null},"type":"Feature","properties":{"name":"16071240150000","pin":"16071240150000","units":4,"yearBuilt":1954,"address":"1107 LAKE ST","url":"https://www.cookcountyassessor.com/pin/16071240150000"}},{"geometry":{"type":"Polygon","coordinates":[[[-87.77885035610285,41.87228173722868],[-87.77886244608514,41.872624553172635],[-87.77895226705151,41.87262328604121],[-87.77904208634382,41.87262207285211],[-87.77903512802527,41.87242456219552],[-87.77894530733032,41.87242583029379],[-87.77894017538478,41.87228047009791],[-87.77885035610285,41.87228173722868]]],"crs":null},"type":"Feature","properties":{"name":"16173040030000","pin":"16173040030000","units":6,"yearBuilt":1925,"address":"147 HARRISON ST 1E","url":"https://www.cookcountyassessor.com/pin/16173040030000"}},{"geometry":{"type":"Polygon","coordinates":[[[-87.77472803441782,41.87775619657369],[-87.77473094448278,41.877835245595854],[-87.77519170552463,41.877826563771194],[-87.7751888683762,41.87774751511429],[-87.77472803441782,41.87775619657369]]],"crs":null},"type":"Feature","properties":{"name":"16171150210000","pin":"16171150210000","units":3,"yearBuilt":1910,"address":"138 S AUSTIN BLVD 1","url":"https://www.cookcountyassessor.com/pin/16171150210000"}},{"geometry":{"type":"Polygon","coordinates":[[[-87.77895777877657,41.885767677874924],[-87.77896012582269,41.88584447311287],[-87.77959068910245,41.885835166248384],[-87.77958834130122,41.88575837101866],[-87.77895777877657,41.885767677874924]]],"crs":null},"type":"Feature","properties":{"name":"16083030100000","pin":"16083030100000","units":2,"yearBuilt":1918,"address":"134 S LOMBARD AVE","url":"https://www.cookcountyassessor.com/pin/16083030100000"}},{"geometry":{"type":"Polygon","coordinates":[[[-87.79324906184473,41.86742830780689],[-87.79325142138212,41.867496870314916],[-87.79371136479361,41.86748893314748],[-87.79370711639172,41.86736547670552],[-87.79324717386501,41.86737341386134],[-87.79324906184473,41.86742830780689]]],"crs":null},"type":"Feature","properties":{"name":"16184140130000","pin":"16184140130000","units":2,"yearBuilt":1915,"address":"1136 S OAK PARK AVE","url":"https://www.cookcountyassessor.com/pin/16184140130000"}},{"geometry":{"type":"Polygon","coordinates":[[[-87.77476335509745,41.87871811989602],[-87.77476638401427,41.87880040711755],[-87.77522303014179,41.87879274776072],[-87.77522000063922,41.87871046054761],[-87.77476335509745,41.87871811989602]]],"crs":null},"type":"Feature","properties":{"name":"16171070290000","pin":"16171070290000","units":2,"yearBuilt":1920,"address":"108 S AUSTIN BLVD","url":"https://www.cookcountyassessor.com/pin/16171070290000"}},{"geometry":{"type":"Polygon","coordinates":[[[-87.77557358551405,41.904559302349035],[-87.77557661771776,41.90464987682477],[-87.77603659954708,41.90464305450071],[-87.77603356670117,41.90455247913279],[-87.77557358551405,41.904559302349035]]],"crs":null},"type":"Feature","properties":{"name":"16051200300000","pin":"16051200300000","units":3,"yearBuilt":1952,"address":"1320 N AUSTIN BLVD","url":"https://www.cookcountyassessor.com/pin/16051200300000"}},{"geometry":{"type":"Polygon","coordinates":[[[-87.80344167868323,41.892461610779556],[-87.80344590162822,41.89259055471457],[-87.8038130943899,41.8925835763571],[-87.80380886950157,41.89245463242565],[-87.80344167868323,41.892461610779556]]],"crs":null},"type":"Feature","properties":{"name":"16071070040000","pin":"16071070040000","units":6,"yearBuilt":1931,"address":"314 N MAPLE AVE","url":"https://www.cookcountyassessor.com/pin/16071070040000"}},{"geometry":{"type":"Polygon","coordinates":[[[-87.79649084300898,41.88646623925897],[-87.7964949104854,41.88660341647371],[-87.7970124192495,41.88659655826903],[-87.79700820487439,41.88645938128544],[-87.79649084300898,41.88646623925897]]],"crs":null},"type":"Feature","properties":{"name":"16073050020000","pin":"16073050020000","units":4,"yearBuilt":1884,"address":"106 S KENILWORTH AVE","url":"https://www.cookcountyassessor.com/pin/16073050020000"}},{"geometry":{"type":"Polygon","coordinates":[[[-87.79395593472533,41.86755215724855],[-87.79395711418036,41.867586520875264],[-87.79446104944692,41.867577744703276],[-87.79445986851759,41.86754338107444],[-87.79395593472533,41.86755215724855]]],"crs":null},"type":"Feature","properties":{"name":"16183220340000","pin":"16183220340000","units":5,"yearBuilt":1959,"address":"1133 S OAK PARK AVE","url":"https://www.cookcountyassessor.com/pin/16183220340000"}},{"geometry":{"type":"Polygon","coordinates":[[[-87.77430731205405,41.866318781422365],[-87.77431126154289,41.86642165520839],[-87.77458635172566,41.86641767013978],[-87.77476340536403,41.86641507406252],[-87.77476084520673,41.86634650930933],[-87.77475952694688,41.86631225465744],[-87.77430731205405,41.866318781422365]]],"crs":null},"type":"Feature","properties":{"name":"16173310210000","pin":"16173310210000","units":4,"yearBuilt":1918,"address":"1110 S AUSTIN BLVD","url":"https://www.cookcountyassessor.com/pin/16173310210000"}},{"geometry":{"type":"Polygon","coordinates":[[[-87.78636972965359,41.884539711428],[-87.78637355445122,41.884676942786655],[-87.7870142538753,41.884666051610864],[-87.78701050193581,41.88452887553918],[-87.78636972965359,41.884539711428]]],"crs":null},"type":"Feature","properties":{"name":"16074100170000","pin":"16074100170000","units":2,"yearBuilt":1906,"address":"213 S ELMWOOD AVE","url":"https://www.cookcountyassessor.com/pin/16074100170000"}},{"geometry":{"type":"Polygon","coordinates":[[[-87.7747603266733,41.878635776854374],[-87.77476335509745,41.87871811989602],[-87.77522000063922,41.87871046054761],[-87.77521697162116,41.87862811841464],[-87.7747603266733,41.878635776854374]]],"crs":null},"type":"Feature","properties":{"name":"16171070300000","pin":"16171070300000","units":3,"yearBuilt":1927,"address":"110 S AUSTIN BLVD","url":"https://www.cookcountyassessor.com/pin/16171070300000"}},{"geometry":{"type":"Polygon","coordinates":[[[-87.79647083169938,41.8857859007702],[-87.79647483525903,41.88592192526424],[-87.7969916770789,41.88591506402796],[-87.79698752663292,41.885779039764856],[-87.79647083169938,41.8857859007702]]],"crs":null},"type":"Feature","properties":{"name":"16073050070000","pin":"16073050070000","units":3,"yearBuilt":1907,"address":"126 S KENILWORTH AVE","url":"https://www.cookcountyassessor.com/pin/16073050070000"}},{"geometry":{"type":"Polygon","coordinates":[[[-87.78556961478502,41.889017421659],[-87.78557318354812,41.88914142388921],[-87.78620459765801,41.889130712685755],[-87.78620063194683,41.88899293244773],[-87.78556929148597,41.889003643982534],[-87.78556961478502,41.889017421659]]],"crs":null},"type":"Feature","properties":{"name":"16072230090000","pin":"16072230090000","units":2,"yearBuilt":1919,"address":"144 N ELMWOOD AVE 1","url":"https://www.cookcountyassessor.com/pin/16072230090000"}},{"geometry":{"type":"Polygon","coordinates":[[[-87.77735303696826,41.88656859578208],[-87.77735649131355,41.886678382242394],[-87.77798668024798,41.88667083895288],[-87.77798322362675,41.88656105159875],[-87.77735303696826,41.88656859578208]]],"crs":null},"type":"Feature","properties":{"name":"16083040040000","pin":"16083040040000","units":2,"yearBuilt":1904,"address":"112 S TAYLOR AVE","url":"https://www.cookcountyassessor.com/pin/16083040040000"}},{"geometry":{"type":"Polygon","coordinates":[[[-87.77467117825309,41.876206404944206],[-87.77467628509156,41.87634512416216],[-87.77513099962123,41.87633800496044],[-87.77512596528204,41.87619928611374],[-87.77467117825309,41.876206404944206]]],"crs":null},"type":"Feature","properties":{"name":"16171230180000","pin":"16171230180000","units":6,"yearBuilt":1957,"address":"300 S AUSTIN BLVD","url":"https://www.cookcountyassessor.com/pin/16171230180000"}},{"geometry":{"type":"Polygon","coordinates":[[[-87.78468115890107,41.867576007458254],[-87.7846835827581,41.867644570437015],[-87.7851454382146,41.86763667671393],[-87.78514301265967,41.867568113736155],[-87.78468115890107,41.867576007458254]]],"crs":null},"type":"Feature","properties":{"name":"16184210160000","pin":"16184210160000","units":2,"yearBuilt":1909,"address":"1136 S ELMWOOD AVE","url":"https://www.cookcountyassessor.com/pin/16184210160000"}},{"geometry":{"type":"Polygon","coordinates":[[[-87.79456775083884,41.86895805895781],[-87.79457017359942,41.86902815860843],[-87.79507470672623,41.869019382563565],[-87.79507228341456,41.86894928292027],[-87.79506985256599,41.868880225840705],[-87.79456531914977,41.86888916662759],[-87.79456775083884,41.86895805895781]]],"crs":null},"type":"Feature","properties":{"name":"16183150150000","pin":"16183150150000","units":2,"yearBuilt":1922,"address":"1044 S GROVE AVE","url":"https://www.cookcountyassessor.com/pin/16183150150000"}},{"geometry":{"type":"Polygon","coordinates":[[[-87.7884413649359,41.86988755962541],[-87.78844372059437,41.869956123079035],[-87.78890683999683,41.86994811040546],[-87.78890212888379,41.86981098531671],[-87.78843908395386,41.869818997425604],[-87.7884413649359,41.86988755962541]]],"crs":null},"type":"Feature","properties":{"name":"16184110040000","pin":"16184110040000","units":2,"yearBuilt":1917,"address":"1020 S EAST AVE 1","url":"https://www.cookcountyassessor.com/pin/16184110040000"}},{"geometry":{"type":"Polygon","coordinates":[[[-87.77862213511018,41.88215709345611],[-87.77863465970866,41.882568626915486],[-87.77877422558205,41.88256633792586],[-87.77876169888336,41.88215480447037],[-87.7787176996285,41.882155524743354],[-87.77862213511018,41.88215709345611]]],"crs":null},"type":"Feature","properties":{"name":"16083150290000","pin":"16083150290000","units":2,"yearBuilt":1910,"address":"114 WASHINGTON BLVD","url":"https://www.cookcountyassessor.com/pin/16083150290000"}},{"geometry":{"type":"Polygon","coordinates":[[[-87.79197877406202,41.88922481823765],[-87.7919815786269,41.8893276307253],[-87.79259455892424,41.88931668764576],[-87.79259175337656,41.88921387516712],[-87.79197877406202,41.88922481823765]]],"crs":null},"type":"Feature","properties":{"name":"16072190240000","pin":"16072190240000","units":2,"yearBuilt":1953,"address":"154 N EUCLID AVE","url":"https://www.cookcountyassessor.com/pin/16072190240000"}},{"geometry":{"type":"Polygon","coordinates":[[[-87.77853660044825,41.86787157408717],[-87.77853742998923,41.867894464871156],[-87.77898723258991,41.86788801966196],[-87.77898640168405,41.86786512887442],[-87.77898398391015,41.86779656581466],[-87.77853418195824,41.867803010114805],[-87.77853660044825,41.86787157408717]]],"crs":null},"type":"Feature","properties":{"name":"16173200150000","pin":"16173200150000","units":2,"yearBuilt":1916,"address":"1132 S LOMBARD AVE","url":"https://www.cookcountyassessor.com/pin/16173200150000"}},{"geometry":{"type":"Polygon","coordinates":[[[-87.77432830584685,41.866867350615834],[-87.77433225538573,41.86697022529204],[-87.7747821991717,41.86696374231095],[-87.77478425565768,41.86696369739141],[-87.77478030490839,41.86686087854527],[-87.77432830584685,41.866867350615834]]],"crs":null},"type":"Feature","properties":{"name":"16173310150000","pin":"16173310150000","units":2,"yearBuilt":1913,"address":"1028 S AUSTIN BLVD 1","url":"https://www.cookcountyassessor.com/pin/16173310150000"}},{"geometry":{"type":"Polygon","coordinates":[[[-87.80188966447768,41.885030201899816],[-87.80189350550788,41.88514273373525],[-87.80212152984186,41.88513758716329],[-87.80213578223918,41.88513726864277],[-87.80237813122267,41.885131803373106],[-87.8023742154022,41.88501932522748],[-87.80188966447768,41.885030201899816]]],"crs":null},"type":"Feature","properties":{"name":"16073090040000","pin":"16073090040000","units":4,"yearBuilt":1883,"address":"216 S MARION ST","url":"https://www.cookcountyassessor.com/pin/16073090040000"}},{"geometry":{"type":"Polygon","coordinates":[[[-87.78073126750053,41.89474162674587],[-87.78074536122452,41.89515195929095],[-87.78086702458617,41.8951502397965],[-87.78085293150343,41.89473974250596],[-87.78073126750053,41.89474162674587]]],"crs":null},"type":"Feature","properties":{"name":"16053230230000","pin":"16053230230000","units":3,"yearBuilt":1927,"address":"214 CHICAGO AVE","url":"https://www.cookcountyassessor.com/pin/16053230230000"}},{"geometry":{"type":"Polygon","coordinates":[[[-87.79395357443359,41.86748359475124],[-87.79395593472533,41.86755215724855],[-87.79445986851759,41.86754338107444],[-87.79445750814868,41.867474763665285],[-87.79429858354129,41.867477549021],[-87.79422980146337,41.86747875405944],[-87.79416278184894,41.867479928616035],[-87.79409539480086,41.867481109511445],[-87.79395357443359,41.86748359475124]]],"crs":null},"type":"Feature","properties":{"name":"16183220350000","pin":"16183220350000","units":5,"yearBuilt":1959,"address":"1135 S OAK PARK AVE","url":"https://www.cookcountyassessor.com/pin/16183220350000"}},{"geometry":{"type":"Polygon","coordinates":[[[-87.80152437433497,41.890702356065376],[-87.80154148890436,41.89122483088428],[-87.80166263408209,41.89122259265849],[-87.80164551898112,41.89070006293299],[-87.80152437433497,41.890702356065376]]],"crs":null},"type":"Feature","properties":{"name":"16071140210000","pin":"16071140210000","units":2,"yearBuilt":1908,"address":"1028 ONTARIO ST 1","url":"https://www.cookcountyassessor.com/pin/16071140210000"}},{"geometry":{"type":"Polygon","coordinates":[[[-87.7772975209074,41.884788351724545],[-87.77730087948973,41.884900827079775],[-87.77793098696888,41.8848921861606],[-87.77792762681361,41.88477976483527],[-87.7772975209074,41.884788351724545]]],"crs":null},"type":"Feature","properties":{"name":"16083100040000","pin":"16083100040000","units":2,"yearBuilt":1903,"address":"210 S TAYLOR AVE","url":"https://www.cookcountyassessor.com/pin/16083100040000"}},{"geometry":{"type":"Polygon","coordinates":[[[-87.80089765406957,41.8858295077783],[-87.80090934440886,41.88616419599286],[-87.80106044730046,41.88616198743482],[-87.80104875617266,41.88582729923095],[-87.80089765406957,41.8858295077783]]],"crs":null},"type":"Feature","properties":{"name":"16073020180000","pin":"16073020180000","units":2,"yearBuilt":1887,"address":"1018 PLEASANT ST","url":"https://www.cookcountyassessor.com/pin/16073020180000"}},{"geometry":{"type":"Polygon","coordinates":[[[-87.78556572394008,41.88887964175507],[-87.78556929148597,41.889003643982534],[-87.78620063194683,41.88899293244773],[-87.78619713547234,41.8888689305768],[-87.78556572394008,41.88887964175507]]],"crs":null},"type":"Feature","properties":{"name":"16072230100000","pin":"16072230100000","units":2,"yearBuilt":1914,"address":"134 N ELMWOOD AVE","url":"https://www.cookcountyassessor.com/pin/16072230100000"}},{"geometry":{"type":"Polygon","coordinates":[[[-87.78254704064979,41.88836937225067],[-87.7825535843873,41.88860798889615],[-87.78274406755543,41.88860539008546],[-87.78273767196418,41.88837511673048],[-87.78254704064979,41.88836937225067]]],"crs":null},"type":"Feature","properties":{"name":"16081190260000","pin":"16081190260000","units":2,"yearBuilt":1957,"address":"260 LAKE ST","url":"https://www.cookcountyassessor.com/pin/16081190260000"}},{"geometry":{"type":"Polygon","coordinates":[[[-87.78046697911742,41.86743334926458],[-87.78046947267063,41.86750196758517],[-87.78093292772107,41.86749569031395],[-87.7809300386881,41.867413348836926],[-87.78046651075988,41.8674196257465],[-87.78046697911742,41.86743334926458]]],"crs":null},"type":"Feature","properties":{"name":"16173180380000","pin":"16173180380000","units":2,"yearBuilt":1898,"address":"1141 S HARVEY AVE 2","url":"https://www.cookcountyassessor.com/pin/16173180380000"}},{"geometry":{"type":"Polygon","coordinates":[[[-87.79461162727839,41.88763082580543],[-87.79461576105533,41.88776838691139],[-87.79516288352602,41.8877611276622],[-87.79515977797737,41.88762351647207],[-87.79461162727839,41.88763082580543]]],"crs":null},"type":"Feature","properties":{"name":"16071290250000","pin":"16071290250000","units":6,"yearBuilt":1904,"address":"109 N OAK PARK AVE","url":"https://www.cookcountyassessor.com/pin/16071290250000"}},{"geometry":{"type":"Polygon","coordinates":[[[-87.78217194606275,41.86604224610741],[-87.78217436860514,41.86611064528485],[-87.78264031597692,41.86610371401708],[-87.78263796640111,41.866035316099016],[-87.78263749261131,41.866022031928495],[-87.78217147236941,41.866028961935584],[-87.78217194606275,41.86604224610741]]],"crs":null},"type":"Feature","properties":{"name":"16173250440000","pin":"16173250440000","units":2,"yearBuilt":1906,"address":"1178 S CUYLER AVE","url":"https://www.cookcountyassessor.com/pin/16173250440000"}},{"geometry":{"type":"Polygon","coordinates":[[[-87.79159940983789,41.86990173163812],[-87.79160058852418,41.86993604034897],[-87.79206326833662,41.869927957950885],[-87.79206208940296,41.86989364924331],[-87.79205980380968,41.869825032168144],[-87.79159712594385,41.869833114562425],[-87.79159940983789,41.86990173163812]]],"crs":null},"type":"Feature","properties":{"name":"16184080280000","pin":"16184080280000","units":3,"yearBuilt":1896,"address":"1021 WESLEY AVE","url":"https://www.cookcountyassessor.com/pin/16184080280000"}},{"geometry":{"type":"Polygon","coordinates":[[[-87.77732046662248,41.88553879570147],[-87.7773239220804,41.88564858218758],[-87.77795398385774,41.885637580232896],[-87.77795052732127,41.88552779375901],[-87.77732046662248,41.88553879570147]]],"crs":null},"type":"Feature","properties":{"name":"16083040130000","pin":"16083040130000","units":2,"yearBuilt":1912,"address":"140 S TAYLOR AVE","url":"https://www.cookcountyassessor.com/pin/16083040130000"}},{"geometry":{"type":"Polygon","coordinates":[[[-87.79935318305445,41.886013940460934],[-87.79935828929955,41.88615935425602],[-87.79998076430293,41.886151105176964],[-87.7999756578512,41.88600569140676],[-87.79935318305445,41.886013940460934]]],"crs":null},"type":"Feature","properties":{"name":"16073030080000","pin":"16073030080000","units":3,"yearBuilt":1902,"address":"118 HOME AVE 1","url":"https://www.cookcountyassessor.com/pin/16073030080000"}},{"geometry":{"type":"Polygon","coordinates":[[[-87.80453964822904,41.89208505657002],[-87.80454156765963,41.89213737077218],[-87.80465176824795,41.89213529868134],[-87.8046498499324,41.89208298448603],[-87.80464410677753,41.89192417554252],[-87.804533906552,41.89192624762818],[-87.80453964822904,41.89208505657002]]],"crs":null},"type":"Feature","properties":{"name":"16071060250000","pin":"16071060250000","units":3,"yearBuilt":1893,"address":"1140 ERIE ST","url":"https://www.cookcountyassessor.com/pin/16071060250000"}},{"geometry":{"type":"Polygon","coordinates":[[[-87.77854392655736,41.86807731856038],[-87.77854641686669,41.86814593689697],[-87.77899614774896,41.86813949220914],[-87.77899373043972,41.86807087333367],[-87.77854392655736,41.86807731856038]]],"crs":null},"type":"Feature","properties":{"name":"16173200120000","pin":"16173200120000","units":3,"yearBuilt":1916,"address":"1124 S LOMBARD AVE","url":"https://www.cookcountyassessor.com/pin/16173200120000"}},{"geometry":{"type":"Polygon","coordinates":[[[-87.79327716031317,41.868251278316116],[-87.79327951943938,41.868319895733016],[-87.79373961569654,41.86831195917918],[-87.79373607580908,41.86820908798215],[-87.79327597908494,41.868217024520604],[-87.79327716031317,41.868251278316116]]],"crs":null},"type":"Feature","properties":{"name":"16184140050000","pin":"16184140050000","units":2,"yearBuilt":1918,"address":"1112 S OAK PARK AVE","url":"https://www.cookcountyassessor.com/pin/16184140050000"}},{"geometry":{"type":"Polygon","coordinates":[[[-87.78008787458305,41.89252480123825],[-87.78009197998219,41.89266192321084],[-87.78072091474519,41.89265331635591],[-87.78071688030498,41.89251619384511],[-87.78008787458305,41.89252480123825]]],"crs":null},"type":"Feature","properties":{"name":"16081080120000","pin":"16081080120000","units":2,"yearBuilt":1916,"address":"319 N LOMBARD AVE","url":"https://www.cookcountyassessor.com/pin/16081080120000"}},{"geometry":{"type":"Polygon","coordinates":[[[-87.79325370698878,41.867565487395495],[-87.79325488773453,41.8675997961139],[-87.79371490535644,41.86759185928225],[-87.79371136479361,41.86748893314748],[-87.79325142138212,41.867496870314916],[-87.79325370698878,41.867565487395495]]],"crs":null},"type":"Feature","properties":{"name":"16184140120000","pin":"16184140120000","units":2,"yearBuilt":1913,"address":"1134 S OAK PARK AVE","url":"https://www.cookcountyassessor.com/pin/16184140120000"}},{"geometry":{"type":"Polygon","coordinates":[[[-87.78804014798621,41.88597230528611],[-87.78804267155044,41.88606419453002],[-87.788688235166,41.88605304342522],[-87.78868570993842,41.88596109926545],[-87.78804014798621,41.88597230528611]]],"crs":null},"type":"Feature","properties":{"name":"16074030150000","pin":"16074030150000","units":2,"yearBuilt":1888,"address":"127 S SCOVILLE AVE","url":"https://www.cookcountyassessor.com/pin/16074030150000"}},{"geometry":{"type":"Polygon","coordinates":[[[-87.78492310629873,41.89108503605946],[-87.78492694065875,41.89122067464868],[-87.7855584474118,41.891210132231336],[-87.78555453822399,41.8910744924041],[-87.78492310629873,41.89108503605946]]],"crs":null},"type":"Feature","properties":{"name":"16072170120000","pin":"16072170120000","units":2,"yearBuilt":1888,"address":"221 N RIDGELAND AVE","url":"https://www.cookcountyassessor.com/pin/16072170120000"}},{"geometry":{"type":"Polygon","coordinates":[[[-87.80420095283829,41.885693292769766],[-87.80420526563728,41.88580258815993],[-87.80482760747375,41.88579217207348],[-87.80482351410278,41.88568287681475],[-87.80420095283829,41.885693292769766]]],"crs":null},"type":"Feature","properties":{"name":"16073000080000","pin":"16073000080000","units":2,"yearBuilt":1888,"address":"125 S MAPLE AVE","url":"https://www.cookcountyassessor.com/pin/16073000080000"}},{"geometry":{"type":"Polygon","coordinates":[[[-87.79328423937136,41.86845707565106],[-87.79328652549874,41.86852563780104],[-87.79374662368514,41.86851764720951],[-87.79374308331674,41.86841483093511],[-87.79328305980343,41.86842276694355],[-87.79328423937136,41.86845707565106]]],"crs":null},"type":"Feature","properties":{"name":"16184140030000","pin":"16184140030000","units":2,"yearBuilt":1922,"address":"1106 S OAK PARK AVE","url":"https://www.cookcountyassessor.com/pin/16184140030000"}},{"geometry":{"type":"Polygon","coordinates":[[[-87.78656517760956,41.89146460189745],[-87.7865690166633,41.89160024044941],[-87.78719927747771,41.891589683080845],[-87.78719543830336,41.89145404364725],[-87.78656517760956,41.89146460189745]]],"crs":null},"type":"Feature","properties":{"name":"16072160090000","pin":"16072160090000","units":2,"yearBuilt":1908,"address":"233 N ELMWOOD AVE","url":"https://www.cookcountyassessor.com/pin/16072160090000"}},{"geometry":{"type":"Polygon","coordinates":[[[-87.7932701526454,41.868045590250986],[-87.79327251342559,41.868114152757144],[-87.79373253518861,41.86810616185863],[-87.79372899411591,41.86800329065216],[-87.79326897309028,41.86801128154096],[-87.7932701526454,41.868045590250986]]],"crs":null},"type":"Feature","properties":{"name":"16184140070000","pin":"16184140070000","units":2,"yearBuilt":1909,"address":"1118 S OAK PARK AVE","url":"https://www.cookcountyassessor.com/pin/16184140070000"}},{"geometry":{"type":"Polygon","coordinates":[[[-87.778565108112,41.88019967265484],[-87.77857558234,41.88054259019567],[-87.7786673236141,41.88054122273659],[-87.77865685010038,41.88019830520688],[-87.778565108112,41.88019967265484]]],"crs":null},"type":"Feature","properties":{"name":"16083210240000","pin":"16083210240000","units":2,"yearBuilt":1921,"address":"114 MADISON ST","url":"https://www.cookcountyassessor.com/pin/16083210240000"}},{"geometry":{"type":"Polygon","coordinates":[[[-87.78412953547331,41.89650030528012],[-87.78414400720413,41.89691184647425],[-87.78429080204802,41.89690969433532],[-87.78427632769946,41.896498208066724],[-87.78412953547331,41.89650030528012]]],"crs":null},"type":"Feature","properties":{"name":"16053150310000","pin":"16053150310000","units":2,"yearBuilt":1903,"address":"316 IOWA ST","url":"https://www.cookcountyassessor.com/pin/16053150310000"}},{"geometry":{"type":"Polygon","coordinates":[[[-87.7980574493215,41.88635994047518],[-87.79806174106707,41.886488117059976],[-87.79850491076441,41.88648222280755],[-87.79850061812557,41.88635404713435],[-87.7980574493215,41.88635994047518]]],"crs":null},"type":"Feature","properties":{"name":"16073040040000","pin":"16073040040000","units":2,"yearBuilt":1878,"address":"110 CLINTON AVE","url":"https://www.cookcountyassessor.com/pin/16073040040000"}},{"geometry":{"type":"Polygon","coordinates":[[[-87.80508887543364,41.89747865639256],[-87.80509994479124,41.897766798446085],[-87.805113536308,41.897766586361456],[-87.8051990594792,41.897765058393276],[-87.80525266610505,41.89772298889245],[-87.8052436048066,41.89747640412565],[-87.80510246809439,41.897478444314416],[-87.80508887543364,41.89747865639256]]],"crs":null},"type":"Feature","properties":{"name":"16063140220000","pin":"16063140220000","units":4,"yearBuilt":1965,"address":"1137 AUGUSTA ST","url":"https://www.cookcountyassessor.com/pin/16063140220000"}},{"geometry":{"type":"Polygon","coordinates":[[[-87.79398411531155,41.86837518288462],[-87.79398647565871,41.86844374537106],[-87.79449078502533,41.86843497083459],[-87.79448718077279,41.868330727232994],[-87.79398287342984,41.86833950176426],[-87.79398411531155,41.86837518288462]]],"crs":null},"type":"Feature","properties":{"name":"16183220230000","pin":"16183220230000","units":2,"yearBuilt":1909,"address":"1109 S OAK PARK AVE","url":"https://www.cookcountyassessor.com/pin/16183220230000"}},{"geometry":{"type":"Polygon","coordinates":[[[-87.7825535843873,41.88860798889615],[-87.7825589138872,41.88880000250398],[-87.78293973316114,41.888794802945256],[-87.78293440372572,41.8886027893539],[-87.78274406755543,41.88860539008546],[-87.7825535843873,41.88860798889615]]],"crs":null},"type":"Feature","properties":{"name":"16081190240000","pin":"16081190240000","units":4,"yearBuilt":1920,"address":"130 N CUYLER AVE","url":"https://www.cookcountyassessor.com/pin/16081190240000"}},{"geometry":{"type":"Polygon","coordinates":[[[-87.77728394258449,41.88433839376239],[-87.7772872999232,41.88445086912073],[-87.77791740298146,41.88444222824871],[-87.77791404286506,41.88432980691444],[-87.77728394258449,41.88433839376239]]],"crs":null},"type":"Feature","properties":{"name":"16083100080000","pin":"16083100080000","units":2,"yearBuilt":1904,"address":"222 S TAYLOR AVE","url":"https://www.cookcountyassessor.com/pin/16083100080000"}},{"geometry":{"type":"Polygon","coordinates":[[[-87.79928977601695,41.88315896585538],[-87.79929342630321,41.88325854368409],[-87.7998788955858,41.883245732954876],[-87.79987524319348,41.88314615423341],[-87.79928977601695,41.88315896585538]]],"crs":null},"type":"Feature","properties":{"name":"16073170240000","pin":"16073170240000","units":2,"yearBuilt":1968,"address":"300 HOME AVE","url":"https://www.cookcountyassessor.com/pin/16073170240000"}},{"geometry":{"type":"Polygon","coordinates":[[[-87.78332595190307,41.88011889498746],[-87.783333962416,41.880426563590795],[-87.78351752082749,41.88042349093273],[-87.78350951037568,41.88011571249939],[-87.78341769440159,41.880117303154016],[-87.78332595190307,41.88011889498746]]],"crs":null},"type":"Feature","properties":{"name":"16083180070000","pin":"16083180070000","units":6,"yearBuilt":1912,"address":"312 MADISON ST","url":"https://www.cookcountyassessor.com/pin/16083180070000"}},{"geometry":{"type":"Polygon","coordinates":[[[-87.80452284202359,41.89672292036363],[-87.80453415040431,41.897017265156954],[-87.80471848710417,41.89701460162212],[-87.8047071778771,41.89672025684194],[-87.80452284202359,41.89672292036363]]],"crs":null},"type":"Feature","properties":{"name":"16063150050000","pin":"16063150050000","units":2,"yearBuilt":1927,"address":"1127 MILLER AVE","url":"https://www.cookcountyassessor.com/pin/16063150050000"}},{"geometry":{"type":"Polygon","coordinates":[[[-87.78563958600499,41.89148011396052],[-87.78564349585751,41.8916156988579],[-87.78627530043508,41.89160515302345],[-87.7862713892389,41.89146956903967],[-87.78563958600499,41.89148011396052]]],"crs":null},"type":"Feature","properties":{"name":"16072170010000","pin":"16072170010000","units":2,"yearBuilt":1893,"address":"230 N ELMWOOD AVE 1 2","url":"https://www.cookcountyassessor.com/pin/16072170010000"}},{"geometry":{"type":"Polygon","coordinates":[[[-87.77848264481041,41.88215938352757],[-87.77849516851389,41.88257091699655],[-87.77863465970866,41.882568626915486],[-87.77862213511018,41.88215709345611],[-87.77853413658673,41.882158534778576],[-87.77848264481041,41.88215938352757]]],"crs":null},"type":"Feature","properties":{"name":"16083150300000","pin":"16083150300000","units":2,"yearBuilt":1915,"address":"110 WASHINGTON BLVD","url":"https://www.cookcountyassessor.com/pin/16083150300000"}},{"geometry":{"type":"Polygon","coordinates":[[[-87.77559343786997,41.905156819920286],[-87.7755955835412,41.905222691969946],[-87.7760558635525,41.90521587012225],[-87.77605364389252,41.90514999772148],[-87.77605194221599,41.90510064816186],[-87.7755918095854,41.9051075256315],[-87.77559343786997,41.905156819920286]]],"crs":null},"type":"Feature","properties":{"name":"16051200250000","pin":"16051200250000","units":3,"yearBuilt":1922,"address":"1336 N AUSTIN BLVD","url":"https://www.cookcountyassessor.com/pin/16051200250000"}},{"geometry":{"type":"Polygon","coordinates":[[[-87.8042161139137,41.88608123484042],[-87.80422137593392,41.8862178681043],[-87.80460270236495,41.886211501500135],[-87.80484306156349,41.8862074480157],[-87.80483794399495,41.88607081634365],[-87.8042161139137,41.88608123484042]]],"crs":null},"type":"Feature","properties":{"name":"16073000050000","pin":"16073000050000","units":4,"yearBuilt":1888,"address":"111 S MAPLE AVE 1","url":"https://www.cookcountyassessor.com/pin/16073000050000"}},{"geometry":{"type":"Polygon","coordinates":[[[-87.78790808914758,41.86955357698711],[-87.7879103702933,41.86962219412178],[-87.78837333990452,41.86961423870653],[-87.78836980858047,41.8695113665176],[-87.78790691150732,41.869519378085535],[-87.78790808914758,41.86955357698711]]],"crs":null},"type":"Feature","properties":{"name":"16184110230000","pin":"16184110230000","units":3,"yearBuilt":1910,"address":"1031 S SCOVILLE AVE","url":"https://www.cookcountyassessor.com/pin/16184110230000"}},{"geometry":{"type":"Polygon","coordinates":[[[-87.80299661611589,41.87970746321174],[-87.80300873861862,41.88005318548685],[-87.80310077539701,41.88005163420751],[-87.80308865073958,41.87970596685247],[-87.80299661611589,41.87970746321174]]],"crs":null},"type":"Feature","properties":{"name":"16073220220000","pin":"16073220220000","units":2,"yearBuilt":1955,"address":"1114 MADISON ST","url":"https://www.cookcountyassessor.com/pin/16073220220000"}},{"geometry":{"type":"Polygon","coordinates":[[[-87.77496226776917,41.884745517187085],[-87.77496416663212,41.88480584487047],[-87.77559355848364,41.88479490751962],[-87.77559166023349,41.8847345798488],[-87.77559062807056,41.88470114961708],[-87.77496123713908,41.88471208695762],[-87.77496226776917,41.884745517187085]]],"crs":null},"type":"Feature","properties":{"name":"16083110130000","pin":"16083110130000","units":2,"yearBuilt":1915,"address":"220 N AUSTIN BLVD","url":"https://www.cookcountyassessor.com/pin/16083110130000"}},{"geometry":{"type":"Polygon","coordinates":[[[-87.79647483525903,41.88592192526424],[-87.79647883671576,41.886058058686565],[-87.79699582661333,41.886051199025616],[-87.7969916770789,41.88591506402796],[-87.79647483525903,41.88592192526424]]],"crs":null},"type":"Feature","properties":{"name":"16073050060000","pin":"16073050060000","units":2,"yearBuilt":1906,"address":"122 S KENILWORTH AVE 2","url":"https://www.cookcountyassessor.com/pin/16073050060000"}},{"geometry":{"type":"Polygon","coordinates":[[[-87.78173314629991,41.86851161912715],[-87.7817354940291,41.8685801268666],[-87.78220109057281,41.86857336138395],[-87.78219979591228,41.868536033160474],[-87.78219827288814,41.8684910743153],[-87.78173267693374,41.86849784069053],[-87.78173314629991,41.86851161912715]]],"crs":null},"type":"Feature","properties":{"name":"16173170230000","pin":"16173170230000","units":2,"yearBuilt":1907,"address":"1111 S HIGHLAND AVE","url":"https://www.cookcountyassessor.com/pin/16173170230000"}},{"geometry":{"type":"Polygon","coordinates":[[[-87.80411717025073,41.883332081958365],[-87.80412352400239,41.883514494673776],[-87.80474697420944,41.88350051604205],[-87.80474061868507,41.88331810335054],[-87.80411717025073,41.883332081958365]]],"crs":null},"type":"Feature","properties":{"name":"16073070130000","pin":"16073070130000","units":4,"yearBuilt":1908,"address":"201 N HARLEM AVE","url":"https://www.cookcountyassessor.com/pin/16073070130000"}},{"geometry":{"type":"Polygon","coordinates":[[[-87.78798510751852,41.88396314333033],[-87.78798886106354,41.8841003734142],[-87.78862940876876,41.88408947249807],[-87.78862565264846,41.88395224242105],[-87.78798510751852,41.88396314333033]]],"crs":null},"type":"Feature","properties":{"name":"16074090200000","pin":"16074090200000","units":2,"yearBuilt":1896,"address":"229 S SCOVILLE AVE","url":"https://www.cookcountyassessor.com/pin/16074090200000"}},{"geometry":{"type":"Polygon","coordinates":[[[-87.78074518131359,41.891005402896134],[-87.78074943458245,41.89114258051524],[-87.78137784792885,41.8911330338787],[-87.78137359331558,41.89099585627461],[-87.78074518131359,41.891005402896134]]],"crs":null},"type":"Feature","properties":{"name":"16081140060000","pin":"16081140060000","units":2,"yearBuilt":1894,"address":"216 N HARVEY AVE","url":"https://www.cookcountyassessor.com/pin/16081140060000"}},{"geometry":{"type":"Polygon","coordinates":[[[-87.7955159339002,41.89167865952185],[-87.79551898848199,41.89178740090758],[-87.79598093491425,41.89178034209991],[-87.79597795350976,41.89167154614701],[-87.79553444718695,41.89167836177767],[-87.7955159339002,41.89167865952185]]],"crs":null},"type":"Feature","properties":{"name":"16071050190000","pin":"16071050190000","units":2,"yearBuilt":1908,"address":"310 N GROVE AVE","url":"https://www.cookcountyassessor.com/pin/16071050190000"}},{"geometry":{"type":"Polygon","coordinates":[[[-87.7791505542546,41.89199157508494],[-87.77915094873343,41.89200546295589],[-87.77977803819616,41.8919970162138],[-87.77977764573478,41.8919830185129],[-87.77977480001672,41.89188723096416],[-87.7791476369301,41.891895676434345],[-87.7791505542546,41.89199157508494]]],"crs":null},"type":"Feature","properties":{"name":"16081090100000","pin":"16081090100000","units":2,"yearBuilt":1912,"address":"300 N LOMBARD AVE 2","url":"https://www.cookcountyassessor.com/pin/16081090100000"}},{"geometry":{"type":"Polygon","coordinates":[[[-87.77473308734486,41.87789283029411],[-87.7747338531269,41.87791445847251],[-87.77519461473763,41.87790577663972],[-87.77519384880026,41.87788414846343],[-87.77519170552463,41.877826563771194],[-87.77473094448278,41.877835245595854],[-87.77473308734486,41.87789283029411]]],"crs":null},"type":"Feature","properties":{"name":"16171150200000","pin":"16171150200000","units":2,"yearBuilt":1910,"address":"136 S AUSTIN BLVD","url":"https://www.cookcountyassessor.com/pin/16171150200000"}},{"geometry":{"type":"Polygon","coordinates":[[[-87.79865165732312,41.88363750288062],[-87.79865459735565,41.88372533243726],[-87.79927595081584,41.883716697479926],[-87.79927300947512,41.88362892285293],[-87.79865165732312,41.88363750288062]]],"crs":null},"type":"Feature","properties":{"name":"16073100250000","pin":"16073100250000","units":2,"yearBuilt":1908,"address":"247 CLINTON AVE","url":"https://www.cookcountyassessor.com/pin/16073100250000"}},{"geometry":{"type":"Polygon","coordinates":[[[-87.80322397698187,41.88753703955138],[-87.80311612947712,41.88753978019774],[-87.80312690704866,41.88779976516535],[-87.80323482258427,41.887797738795165],[-87.80332775258654,41.88779602670921],[-87.80331683855054,41.88753466900736],[-87.80322397698187,41.88753703955138]]],"crs":null},"type":"Feature","properties":{"name":"16071250080000","pin":"16071250080000","units":5,"yearBuilt":1931,"address":"1125 WESTGATE ST","url":"https://www.cookcountyassessor.com/pin/16071250080000"}},{"geometry":{"type":"Polygon","coordinates":[[[-87.79319683014779,41.865808619344236],[-87.79319730196256,41.865822397754826],[-87.79365613435662,41.865814236782995],[-87.79365566244338,41.865800458373684],[-87.7936536856458,41.865738758287314],[-87.79319485379132,41.86574691925266],[-87.79319683014779,41.865808619344236]]],"crs":null},"type":"Feature","properties":{"name":"16184220110000","pin":"16184220110000","units":2,"yearBuilt":1923,"address":"1182 S OAK PARK AVE","url":"https://www.cookcountyassessor.com/pin/16184220110000"}},{"geometry":{"type":"Polygon","coordinates":[[[-87.7747200245063,41.87753760548624],[-87.77472406619438,41.877646901659894],[-87.77518482588363,41.87763821985434],[-87.77518381616083,41.87761082739217],[-87.77518085689464,41.87752892404909],[-87.7747200245063,41.87753760548624]]],"crs":null},"type":"Feature","properties":{"name":"16171150230000","pin":"16171150230000","units":3,"yearBuilt":1921,"address":"142 S AUSTIN BLVD 1","url":"https://www.cookcountyassessor.com/pin/16171150230000"}},{"geometry":{"type":"Polygon","coordinates":[[[-87.78370066521656,41.881822838428434],[-87.78371035775608,41.88216586153833],[-87.78385601838714,41.88216348479777],[-87.78384654600616,41.881820407831555],[-87.78370066521656,41.881822838428434]]],"crs":null},"type":"Feature","properties":{"name":"16083120210000","pin":"16083120210000","units":6,"yearBuilt":1922,"address":"316 WASHINGTON BLVD","url":"https://www.cookcountyassessor.com/pin/16083120210000"}},{"geometry":{"type":"Polygon","coordinates":[[[-87.79642505971988,41.8842348011292],[-87.79642774453438,41.88432641728008],[-87.79694313084758,41.88431658641185],[-87.79694037180501,41.88422496992527],[-87.79642505971988,41.8842348011292]]],"crs":null},"type":"Feature","properties":{"name":"16073120060000","pin":"16073120060000","units":2,"yearBuilt":1908,"address":"222 S KENILWORTH AVE","url":"https://www.cookcountyassessor.com/pin/16073120060000"}},{"geometry":{"type":"Polygon","coordinates":[[[-87.78798207434637,41.88385341403765],[-87.78798510751852,41.88396314333033],[-87.78862565264846,41.88395224242105],[-87.78862261838042,41.88384251313861],[-87.78798207434637,41.88385341403765]]],"crs":null},"type":"Feature","properties":{"name":"16074090210000","pin":"16074090210000","units":2,"yearBuilt":1908,"address":"233 S SCOVILLE AVE 1","url":"https://www.cookcountyassessor.com/pin/16074090210000"}},{"geometry":{"type":"Polygon","coordinates":[[[-87.77820145309778,41.872906817830014],[-87.77820318278188,41.87296154642704],[-87.77865081634958,41.87295525686248],[-87.77864547336524,41.87280874320728],[-87.77819850212722,41.87281503595395],[-87.77820145309778,41.872906817830014]]],"crs":null},"type":"Feature","properties":{"name":"16171280350000","pin":"16171280350000","units":2,"yearBuilt":1918,"address":"126 HARRISON ST","url":"https://www.cookcountyassessor.com/pin/16171280350000"}},{"geometry":{"type":"Polygon","coordinates":[[[-87.79507940450125,41.88394172830722],[-87.79508339554812,41.88407873960694],[-87.79560267358593,41.88406882315076],[-87.79559860673349,41.8839318115126],[-87.79507940450125,41.88394172830722]]],"crs":null},"type":"Feature","properties":{"name":"16073130080000","pin":"16073130080000","units":2,"yearBuilt":1878,"address":"230 S GROVE AVE","url":"https://www.cookcountyassessor.com/pin/16073130080000"}},{"geometry":{"type":"Polygon","coordinates":[[[-87.79065740724664,41.886676857577065],[-87.79066061790508,41.88679207697802],[-87.79085198346881,41.886788754908316],[-87.79104342084158,41.886785487779655],[-87.79104028178523,41.886670268726604],[-87.79065740724664,41.886676857577065]]],"crs":null},"type":"Feature","properties":{"name":"16074020010000","pin":"16074020010000","units":2,"yearBuilt":1887,"address":"102 WESLEY AVE","url":"https://www.cookcountyassessor.com/pin/16074020010000"}},{"geometry":{"type":"Polygon","coordinates":[[[-87.8048654114288,41.90387511891982],[-87.80486606183901,41.903894166806914],[-87.80541585171297,41.90388297448567],[-87.80541519993427,41.90386392659518],[-87.80541087260897,41.903747110980994],[-87.80486123213414,41.90375830396753],[-87.8048654114288,41.90387511891982]]],"crs":null},"type":"Feature","properties":{"name":"16061130300000","pin":"16061130300000","units":3,"yearBuilt":1953,"address":"1307 N HARLEM AVE","url":"https://www.cookcountyassessor.com/pin/16061130300000"}},{"geometry":{"type":"Polygon","coordinates":[[[-87.79724795037949,41.886370653700666],[-87.79724818241291,41.886378064604216],[-87.79746848052524,41.88637514116769],[-87.79746824846636,41.88636773026443],[-87.79750416982462,41.88636723972482],[-87.79768862123673,41.886364806753924],[-87.79787299914356,41.88636237314397],[-87.79786869511155,41.886235569515144],[-87.79724408976114,41.886243851219604],[-87.79724795037949,41.886370653700666]]],"crs":null},"type":"Feature","properties":{"name":"16073040190000","pin":"16073040190000","units":2,"yearBuilt":1895,"address":"115 S KENILWORTH AVE","url":"https://www.cookcountyassessor.com/pin/16073040190000"}},{"geometry":{"type":"Polygon","coordinates":[[[-87.77876060955853,41.87228295061978],[-87.77877269979116,41.87262582149477],[-87.77886244608514,41.872624553172635],[-87.77885035610285,41.87228173722868],[-87.77876060955853,41.87228295061978]]],"crs":null},"type":"Feature","properties":{"name":"16173040040000","pin":"16173040040000","units":2,"yearBuilt":1908,"address":"141 HARRISON ST","url":"https://www.cookcountyassessor.com/pin/16173040040000"}},{"geometry":{"type":"Polygon","coordinates":[[[-87.79866090173331,41.883911806642516],[-87.79866231977283,41.88395314169387],[-87.79928360194839,41.883944506366134],[-87.79928225533793,41.88390322657505],[-87.79927983783564,41.88383197478307],[-87.79865848326615,41.88384060885448],[-87.79866090173331,41.883911806642516]]],"crs":null},"type":"Feature","properties":{"name":"16073100230000","pin":"16073100230000","units":2,"yearBuilt":1904,"address":"241 CLINTON AVE","url":"https://www.cookcountyassessor.com/pin/16073100230000"}},{"geometry":{"type":"Polygon","coordinates":[[[-87.77477849926179,41.87912961181041],[-87.77478145472585,41.879211898668444],[-87.7752381772683,41.87920423962711],[-87.77523514773262,41.87912195242006],[-87.77477849926179,41.87912961181041]]],"crs":null},"type":"Feature","properties":{"name":"16171070240000","pin":"16171070240000","units":2,"yearBuilt":1914,"address":"22 S AUSTIN BLVD","url":"https://www.cookcountyassessor.com/pin/16171070240000"}},{"geometry":{"type":"Polygon","coordinates":[[[-87.79357612515298,41.88372967714156],[-87.7935799644276,41.88386701730704],[-87.79425635583277,41.883855430546],[-87.79425236813474,41.883718088804116],[-87.79357612515298,41.88372967714156]]],"crs":null},"type":"Feature","properties":{"name":"16074060070000","pin":"16074060070000","units":2,"yearBuilt":1908,"address":"232 S OAK PARK AVE","url":"https://www.cookcountyassessor.com/pin/16074060070000"}},{"geometry":{"type":"Polygon","coordinates":[[[-87.77835899352884,41.88912363662753],[-87.77835923289216,41.88912994918142],[-87.77898931358301,41.88912069825193],[-87.77898914765498,41.88911438605379],[-87.77898497648603,41.88897665951365],[-87.77835452972478,41.88898590865214],[-87.77835899352884,41.88912363662753]]],"crs":null},"type":"Feature","properties":{"name":"16081210530000","pin":"16081210530000","units":3,"yearBuilt":1886,"address":"143 N TAYLOR AVE","url":"https://www.cookcountyassessor.com/pin/16081210530000"}},{"geometry":{"type":"Polygon","coordinates":[[[-87.79505022162124,41.88293845803417],[-87.79505420749533,41.88307607346457],[-87.79557304723319,41.88306472803285],[-87.79556898675561,41.88292711226952],[-87.79505022162124,41.88293845803417]]],"crs":null},"type":"Feature","properties":{"name":"16073200030000","pin":"16073200030000","units":2,"yearBuilt":1888,"address":"308 S GROVE AVE","url":"https://www.cookcountyassessor.com/pin/16073200030000"}},{"geometry":{"type":"Polygon","coordinates":[[[-87.77492948984035,41.87037293635433],[-87.77511278487052,41.87038842651551],[-87.77512627973448,41.870044362300554],[-87.77494298447837,41.87002887216009],[-87.77492948984035,41.87037293635433]]],"crs":null},"type":"Feature","properties":{"name":"16173150030000","pin":"16173150030000","units":5,"yearBuilt":1923,"address":"13 GARFIELD ST","url":"https://www.cookcountyassessor.com/pin/16173150030000"}},{"geometry":{"type":"Polygon","coordinates":[[[-87.77674890577555,41.86645972975421],[-87.77675014994766,41.866494038945696],[-87.77721360244685,41.866487393115555],[-87.77721235802697,41.86645308392754],[-87.7772099409893,41.86638451991926],[-87.77674649042964,41.866391166645386],[-87.77674890577555,41.86645972975421]]],"crs":null},"type":"Feature","properties":{"name":"16173290240000","pin":"16173290240000","units":2,"yearBuilt":1908,"address":"1171 S LYMAN AVE","url":"https://www.cookcountyassessor.com/pin/16173290240000"}},{"geometry":{"type":"Polygon","coordinates":[[[-87.7945107383231,41.88427051205195],[-87.79451348006734,41.884363774337885],[-87.79503275927004,41.884353860467606],[-87.79503001677075,41.88426059818948],[-87.7945107383231,41.88427051205195]]],"crs":null},"type":"Feature","properties":{"name":"16073130180000","pin":"16073130180000","units":2,"yearBuilt":1924,"address":"223 S OAK PARK AVE","url":"https://www.cookcountyassessor.com/pin/16073130180000"}},{"geometry":{"type":"Polygon","coordinates":[[[-87.77473967067382,41.87807299496583],[-87.77474234035832,41.878145895268055],[-87.77520310363113,41.878137213411684],[-87.77520043221844,41.878064313111004],[-87.77473967067382,41.87807299496583]]],"crs":null},"type":"Feature","properties":{"name":"16171150170000","pin":"16171150170000","units":3,"yearBuilt":1908,"address":"128 S AUSTIN BLVD","url":"https://www.cookcountyassessor.com/pin/16171150170000"}},{"geometry":{"type":"Polygon","coordinates":[[[-87.79783760385963,41.88434726958309],[-87.79784174687641,41.88448439223499],[-87.79843734029805,41.88447426958241],[-87.79843228201382,41.88432336743875],[-87.79783720444529,41.88433349157205],[-87.79783760385963,41.88434726958309]]],"crs":null},"type":"Feature","properties":{"name":"16073110130000","pin":"16073110130000","units":2,"yearBuilt":1893,"address":"228 CLINTON AVE","url":"https://www.cookcountyassessor.com/pin/16073110130000"}},{"geometry":{"type":"Polygon","coordinates":[[[-87.77471302486776,41.87734618717622],[-87.77471598330038,41.87742825529206],[-87.77517681370651,41.877419572960044],[-87.77517385588122,41.87733750575853],[-87.77517284473282,41.87731027805084],[-87.77471201391491,41.8773189594657],[-87.77471302486776,41.87734618717622]]],"crs":null},"type":"Feature","properties":{"name":"16171150250000","pin":"16171150250000","units":3,"yearBuilt":1923,"address":"208 S AUSTIN BLVD","url":"https://www.cookcountyassessor.com/pin/16171150250000"}},{"geometry":{"type":"Polygon","coordinates":[[[-87.7799136780274,41.87279115090836],[-87.77981845498981,41.872792458480596],[-87.7798223761185,41.87306568691857],[-87.77992343921093,41.87306414188396],[-87.7799210193597,41.872995687835896],[-87.7799136780274,41.87279115090836]]],"crs":null},"type":"Feature","properties":{"name":"16171270530000","pin":"16171270530000","units":2,"yearBuilt":1919,"address":"210 W HARRISON ST","url":"https://www.cookcountyassessor.com/pin/16171270530000"}},{"geometry":{"type":"Polygon","coordinates":[[[-87.80495785917975,41.906420662952854],[-87.80495971343414,41.90647204396715],[-87.80504047199959,41.90647049420905],[-87.80511696924845,41.90646903553419],[-87.8051808999743,41.90646779271403],[-87.80524475718052,41.90646654952022],[-87.80530861513729,41.90646536121506],[-87.80537254585684,41.90646411828815],[-87.80550746270508,41.906461500896484],[-87.80550568062431,41.90641023006364],[-87.8055038544104,41.90635539188151],[-87.80536886426815,41.90635800893229],[-87.80530486058956,41.906359196601045],[-87.80524100349116,41.906360439828944],[-87.80517707166807,41.90636168267763],[-87.80511314104805,41.90636292549627],[-87.8049558131819,41.90636593359279],[-87.80495785917975,41.906420662952854]]],"crs":null},"type":"Feature","properties":{"name":"16061070830000","pin":"16061070830000","units":2,"yearBuilt":1955,"address":"1431 N HARLEM AVE","url":"https://www.cookcountyassessor.com/pin/16061070830000"}},{"geometry":{"type":"Polygon","coordinates":[[[-87.78170216851849,41.86762227582292],[-87.78170451572014,41.86769083849202],[-87.78203799282956,41.867686018485706],[-87.78217010534011,41.86768412801406],[-87.78216775764875,41.867615564451086],[-87.78170216851849,41.86762227582292]]],"crs":null},"type":"Feature","properties":{"name":"16173170340000","pin":"16173170340000","units":2,"yearBuilt":1909,"address":"1137 S HIGHLAND AVE","url":"https://www.cookcountyassessor.com/pin/16173170340000"}},{"geometry":{"type":"Polygon","coordinates":[[[-87.77693909978504,41.90637849725186],[-87.77694223383494,41.9064745057061],[-87.77744322284431,41.906468096132805],[-87.77744001453458,41.906372086431375],[-87.77693909978504,41.90637849725186]]],"crs":null},"type":"Feature","properties":{"name":"16051120220000","pin":"16051120220000","units":2,"yearBuilt":1926,"address":"1113 N HUMPHREY AVE","url":"https://www.cookcountyassessor.com/pin/16051120220000"}},{"geometry":{"type":"Polygon","coordinates":[[[-87.77466108528866,41.8759317113333],[-87.77466613176166,41.87606905814046],[-87.77512099129929,41.87606193968103],[-87.77511601734253,41.875924592344674],[-87.77466108528866,41.8759317113333]]],"crs":null},"type":"Feature","properties":{"name":"16171230200000","pin":"16171230200000","units":4,"yearBuilt":1954,"address":"310 S AUSTIN BLVD","url":"https://www.cookcountyassessor.com/pin/16171230200000"}},{"geometry":{"type":"Polygon","coordinates":[[[-87.78656203877958,41.86610746806243],[-87.78656446533687,41.86617608685554],[-87.78702792636427,41.8661679185851],[-87.78702557397934,41.86609930105424],[-87.78656203877958,41.86610746806243]]],"crs":null},"type":"Feature","properties":{"name":"16184270300000","pin":"16184270300000","units":3,"yearBuilt":1898,"address":"1175 GUNDERSON AVE","url":"https://www.cookcountyassessor.com/pin/16184270300000"}},{"geometry":{"type":"Polygon","coordinates":[[[-87.78239829143136,41.891943700174735],[-87.78239983377148,41.89199502524347],[-87.78302810314695,41.891986072124936],[-87.78302386473908,41.8918380275524],[-87.78239551813026,41.89184758350804],[-87.78239829143136,41.891943700174735]]],"crs":null},"type":"Feature","properties":{"name":"16081070090000","pin":"16081070090000","units":4,"yearBuilt":1895,"address":"300 N CUYLER AVE","url":"https://www.cookcountyassessor.com/pin/16081070090000"}},{"geometry":{"type":"Polygon","coordinates":[[[-87.77552707491866,41.90315863507857],[-87.77553015590566,41.90325190002935],[-87.77598961384301,41.90324512935541],[-87.77598487951187,41.90310520528823],[-87.77552557033914,41.90311203068758],[-87.77552707491866,41.90315863507857]]],"crs":null},"type":"Feature","properties":{"name":"16051270250000","pin":"16051270250000","units":6,"yearBuilt":1922,"address":"1232 N AUSTIN BLVD","url":"https://www.cookcountyassessor.com/pin/16051270250000"}},{"geometry":{"type":"Polygon","coordinates":[[[-87.7783302881981,41.888239465573456],[-87.77833318818297,41.88832872239655],[-87.7787126269738,41.88832542450119],[-87.77880794005993,41.888324594592916],[-87.7788057552464,41.88825455093335],[-87.7787103685023,41.88825151081387],[-87.77851937288267,41.888245483284635],[-87.7783302881981,41.888239465573456]]],"crs":null},"type":"Feature","properties":{"name":"16081210510000","pin":"16081210510000","units":2,"yearBuilt":1974,"address":"119 N TAYLOR AVE","url":"https://www.cookcountyassessor.com/pin/16081210510000"}},{"geometry":{"type":"Polygon","coordinates":[[[-87.77909620289763,41.89021501611945],[-87.77910044453304,41.890353127412425],[-87.77972833010729,41.89034424629585],[-87.77972408996465,41.89020580550635],[-87.77909620289763,41.89021501611945]]],"crs":null},"type":"Feature","properties":{"name":"16081210010000","pin":"16081210010000","units":3,"yearBuilt":1900,"address":"178 N LOMBARD AVE 1","url":"https://www.cookcountyassessor.com/pin/16081210010000"}},{"geometry":{"type":"Polygon","coordinates":[[[-87.79399348519168,41.868649488310865],[-87.7939958455559,41.868718050794],[-87.79450030420533,41.868709112156495],[-87.7944979423798,41.86864065951833],[-87.79449704767013,41.868615957045044],[-87.79399266415017,41.868624786179886],[-87.79399348519168,41.868649488310865]]],"crs":null},"type":"Feature","properties":{"name":"16183220200000","pin":"16183220200000","units":3,"yearBuilt":1924,"address":"1101 S OAK PARK AVE","url":"https://www.cookcountyassessor.com/pin/16183220200000"}},{"geometry":{"type":"Polygon","coordinates":[[[-87.78234037723422,41.889895994775834],[-87.78234412058481,41.89003316991958],[-87.78297368967472,41.89002455283407],[-87.7829698726839,41.889887377356104],[-87.78296915275759,41.88985993148426],[-87.78233958529178,41.889868547654544],[-87.78234037723422,41.889895994775834]]],"crs":null},"type":"Feature","properties":{"name":"16081190050000","pin":"16081190050000","units":2,"yearBuilt":1891,"address":"168 N CUYLER AVE","url":"https://www.cookcountyassessor.com/pin/16081190050000"}},{"geometry":{"type":"Polygon","coordinates":[[[-87.77675629950285,41.86666547561269],[-87.7767587155945,41.866734093642755],[-87.7772221686306,41.86672744688265],[-87.77721975324789,41.86665882886509],[-87.77721726319359,41.86659021048509],[-87.77675381114857,41.866596857231535],[-87.77675629950285,41.86666547561269]]],"crs":null},"type":"Feature","properties":{"name":"16173290220000","pin":"16173290220000","units":2,"yearBuilt":1910,"address":"1163 S LYMAN AVE","url":"https://www.cookcountyassessor.com/pin/16173290220000"}},{"geometry":{"type":"Polygon","coordinates":[[[-87.79646252479361,41.88550605880397],[-87.79646636712543,41.885635001355006],[-87.79698298614483,41.88562814001361],[-87.79697922716274,41.88550682647255],[-87.79697907048572,41.88549919713604],[-87.79646252479361,41.88550605880397]]],"crs":null},"type":"Feature","properties":{"name":"16073050090000","pin":"16073050090000","units":2,"yearBuilt":1903,"address":"134 S KENILWORTH AVE","url":"https://www.cookcountyassessor.com/pin/16073050090000"}},{"geometry":{"type":"Polygon","coordinates":[[[-87.78377666661214,41.88324713883296],[-87.78378060034505,41.88338815766574],[-87.78441216530796,41.883378993848176],[-87.7844082318612,41.88323792011558],[-87.78377666661214,41.88324713883296]]],"crs":null},"type":"Feature","properties":{"name":"16083120010000","pin":"16083120010000","units":2,"yearBuilt":1913,"address":"300 S RIDGELAND AVE 1ST","url":"https://www.cookcountyassessor.com/pin/16083120010000"}},{"geometry":{"type":"Polygon","coordinates":[[[-87.77569361194739,41.908175420708766],[-87.77569676807116,41.9082686850392],[-87.7761978418385,41.9082626099539],[-87.77619475850456,41.90816934598945],[-87.77569361194739,41.908175420708766]]],"crs":null},"type":"Feature","properties":{"name":"16051060230000","pin":"16051060230000","units":2,"yearBuilt":1922,"address":"1520 N AUSTIN BLVD","url":"https://www.cookcountyassessor.com/pin/16051060230000"}},{"geometry":{"type":"Polygon","coordinates":[[[-87.77976963891881,41.894756314778725],[-87.77977874181802,41.8950888519165],[-87.77987270877085,41.89508738350936],[-87.77986147449778,41.89475489192701],[-87.77976963891881,41.894756314778725]]],"crs":null},"type":"Feature","properties":{"name":"16053240300000","pin":"16053240300000","units":6,"yearBuilt":1956,"address":"130 CHICAGO AVE","url":"https://www.cookcountyassessor.com/pin/16053240300000"}},{"geometry":{"type":"Polygon","coordinates":[[[-87.7755885580654,41.86832568429918],[-87.77559368027379,41.86846281283199],[-87.77605633933972,41.86845611201719],[-87.77605377773497,41.86838754820861],[-87.77605128840385,41.86831898474986],[-87.7755885580654,41.86832568429918]]],"crs":null},"type":"Feature","properties":{"name":"16173220250000","pin":"16173220250000","units":2,"yearBuilt":1914,"address":"1117 S HUMPHREY AVE 2","url":"https://www.cookcountyassessor.com/pin/16173220250000"}},{"geometry":{"type":"Polygon","coordinates":[[[-87.793352602524,41.87042014528963],[-87.79335732150743,41.87055732605102],[-87.79381721458171,41.87054938825287],[-87.7938148536189,41.87048077086408],[-87.79381242038882,41.870412153135],[-87.79381100338156,41.87037109164057],[-87.79335125927936,41.870379085037094],[-87.793352602524,41.87042014528963]]],"crs":null},"type":"Feature","properties":{"name":"16184070010000","pin":"16184070010000","units":2,"yearBuilt":1911,"address":"1000 S OAK PARK AVE","url":"https://www.cookcountyassessor.com/pin/16184070010000"}},{"geometry":{"type":"Polygon","coordinates":[[[-87.79574541673811,41.86521480914199],[-87.79574945278091,41.86532898920092],[-87.79625248850196,41.86532020183309],[-87.79624845202393,41.865205966867464],[-87.79574541673811,41.86521480914199]]],"crs":null},"type":"Feature","properties":{"name":"16183280350000","pin":"16183280350000","units":5,"yearBuilt":1958,"address":"1196 S KENILWORTH AVE","url":"https://www.cookcountyassessor.com/pin/16183280350000"}},{"geometry":{"type":"Polygon","coordinates":[[[-87.80254843252165,41.88304937397107],[-87.80255325197484,41.883185895491394],[-87.80317736065801,41.88317192842077],[-87.80317266008703,41.88303864600845],[-87.8030074581331,41.88304150622043],[-87.80254843252165,41.88304937397107]]],"crs":null},"type":"Feature","properties":{"name":"16073150110000","pin":"16073150110000","units":3,"yearBuilt":1908,"address":"301 WISCONSIN AVE","url":"https://www.cookcountyassessor.com/pin/16073150110000"}},{"geometry":{"type":"Polygon","coordinates":[[[-87.7993099234572,41.88472613643591],[-87.79931439834417,41.88485908928363],[-87.7999351743414,41.88485050300921],[-87.79993047769003,41.884717549153955],[-87.7993099234572,41.88472613643591]]],"crs":null},"type":"Feature","properties":{"name":"16073100030000","pin":"16073100030000","units":2,"yearBuilt":1899,"address":"212 HOME AVE","url":"https://www.cookcountyassessor.com/pin/16073100030000"}},{"geometry":{"type":"Polygon","coordinates":[[[-87.77492558964755,41.883584795344476],[-87.77492778302158,41.88365335720665],[-87.77555693808618,41.883643132861145],[-87.77555474283481,41.883574571000935],[-87.77555262155586,41.883505954578254],[-87.77492339555083,41.88351617855702],[-87.77492558964755,41.883584795344476]]],"crs":null},"type":"Feature","properties":{"name":"16083170130000","pin":"16083170130000","units":3,"yearBuilt":1898,"address":"142 N AUSTIN BLVD 2","url":"https://www.cookcountyassessor.com/pin/16083170130000"}},{"geometry":{"type":"Polygon","coordinates":[[[-87.79373452022466,41.89203375097905],[-87.79373872783572,41.89217092791086],[-87.79414080132597,41.89216491326438],[-87.79414051533998,41.89215536199673],[-87.79423234654013,41.89215398164621],[-87.79423263374476,41.892163532919355],[-87.79448968743185,41.8921596902497],[-87.79448547822172,41.89202251243543],[-87.79373452022466,41.89203375097905]]],"crs":null},"type":"Feature","properties":{"name":"16072060180000","pin":"16072060180000","units":3,"yearBuilt":1955,"address":"312 N OAK PARK AVE 2","url":"https://www.cookcountyassessor.com/pin/16072060180000"}},{"geometry":{"type":"Polygon","coordinates":[[[-87.80252710456911,41.88816390012537],[-87.8025299246239,41.888231366819966],[-87.80297041702038,41.88822193073792],[-87.80296759529742,41.88815446404579],[-87.80252710456911,41.88816390012537]]],"crs":null},"type":"Feature","properties":{"name":"16071240230000","pin":"16071240230000","units":6,"yearBuilt":1918,"address":"127 N MARION ST","url":"https://www.cookcountyassessor.com/pin/16071240230000"}},{"geometry":{"type":"Polygon","coordinates":[[[-87.77603865601094,41.870466688323454],[-87.77607527112885,41.870469775008026],[-87.77607227131406,41.87038397559683],[-87.77598034812767,41.87037619621764],[-87.77566429615321,41.87034944781145],[-87.77566751536362,41.870435304119844],[-87.77579944666681,41.87044648230787],[-87.77598332993128,41.870461974835834],[-87.77603865601094,41.870466688323454]]],"crs":null},"type":"Feature","properties":{"name":"16173140050000","pin":"16173140050000","units":2,"yearBuilt":1923,"address":"1001 S HUMPHREY AVE","url":"https://www.cookcountyassessor.com/pin/16173140050000"}},{"geometry":{"type":"Polygon","coordinates":[[[-87.79449367633673,41.883678771578424],[-87.79449759263008,41.88381578255254],[-87.79501672041343,41.88380586803823],[-87.79501272951993,41.8836688567306],[-87.79486588619245,41.883671680540495],[-87.79449367633673,41.883678771578424]]],"crs":null},"type":"Feature","properties":{"name":"16073130240000","pin":"16073130240000","units":3,"yearBuilt":1878,"address":"237 S OAK PARK AVE","url":"https://www.cookcountyassessor.com/pin/16073130240000"}},{"geometry":{"type":"Polygon","coordinates":[[[-87.7776072220637,41.908754346611765],[-87.77761901681652,41.90909721401425],[-87.77763386063629,41.9090970112461],[-87.77772564090611,41.909095863566],[-87.77771377206298,41.90875299581522],[-87.77762199228425,41.90875414348885],[-87.7776072220637,41.908754346611765]]],"crs":null},"type":"Feature","properties":{"name":"16051050340000","pin":"16051050340000","units":4,"yearBuilt":1957,"address":"6043 NORTH AVE","url":"https://www.cookcountyassessor.com/pin/16051050340000"}},{"geometry":{"type":"Polygon","coordinates":[[[-87.77690204555945,41.8821851612734],[-87.77691507355026,41.88259669734409],[-87.777043546213,41.88259463041384],[-87.7770305173979,41.8821830943526],[-87.77699386365475,41.88218368478451],[-87.77690204555945,41.8821851612734]]],"crs":null},"type":"Feature","properties":{"name":"16083160280000","pin":"16083160280000","units":3,"yearBuilt":1920,"address":"46 WASHINGTON BLVD","url":"https://www.cookcountyassessor.com/pin/16083160280000"}},{"geometry":{"type":"Polygon","coordinates":[[[-87.79487057233862,41.8971339955647],[-87.7948740576749,41.89726996159293],[-87.79550100394185,41.89725835551621],[-87.79557638728853,41.89725695198617],[-87.79557549618343,41.89722297434692],[-87.7955727522443,41.89712098527614],[-87.79549751607841,41.897122388593026],[-87.79487057233862,41.8971339955647]]],"crs":null},"type":"Feature","properties":{"name":"16063230220000","pin":"16063230220000","units":2,"yearBuilt":1916,"address":"625 N OAK PARK AVE","url":"https://www.cookcountyassessor.com/pin/16063230220000"}},{"geometry":{"type":"Polygon","coordinates":[[[-87.79352529951043,41.88198469740548],[-87.79352761587121,41.88206720044876],[-87.79420435112709,41.882056164793994],[-87.79420116085858,41.88194637905821],[-87.79352450144745,41.881957415952606],[-87.79352529951043,41.88198469740548]]],"crs":null},"type":"Feature","properties":{"name":"16074120130000","pin":"16074120130000","units":2,"yearBuilt":1913,"address":"334 S OAK PARK AVE","url":"https://www.cookcountyassessor.com/pin/16074120130000"}},{"geometry":{"type":"Polygon","coordinates":[[[-87.7774604132259,41.894160416338664],[-87.77747300468208,41.89457216907031],[-87.77756836627205,41.89457070929865],[-87.7775557754084,41.89415895657949],[-87.7774604132259,41.894160416338664]]],"crs":null},"type":"Feature","properties":{"name":"16081040070000","pin":"16081040070000","units":2,"yearBuilt":1898,"address":"47 CHICAGO AVE 2","url":"https://www.cookcountyassessor.com/pin/16081040070000"}},{"geometry":{"type":"Polygon","coordinates":[[[-87.77816868112242,41.883031965065335],[-87.7781701635555,41.88308131372351],[-87.77880158894877,41.88307102764675],[-87.77880003374429,41.883021678644646],[-87.7787987231126,41.882977764392635],[-87.77816737212773,41.88298805081461],[-87.77816868112242,41.883031965065335]]],"crs":null},"type":"Feature","properties":{"name":"16083150210000","pin":"16083150210000","units":2,"yearBuilt":1913,"address":"323 S TAYLOR AVE","url":"https://www.cookcountyassessor.com/pin/16083150210000"}},{"geometry":{"type":"Polygon","coordinates":[[[-87.79341109569492,41.90855976445931],[-87.79342069107477,41.908903333976916],[-87.79351254397469,41.90890222893934],[-87.79350294810232,41.908558659426475],[-87.79341109569492,41.90855976445931]]],"crs":null},"type":"Feature","properties":{"name":"16062010030000","pin":"16062010030000","units":2,"yearBuilt":1928,"address":"6717 NORTH AVE","url":"https://www.cookcountyassessor.com/pin/16062010030000"}},{"geometry":{"type":"Polygon","coordinates":[[[-87.77926771418657,41.89576553263093],[-87.77927074042009,41.895857369401895],[-87.77989831237582,41.895848485915415],[-87.77989521173842,41.89575664880119],[-87.77926771418657,41.89576553263093]]],"crs":null},"type":"Feature","properties":{"name":"16053240060000","pin":"16053240060000","units":2,"yearBuilt":1910,"address":"532 N LOMBARD AVE","url":"https://www.cookcountyassessor.com/pin/16053240060000"}},{"geometry":{"type":"Polygon","coordinates":[[[-87.77765062185323,41.894157495145826],[-87.77766321380204,41.894569192939855],[-87.77775850308642,41.89456773266038],[-87.7777459105257,41.89415603487303],[-87.77765062185323,41.894157495145826]]],"crs":null},"type":"Feature","properties":{"name":"16081040050000","pin":"16081040050000","units":2,"yearBuilt":1905,"address":"51 CHICAGO AVE","url":"https://www.cookcountyassessor.com/pin/16081040050000"}},{"geometry":{"type":"Polygon","coordinates":[[[-87.79832464596662,41.908497141997834],[-87.79833544722467,41.90884033231231],[-87.79847961963509,41.908838479375746],[-87.79846859825084,41.90849528804856],[-87.79832464596662,41.908497141997834]]],"crs":null},"type":"Feature","properties":{"name":"16061040120000","pin":"16061040120000","units":5,"yearBuilt":1961,"address":"6901 NORTH AVE","url":"https://www.cookcountyassessor.com/pin/16061040120000"}},{"geometry":{"type":"Polygon","coordinates":[[[-87.78683045980424,41.873817583986906],[-87.78683163552158,41.87385194762738],[-87.78729566540356,41.873843891802295],[-87.78729448943771,41.87380952816503],[-87.78729220958665,41.87374096599567],[-87.78682817924444,41.87374902180564],[-87.78683045980424,41.873817583986906]]],"crs":null},"type":"Feature","properties":{"name":"16182290200000","pin":"16182290200000","units":2,"yearBuilt":1911,"address":"815 GUNDERSON AVE","url":"https://www.cookcountyassessor.com/pin/16182290200000"}},{"geometry":{"type":"Polygon","coordinates":[[[-87.79545174622508,41.895363112933794],[-87.79545424517515,41.8954592288651],[-87.79608066189262,41.895447286693646],[-87.79607638555426,41.89528261227472],[-87.79567611567639,41.895290233920846],[-87.79544997045332,41.89529455353229],[-87.79545174622508,41.895363112933794]]],"crs":null},"type":"Feature","properties":{"name":"16063250060000","pin":"16063250060000","units":2,"yearBuilt":1908,"address":"524 N GROVE AVE","url":"https://www.cookcountyassessor.com/pin/16063250060000"}},{"geometry":{"type":"Polygon","coordinates":[[[-87.79477211363141,41.89346398325044],[-87.79477701992968,41.89362311731736],[-87.79540428146672,41.893613489448356],[-87.79539971736143,41.89345704542898],[-87.79547193527746,41.89345595665843],[-87.7954718843371,41.893453267099574],[-87.79477211363141,41.89346398325044]]],"crs":null},"type":"Feature","properties":{"name":"16071050250000","pin":"16071050250000","units":2,"yearBuilt":1906,"address":"415 N OAK PARK AVE","url":"https://www.cookcountyassessor.com/pin/16071050250000"}},{"geometry":{"type":"Polygon","coordinates":[[[-87.77759404143187,41.875751428611984],[-87.77759515110507,41.87578436496477],[-87.77805404609897,41.8757774191752],[-87.77805293498557,41.87574448281955],[-87.77805051847892,41.875675864919636],[-87.77804817546625,41.87560724647389],[-87.77788365490906,41.87560974433603],[-87.77758928168174,41.87561419314788],[-87.77759162421138,41.87568281069962],[-87.77759404143187,41.875751428611984]]],"crs":null},"type":"Feature","properties":{"name":"16171210060000","pin":"16171210060000","units":4,"yearBuilt":1913,"address":"716 S TAYLOR AVE","url":"https://www.cookcountyassessor.com/pin/16171210060000"}},{"geometry":{"type":"Polygon","coordinates":[[[-87.79144026431004,41.881348845706135],[-87.79144462578584,41.88150667487103],[-87.79164654995645,41.88150334635579],[-87.7916421455379,41.881345264899224],[-87.79163832216737,41.881207970606525],[-87.79143647009492,41.88121157405346],[-87.79144026431004,41.881348845706135]]],"crs":null},"type":"Feature","properties":{"name":"16074190100000","pin":"16074190100000","units":2,"yearBuilt":1914,"address":"643 WASHINGTON BLVD 1","url":"https://www.cookcountyassessor.com/pin/16074190100000"}},{"geometry":{"type":"Polygon","coordinates":[[[-87.79716898624946,41.89581379089021],[-87.79717320229345,41.89595085781288],[-87.79760095534782,41.89594275594323],[-87.7975966648917,41.89580568778752],[-87.79716898624946,41.89581379089021]]],"crs":null},"type":"Feature","properties":{"name":"16063240250000","pin":"16063240250000","units":2,"yearBuilt":1965,"address":"540 N KENILWORTH AVE","url":"https://www.cookcountyassessor.com/pin/16063240250000"}},{"geometry":{"type":"Polygon","coordinates":[[[-87.78532676904716,41.88062176624704],[-87.78532972877841,41.88073094700613],[-87.78597024378888,41.88071984103769],[-87.78596721087817,41.88061049608232],[-87.78532676904716,41.88062176624704]]],"crs":null},"type":"Feature","properties":{"name":"16074230120000","pin":"16074230120000","units":2,"yearBuilt":1922,"address":"426 S ELMWOOD AVE","url":"https://www.cookcountyassessor.com/pin/16074230120000"}},{"geometry":{"type":"Polygon","coordinates":[[[-87.78332019010614,41.87885524873973],[-87.78332333422321,41.878951092772425],[-87.78378804734824,41.87894470117317],[-87.78378490207402,41.87884891116733],[-87.78332019010614,41.87885524873973]]],"crs":null},"type":"Feature","properties":{"name":"16171000200000","pin":"16171000200000","units":2,"yearBuilt":1908,"address":"525 S CUYLER AVE 1","url":"https://www.cookcountyassessor.com/pin/16171000200000"}},{"geometry":{"type":"Polygon","coordinates":[[[-87.79173583772648,41.874130066753864],[-87.7917395533687,41.87423787892282],[-87.79220108925534,41.8742298455383],[-87.79219737162542,41.874122034274194],[-87.79173583772648,41.874130066753864]]],"crs":null},"type":"Feature","properties":{"name":"16182250170000","pin":"16182250170000","units":2,"yearBuilt":1909,"address":"801 WESLEY AVE","url":"https://www.cookcountyassessor.com/pin/16182250170000"}},{"geometry":{"type":"Polygon","coordinates":[[[-87.7802668647131,41.89806184777067],[-87.78027142786446,41.89819710630525],[-87.78063863670722,41.89819212350582],[-87.78063407892942,41.89805615194091],[-87.7802668647131,41.89806184777067]]],"crs":null},"type":"Feature","properties":{"name":"16053170230000","pin":"16053170230000","units":4,"yearBuilt":1914,"address":"645 N LOMBARD AVE","url":"https://www.cookcountyassessor.com/pin/16053170230000"}},{"geometry":{"type":"Polygon","coordinates":[[[-87.79785157351401,41.885726430478485],[-87.7978525847574,41.885754811297915],[-87.79799942589477,41.885752806578246],[-87.79799756781448,41.885697696036445],[-87.79799618796106,41.88565674201285],[-87.79799160451331,41.88551950839928],[-87.79784469162149,41.88552151277505],[-87.79785069595928,41.88569964298869],[-87.79785157351401,41.885726430478485]]],"crs":null},"type":"Feature","properties":{"name":"16073040180000","pin":"16073040180000","units":2,"yearBuilt":1904,"address":"916 PLEASANT ST","url":"https://www.cookcountyassessor.com/pin/16073040180000"}},{"geometry":{"type":"Polygon","coordinates":[[[-87.78958376752645,41.88246160480797],[-87.78958759699013,41.88259894598089],[-87.7902300350653,41.88258837369121],[-87.79022627817326,41.882450978860476],[-87.78958376752645,41.88246160480797]]],"crs":null},"type":"Feature","properties":{"name":"16074140170000","pin":"16074140170000","units":2,"yearBuilt":1893,"address":"323 S EAST AVE","url":"https://www.cookcountyassessor.com/pin/16074140170000"}},{"geometry":{"type":"Polygon","coordinates":[[[-87.79632217230612,41.880803950932375],[-87.79632623799196,41.88094112737809],[-87.79684020817378,41.88093041247762],[-87.79683606790846,41.88079323479979],[-87.79632217230612,41.880803950932375]]],"crs":null},"type":"Feature","properties":{"name":"16073260020000","pin":"16073260020000","units":6,"yearBuilt":1922,"address":"414 S KENILWORTH AVE","url":"https://www.cookcountyassessor.com/pin/16073260020000"}},{"geometry":{"type":"Polygon","coordinates":[[[-87.80290231639368,41.89363025556959],[-87.80290454067183,41.893698871877206],[-87.80343653000917,41.893688814050414],[-87.80343423286398,41.893620197416055],[-87.80290231639368,41.89363025556959]]],"crs":null},"type":"Feature","properties":{"name":"16071010120000","pin":"16071010120000","units":3,"yearBuilt":1910,"address":"415 N MARION ST","url":"https://www.cookcountyassessor.com/pin/16071010120000"}},{"geometry":{"type":"Polygon","coordinates":[[[-87.79314868845732,41.87191112914399],[-87.79332348072319,41.871925892099156],[-87.79331317640636,41.871632098918575],[-87.7931384567532,41.871617391210506],[-87.79313898543107,41.87163314523175],[-87.79314348017382,41.87176214618477],[-87.79314868845732,41.87191112914399]]],"crs":null},"type":"Feature","properties":{"name":"16184030190000","pin":"16184030190000","units":4,"yearBuilt":1950,"address":"733 GARFIELD ST","url":"https://www.cookcountyassessor.com/pin/16184030190000"}},{"geometry":{"type":"Polygon","coordinates":[[[-87.79344997202784,41.873247461859975],[-87.79345056520941,41.87326414983608],[-87.7939115056435,41.873256162589655],[-87.79391091280384,41.873239419696354],[-87.79390847773102,41.873170856914186],[-87.79390789642937,41.87315274194947],[-87.7934469567382,41.873160729185905],[-87.79344761092676,41.873178899416466],[-87.79344997202784,41.873247461859975]]],"crs":null},"type":"Feature","properties":{"name":"16182240260000","pin":"16182240260000","units":3,"yearBuilt":1962,"address":"828 S OAK PARK AVE","url":"https://www.cookcountyassessor.com/pin/16182240260000"}},{"geometry":{"type":"Polygon","coordinates":[[[-87.78332333422321,41.878951092772425],[-87.78332655109249,41.8790468831313],[-87.78379126565336,41.879040545547404],[-87.78378804734824,41.87894470117317],[-87.78332333422321,41.878951092772425]]],"crs":null},"type":"Feature","properties":{"name":"16171000190000","pin":"16171000190000","units":2,"yearBuilt":1908,"address":"523 S CUYLER AVE","url":"https://www.cookcountyassessor.com/pin/16171000190000"}},{"geometry":{"type":"Polygon","coordinates":[[[-87.79229883231196,41.87537032485344],[-87.79230355143285,41.87550739479663],[-87.79276568258828,41.87549941778101],[-87.79276088946875,41.87536229168584],[-87.79229883231196,41.87537032485344]]],"crs":null},"type":"Feature","properties":{"name":"16182170050000","pin":"16182170050000","units":2,"yearBuilt":1903,"address":"716 S EUCLID AVE","url":"https://www.cookcountyassessor.com/pin/16182170050000"}},{"geometry":{"type":"Polygon","coordinates":[[[-87.77763977493724,41.89565459276502],[-87.77764424227567,41.89579177141707],[-87.77827313680739,41.89578290321214],[-87.77826866812329,41.89564572457626],[-87.77763977493724,41.89565459276502]]],"crs":null},"type":"Feature","properties":{"name":"16053250060000","pin":"16053250060000","units":2,"yearBuilt":1910,"address":"528 N TAYLOR AVE","url":"https://www.cookcountyassessor.com/pin/16053250060000"}},{"geometry":{"type":"Polygon","coordinates":[[[-87.78132405012725,41.87686980931251],[-87.78132654412363,41.87693837258509],[-87.78134505319608,41.87693807710258],[-87.7817858899199,41.87693119437632],[-87.78178354120233,41.876862630910445],[-87.78178112020268,41.87679406799687],[-87.78132162842175,41.87680124548622],[-87.78132405012725,41.87686980931251]]],"crs":null},"type":"Feature","properties":{"name":"16171100130000","pin":"16171100130000","units":4,"yearBuilt":1913,"address":"634 S HIGHLAND AVE","url":"https://www.cookcountyassessor.com/pin/16171100130000"}},{"geometry":{"type":"Polygon","coordinates":[[[-87.7880175412334,41.87265905865988],[-87.78802041573718,41.872744198997495],[-87.78847922320354,41.872736223423345],[-87.78847635182228,41.872650643742965],[-87.7880175412334,41.87265905865988]]],"crs":null},"type":"Feature","properties":{"name":"16182280320000","pin":"16182280320000","units":2,"yearBuilt":1922,"address":"845 S SCOVILLE AVE","url":"https://www.cookcountyassessor.com/pin/16182280320000"}},{"geometry":{"type":"Polygon","coordinates":[[[-87.7947420923945,41.875463642340065],[-87.79474688883315,41.8756008782127],[-87.79520652328537,41.875592878765836],[-87.79520172659997,41.87545569873127],[-87.7947420923945,41.875463642340065]]],"crs":null},"type":"Feature","properties":{"name":"16181250040000","pin":"16181250040000","units":2,"yearBuilt":1908,"address":"716 S GROVE AVE","url":"https://www.cookcountyassessor.com/pin/16181250040000"}},{"geometry":{"type":"Polygon","coordinates":[[[-87.77511890932571,41.88025048198978],[-87.77512980605478,41.8805934018734],[-87.77522162093267,41.88059203752505],[-87.77521072491747,41.880249117652944],[-87.77511890932571,41.88025048198978]]],"crs":null},"type":"Feature","properties":{"name":"16083230220000","pin":"16083230220000","units":4,"yearBuilt":1918,"address":"8 MADISON ST","url":"https://www.cookcountyassessor.com/pin/16083230220000"}},{"geometry":{"type":"Polygon","coordinates":[[[-87.77961742763442,41.87737904995177],[-87.77962226529883,41.87751628567089],[-87.78008220628226,41.87750862286381],[-87.78007986104218,41.877440005368214],[-87.78007744111785,41.87737138751195],[-87.77961742763442,41.87737904995177]]],"crs":null},"type":"Feature","properties":{"name":"16171110260000","pin":"16171110260000","units":4,"yearBuilt":1908,"address":"617 S LOMBARD AVE","url":"https://www.cookcountyassessor.com/pin/16171110260000"}},{"geometry":{"type":"Polygon","coordinates":[[[-87.79225228068972,41.87401131471898],[-87.79225605493437,41.87412099356474],[-87.79271766341735,41.87411295844486],[-87.79271381369134,41.87400328015824],[-87.79225228068972,41.87401131471898]]],"crs":null},"type":"Feature","properties":{"name":"16182250020000","pin":"16182250020000","units":2,"yearBuilt":1913,"address":"804 S EUCLID AVE","url":"https://www.cookcountyassessor.com/pin/16182250020000"}},{"geometry":{"type":"Polygon","coordinates":[[[-87.79364435582207,41.878877171945625],[-87.79364664258873,41.8789457339686],[-87.79410938815177,41.87893753388213],[-87.79410466591916,41.87880035423323],[-87.79364199530093,41.8788084988329],[-87.79364435582207,41.878877171945625]]],"crs":null},"type":"Feature","properties":{"name":"16182000080000","pin":"16182000080000","units":2,"yearBuilt":1898,"address":"520 S OAK PARK AVE","url":"https://www.cookcountyassessor.com/pin/16182000080000"}},{"geometry":{"type":"Polygon","coordinates":[[[-87.7804467650078,41.88111166077098],[-87.78045080314938,41.88124823436893],[-87.78108383289205,41.88123711962735],[-87.78107978940567,41.881101150154386],[-87.7804467650078,41.88111166077098]]],"crs":null},"type":"Feature","properties":{"name":"16083200040000","pin":"16083200040000","units":2,"yearBuilt":1904,"address":"414 S HARVEY AVE","url":"https://www.cookcountyassessor.com/pin/16083200040000"}},{"geometry":{"type":"Polygon","coordinates":[[[-87.77647067915727,41.880919507274804],[-87.7764737873716,41.881018315204365],[-87.77710826934671,41.88100904090846],[-87.77710538061861,41.880910234057815],[-87.77647067915727,41.880919507274804]]],"crs":null},"type":"Feature","properties":{"name":"16083220230000","pin":"16083220230000","units":2,"yearBuilt":1919,"address":"429 S HUMPHREY AVE","url":"https://www.cookcountyassessor.com/pin/16083220230000"}},{"geometry":{"type":"Polygon","coordinates":[[[-87.80013895853614,41.89442031451192],[-87.80014569913928,41.89463434257102],[-87.80015673410108,41.89463413540817],[-87.8002042545877,41.89463324231058],[-87.80051290203393,41.89462759451335],[-87.80050616020505,41.89441356646846],[-87.80014997912866,41.894420091977175],[-87.80013895853614,41.89442031451192]]],"crs":null},"type":"Feature","properties":{"name":"16063200610000","pin":"16063200610000","units":2,"yearBuilt":1957,"address":"500 FOREST AVE","url":"https://www.cookcountyassessor.com/pin/16063200610000"}},{"geometry":{"type":"Polygon","coordinates":[[[-87.79096413951869,41.87931152906887],[-87.7909763689438,41.87965445389916],[-87.79106443826743,41.87965289352937],[-87.79105220837155,41.87930996870559],[-87.79096413951869,41.87931152906887]]],"crs":null},"type":"Feature","properties":{"name":"16182020050000","pin":"16182020050000","units":2,"yearBuilt":1923,"address":"633 MADISON ST","url":"https://www.cookcountyassessor.com/pin/16182020050000"}},{"geometry":{"type":"Polygon","coordinates":[[[-87.77692854833876,41.89539088464933],[-87.77693081883179,41.895459446709836],[-87.77755971015908,41.89545058239248],[-87.77755743899353,41.89538202034022],[-87.77692854833876,41.89539088464933]]],"crs":null},"type":"Feature","properties":{"name":"16053250190000","pin":"16053250190000","units":2,"yearBuilt":1895,"address":"519 N HUMPHREY AVE","url":"https://www.cookcountyassessor.com/pin/16053250190000"}},{"geometry":{"type":"Polygon","coordinates":[[[-87.78719309604104,41.88668436483883],[-87.78719764246192,41.88684898617],[-87.78738856079879,41.88684643663814],[-87.78737715323861,41.88643501952289],[-87.78718623659435,41.88643751412459],[-87.78719309604104,41.88668436483883]]],"crs":null},"type":"Feature","properties":{"name":"16074040030000","pin":"16074040030000","units":2,"yearBuilt":1893,"address":"453 SOUTH BLVD","url":"https://www.cookcountyassessor.com/pin/16074040030000"}},{"geometry":{"type":"Polygon","coordinates":[[[-87.78077239665174,41.87570007918679],[-87.78077506129785,41.87577435238733],[-87.78112562361076,41.875768903317024],[-87.78123469273119,41.87576717684601],[-87.78122909246777,41.875607160577886],[-87.78076938943825,41.87561438977454],[-87.78077239665174,41.87570007918679]]],"crs":null},"type":"Feature","properties":{"name":"16171180270000","pin":"16171180270000","units":3,"yearBuilt":1908,"address":"717 S HARVEY AVE","url":"https://www.cookcountyassessor.com/pin/16171180270000"}},{"geometry":{"type":"Polygon","coordinates":[[[-87.77697106683783,41.89669603388131],[-87.7769740196325,41.89678748679319],[-87.7774559133403,41.8967803795186],[-87.77745295985038,41.896688927515164],[-87.77697106683783,41.89669603388131]]],"crs":null},"type":"Feature","properties":{"name":"16053190320000","pin":"16053190320000","units":2,"yearBuilt":1918,"address":"605 N HUMPHREY AVE","url":"https://www.cookcountyassessor.com/pin/16053190320000"}},{"geometry":{"type":"Polygon","coordinates":[[[-87.77764682668239,41.89700205084923],[-87.77765019603997,41.89710492117551],[-87.77831554732438,41.89709507672736],[-87.77831217810417,41.89699220641982],[-87.77764682668239,41.89700205084923]]],"crs":null},"type":"Feature","properties":{"name":"16053190120000","pin":"16053190120000","units":2,"yearBuilt":1914,"address":"614 N TAYLOR AVE","url":"https://www.cookcountyassessor.com/pin/16053190120000"}},{"geometry":{"type":"Polygon","coordinates":[[[-87.77883799142585,41.88130725402817],[-87.77883919374149,41.88134655711203],[-87.77945341442829,41.881336568802375],[-87.77945227717741,41.88129819789341],[-87.77945073499065,41.8812471472986],[-87.77883644166405,41.88125713614472],[-87.77883799142585,41.88130725402817]]],"crs":null},"type":"Feature","properties":{"name":"16083210080000","pin":"16083210080000","units":2,"yearBuilt":1913,"address":"416 S LOMBARD AVE","url":"https://www.cookcountyassessor.com/pin/16083210080000"}},{"geometry":{"type":"Polygon","coordinates":[[[-87.78007801343378,41.875917209676686],[-87.78008175167449,41.87602013790888],[-87.78054116824833,41.8760125256433],[-87.78053992191872,41.87597821653635],[-87.7805375015482,41.8759095977694],[-87.78007801343378,41.875917209676686]]],"crs":null},"type":"Feature","properties":{"name":"16171190030000","pin":"16171190030000","units":2,"yearBuilt":1903,"address":"710 S HARVEY AVE","url":"https://www.cookcountyassessor.com/pin/16171190030000"}},{"geometry":{"type":"Polygon","coordinates":[[[-87.77458386697413,41.87382802918685],[-87.77458534712612,41.87386887060229],[-87.77504180498264,41.87386192497418],[-87.7750403245401,41.873821083562824],[-87.7750377405415,41.87374675658361],[-87.77458113654505,41.873753701485676],[-87.77458386697413,41.87382802918685]]],"crs":null},"type":"Feature","properties":{"name":"16171310170000","pin":"16171310170000","units":4,"yearBuilt":1922,"address":"420 S AUSTIN BLVD 01","url":"https://www.cookcountyassessor.com/pin/16171310170000"}},{"geometry":{"type":"Polygon","coordinates":[[[-87.78013045096766,41.893941146946446],[-87.78013455651599,41.89407826888485],[-87.7807631461789,41.89406867158012],[-87.78075903975954,41.89393149473735],[-87.78013045096766,41.893941146946446]]],"crs":null},"type":"Feature","properties":{"name":"16081020120000","pin":"16081020120000","units":2,"yearBuilt":1915,"address":"423 N LOMBARD AVE","url":"https://www.cookcountyassessor.com/pin/16081020120000"}},{"geometry":{"type":"Polygon","coordinates":[[[-87.78686655055256,41.8673336836007],[-87.7868684764556,41.86738857512451],[-87.78707028473363,41.867385034360076],[-87.78706840324624,41.86733014034963],[-87.78706597564424,41.86726157739664],[-87.7870636231986,41.86719295897883],[-87.78686174205225,41.867196499385685],[-87.7868641496721,41.86726511987054],[-87.78686655055256,41.8673336836007]]],"crs":null},"type":"Feature","properties":{"name":"16184190360000","pin":"16184190360000","units":2,"yearBuilt":1893,"address":"510 FILLMORE ST","url":"https://www.cookcountyassessor.com/pin/16184190360000"}},{"geometry":{"type":"Polygon","coordinates":[[[-87.79297236457894,41.874467068772326],[-87.79297407751302,41.874516418410366],[-87.79343517441711,41.87450837800307],[-87.79343103346638,41.874389641812094],[-87.79296993787813,41.87439762728912],[-87.79297236457894,41.874467068772326]]],"crs":null},"type":"Feature","properties":{"name":"16182160350000","pin":"16182160350000","units":4,"yearBuilt":1918,"address":"745 S EUCLID AVE","url":"https://www.cookcountyassessor.com/pin/16182160350000"}},{"geometry":{"type":"Polygon","coordinates":[[[-87.78924017882092,41.872636592138825],[-87.78925188378054,41.8729795150521],[-87.78934391081702,41.872977809975886],[-87.78933227884413,41.872634887417036],[-87.78924017882092,41.872636592138825]]],"crs":null},"type":"Feature","properties":{"name":"16182270240000","pin":"16182270240000","units":3,"yearBuilt":1929,"address":"847 S EAST AVE","url":"https://www.cookcountyassessor.com/pin/16182270240000"}},{"geometry":{"type":"Polygon","coordinates":[[[-87.77762864330938,41.895311727778534],[-87.77763083936392,41.895380344387625],[-87.77825980336414,41.89537147658643],[-87.77825760543142,41.8953028599794],[-87.77762864330938,41.895311727778534]]],"crs":null},"type":"Feature","properties":{"name":"16053250090000","pin":"16053250090000","units":2,"yearBuilt":1893,"address":"516 N TAYLOR AVE","url":"https://www.cookcountyassessor.com/pin/16053250090000"}},{"geometry":{"type":"Polygon","coordinates":[[[-87.77770446513219,41.87897596702367],[-87.77770870281998,41.87911413263381],[-87.7781694566231,41.87910730525076],[-87.77816463127007,41.87896913591506],[-87.77770446513219,41.87897596702367]]],"crs":null},"type":"Feature","properties":{"name":"16171050100000","pin":"16171050100000","units":2,"yearBuilt":1917,"address":"522 S TAYLOR AVE","url":"https://www.cookcountyassessor.com/pin/16171050100000"}},{"geometry":{"type":"Polygon","coordinates":[[[-87.80292487639366,41.87432378187309],[-87.80292984557394,41.874459864907514],[-87.80355582515227,41.87444930760473],[-87.80355107433525,41.874313170681916],[-87.80292487639366,41.87432378187309]]],"crs":null},"type":"Feature","properties":{"name":"16181270080000","pin":"16181270080000","units":2,"yearBuilt":1913,"address":"822 S MAPLE AVE","url":"https://www.cookcountyassessor.com/pin/16181270080000"}},{"geometry":{"type":"Polygon","coordinates":[[[-87.79288565448384,41.871631953371825],[-87.79289007523947,41.87176095398605],[-87.79314348017382,41.87176214618477],[-87.79313898543107,41.87163314523175],[-87.79288565448384,41.871631953371825]]],"crs":null},"type":"Feature","properties":{"name":"16184030270000","pin":"16184030270000","units":4,"yearBuilt":1950,"address":"909 S EUCLID AVE","url":"https://www.cookcountyassessor.com/pin/16184030270000"}},{"geometry":{"type":"Polygon","coordinates":[[[-87.7749202586127,41.87233635141246],[-87.77493289965768,41.872680981914044],[-87.77502154510042,41.87267971124128],[-87.77500956367699,41.87233508395558],[-87.7749202586127,41.87233635141246]]],"crs":null},"type":"Feature","properties":{"name":"16173070040000","pin":"16173070040000","units":4,"yearBuilt":1924,"address":"9 HARRISON ST 2S","url":"https://www.cookcountyassessor.com/pin/16173070040000"}},{"geometry":{"type":"Polygon","coordinates":[[[-87.78187213465152,41.89742532910231],[-87.78187524620124,41.8975162334395],[-87.78254045414485,41.89750652858948],[-87.78253734165185,41.897415624264504],[-87.78187213465152,41.89742532910231]]],"crs":null},"type":"Feature","properties":{"name":"16053160220000","pin":"16053160220000","units":2,"yearBuilt":1918,"address":"627 N HARVEY AVE","url":"https://www.cookcountyassessor.com/pin/16053160220000"}},{"geometry":{"type":"Polygon","coordinates":[[[-87.7862726099809,41.88102946122169],[-87.78627531744509,41.88112546872599],[-87.78691642298986,41.88111436029826],[-87.78691378971914,41.88101829914019],[-87.7862726099809,41.88102946122169]]],"crs":null},"type":"Feature","properties":{"name":"16074220130000","pin":"16074220130000","units":3,"yearBuilt":1922,"address":"415 S ELMWOOD AVE","url":"https://www.cookcountyassessor.com/pin/16074220130000"}},{"geometry":{"type":"Polygon","coordinates":[[[-87.79100378699273,41.87326711169397],[-87.79100396103523,41.87327260101678],[-87.79146379954933,41.87326461749163],[-87.7914636254675,41.87325912816931],[-87.79146126815786,41.873190510784454],[-87.79100142971818,41.8731985483212],[-87.79100378699273,41.87326711169397]]],"crs":null},"type":"Feature","properties":{"name":"16182260130000","pin":"16182260130000","units":2,"yearBuilt":1913,"address":"828 WESLEY AVE","url":"https://www.cookcountyassessor.com/pin/16182260130000"}},{"geometry":{"type":"Polygon","coordinates":[[[-87.80254081201666,41.90010884551189],[-87.8025447580422,41.90022681197522],[-87.80318347959917,41.90021593148748],[-87.80317931352701,41.90009790910787],[-87.80254081201666,41.90010884551189]]],"crs":null},"type":"Feature","properties":{"name":"16063010240000","pin":"16063010240000","units":2,"yearBuilt":1901,"address":"811 BELLEFORTE AVE","url":"https://www.cookcountyassessor.com/pin/16063010240000"}},{"geometry":{"type":"Polygon","coordinates":[[[-87.79421673172659,41.87506101026104],[-87.7942215279431,41.875198136320776],[-87.79468115909138,41.87519019387833],[-87.79467636308964,41.87505306873784],[-87.79421673172659,41.87506101026104]]],"crs":null},"type":"Feature","properties":{"name":"16181250200000","pin":"16181250200000","units":2,"yearBuilt":1908,"address":"725 S OAK PARK AVE","url":"https://www.cookcountyassessor.com/pin/16181250200000"}},{"geometry":{"type":"Polygon","coordinates":[[[-87.79478192790691,41.89378219736714],[-87.79478197789572,41.89378499676328],[-87.7954090200547,41.89377542186216],[-87.79540897003851,41.89377262246609],[-87.79540692335353,41.89370131753513],[-87.79525073266124,41.89370371357367],[-87.79515784824935,41.89366392618551],[-87.79477846439542,41.893669776187835],[-87.79478192790691,41.89378219736714]]],"crs":null},"type":"Feature","properties":{"name":"16071050230000","pin":"16071050230000","units":2,"yearBuilt":1889,"address":"421 N OAK PARK AVE","url":"https://www.cookcountyassessor.com/pin/16071050230000"}},{"geometry":{"type":"Polygon","coordinates":[[[-87.7979267129013,41.898621011526956],[-87.79792915603325,41.898697861602244],[-87.79851923185197,41.89868689006513],[-87.79851466426328,41.89853873481925],[-87.79792451629987,41.89854970599838],[-87.7979267129013,41.898621011526956]]],"crs":null},"type":"Feature","properties":{"name":"16063110230000","pin":"16063110230000","units":2,"yearBuilt":1913,"address":"715 N KENILWORTH AVE","url":"https://www.cookcountyassessor.com/pin/16063110230000"}},{"geometry":{"type":"Polygon","coordinates":[[[-87.79170778329758,41.88667111397829],[-87.79171066039024,41.88677398178033],[-87.79188726027121,41.88677091786946],[-87.79187567732579,41.886359445414094],[-87.791699153277,41.88636250966634],[-87.79170202913473,41.886465378368584],[-87.7917049062124,41.88656824617436],[-87.79170778329758,41.88667111397829]]],"crs":null},"type":"Feature","properties":{"name":"16074010060000","pin":"16074010060000","units":2,"yearBuilt":1902,"address":"647 SOUTH BLVD","url":"https://www.cookcountyassessor.com/pin/16074010060000"}},{"geometry":{"type":"Polygon","coordinates":[[[-87.80109900689587,41.876586205919146],[-87.80110152201848,41.87665476978867],[-87.80110396533013,41.87672327750319],[-87.8015611799086,41.87671568078493],[-87.80155866383012,41.87664717274255],[-87.8015562217022,41.876578609220395],[-87.80109900689587,41.876586205919146]]],"crs":null},"type":"Feature","properties":{"name":"16181190130000","pin":"16181190130000","units":2,"yearBuilt":1900,"address":"701 WENONAH AVE","url":"https://www.cookcountyassessor.com/pin/16181190130000"}},{"geometry":{"type":"Polygon","coordinates":[[[-87.77762645318145,41.87657063555618],[-87.77762973351471,41.87665824768703],[-87.77808430357248,41.87665106117363],[-87.7780813165501,41.87656345047305],[-87.77762645318145,41.87657063555618]]],"crs":null},"type":"Feature","properties":{"name":"16171130170000","pin":"16171130170000","units":2,"yearBuilt":1914,"address":"644 S TAYLOR AVE 1","url":"https://www.cookcountyassessor.com/pin/16171130170000"}},{"geometry":{"type":"Polygon","coordinates":[[[-87.78193756141522,41.87432295952956],[-87.78194039734291,41.87440310559024],[-87.7824054511268,41.87439600720444],[-87.78240261367492,41.87431597098912],[-87.78193756141522,41.87432295952956]]],"crs":null},"type":"Feature","properties":{"name":"16171250180000","pin":"16171250180000","units":2,"yearBuilt":1914,"address":"801 S HIGHLAND AVE","url":"https://www.cookcountyassessor.com/pin/16171250180000"}},{"geometry":{"type":"Polygon","coordinates":[[[-87.80252876192918,41.88249763368433],[-87.80252881860865,41.88249966512099],[-87.8031534078281,41.88248899294807],[-87.80315335112141,41.88248696241193],[-87.80314854177038,41.88234906882208],[-87.80252388043097,41.88235973973668],[-87.80252876192918,41.88249763368433]]],"crs":null},"type":"Feature","properties":{"name":"16073150170000","pin":"16073150170000","units":4,"yearBuilt":1915,"address":"321 WISCONSIN AVE","url":"https://www.cookcountyassessor.com/pin/16073150170000"}},{"geometry":{"type":"Polygon","coordinates":[[[-87.78017041084932,41.895201166982986],[-87.78017503058432,41.89533834718822],[-87.7808036990136,41.8953295729694],[-87.78079900442135,41.895192393327825],[-87.78017041084932,41.895201166982986]]],"crs":null},"type":"Feature","properties":{"name":"16053230180000","pin":"16053230180000","units":2,"yearBuilt":1890,"address":"515 N LOMBARD AVE","url":"https://www.cookcountyassessor.com/pin/16053230180000"}},{"geometry":{"type":"Polygon","coordinates":[[[-87.8031399271337,41.89898883340202],[-87.80314159874963,41.89903543825901],[-87.80377935395342,41.89902454997915],[-87.80377565988418,41.89892030678792],[-87.80313790692246,41.898931195058964],[-87.8031399271337,41.89898883340202]]],"crs":null},"type":"Feature","properties":{"name":"16063080050000","pin":"16063080050000","units":2,"yearBuilt":1899,"address":"728 N MARION ST","url":"https://www.cookcountyassessor.com/pin/16063080050000"}},{"geometry":{"type":"Polygon","coordinates":[[[-87.78384347518931,41.878955613857336],[-87.78384663043465,41.87905025056743],[-87.78420116994263,41.87904541529257],[-87.78431354762648,41.87904386648788],[-87.78431017243983,41.878949228738236],[-87.78418317855838,41.87895098135399],[-87.78384347518931,41.878955613857336]]],"crs":null},"type":"Feature","properties":{"name":"16171000090000","pin":"16171000090000","units":2,"yearBuilt":1918,"address":"522 S RIDGELAND AVE","url":"https://www.cookcountyassessor.com/pin/16171000090000"}},{"geometry":{"type":"Polygon","coordinates":[[[-87.80259756124933,41.89489668866322],[-87.80259955220485,41.89494905812205],[-87.80314815125595,41.89493929809204],[-87.80314198906453,41.89477840203043],[-87.802958755115,41.89478167226498],[-87.80286765348897,41.89478328264294],[-87.80277603733796,41.894784889671094],[-87.80259339138998,41.89478816203919],[-87.80259756124933,41.89489668866322]]],"crs":null},"type":"Feature","properties":{"name":"16063180230000","pin":"16063180230000","units":2,"yearBuilt":1888,"address":"514 N MARION ST","url":"https://www.cookcountyassessor.com/pin/16063180230000"}},{"geometry":{"type":"Polygon","coordinates":[[[-87.79545779627553,41.89559640258199],[-87.7954613457222,41.89573363120862],[-87.79608776511327,41.89572168991493],[-87.79608421432573,41.89558446129957],[-87.79545779627553,41.89559640258199]]],"crs":null},"type":"Feature","properties":{"name":"16063250040000","pin":"16063250040000","units":2,"yearBuilt":1898,"address":"534 N GROVE AVE","url":"https://www.cookcountyassessor.com/pin/16063250040000"}},{"geometry":{"type":"Polygon","coordinates":[[[-87.78134335742334,41.877408269034945],[-87.78134624823659,41.87749050142721],[-87.78144841498087,41.87748890634402],[-87.7818050836058,41.8774833197934],[-87.78180261996482,41.87741102475761],[-87.7818022656806,41.87740108866225],[-87.78134335742334,41.877408269034945]]],"crs":null},"type":"Feature","properties":{"name":"16171100070000","pin":"16171100070000","units":3,"yearBuilt":1894,"address":"616 S HIGHLAND AVE","url":"https://www.cookcountyassessor.com/pin/16171100070000"}},{"geometry":{"type":"Polygon","coordinates":[[[-87.78760245385058,41.8793710703539],[-87.78760621990153,41.87948080322336],[-87.78778975634931,41.87947756426712],[-87.78800558113393,41.87947375446665],[-87.7880018136621,41.87936396668163],[-87.78778601051016,41.87936782609719],[-87.78769426916286,41.87936942052728],[-87.78760245385058,41.8793710703539]]],"crs":null},"type":"Feature","properties":{"name":"16182050390000","pin":"16182050390000","units":3,"yearBuilt":1916,"address":"508 S SCOVILLE AVE 1","url":"https://www.cookcountyassessor.com/pin/16182050390000"}},{"geometry":{"type":"Polygon","coordinates":[[[-87.79026619165887,41.88190067074793],[-87.79026994908172,41.882038010672055],[-87.79054599097043,41.88203344365309],[-87.79054221124834,41.881896106332796],[-87.79053689132566,41.88170288282225],[-87.79026085085195,41.88170745072833],[-87.79026619165887,41.88190067074793]]],"crs":null},"type":"Feature","properties":{"name":"16074140110000","pin":"16074140110000","units":5,"yearBuilt":1895,"address":"622 WASHINGTON BLVD","url":"https://www.cookcountyassessor.com/pin/16074140110000"}},{"geometry":{"type":"Polygon","coordinates":[[[-87.77997152967318,41.86547902666911],[-87.77998362333638,41.86582200768539],[-87.78016728158623,41.865819708800714],[-87.78015511226684,41.86547672743807],[-87.78006332097124,41.865477877090285],[-87.77997152967318,41.86547902666911]]],"crs":null},"type":"Feature","properties":{"name":"16173270350000","pin":"16173270350000","units":5,"yearBuilt":1913,"address":"6222 ROOSEVELT RD","url":"https://www.cookcountyassessor.com/pin/16173270350000"}},{"geometry":{"type":"Polygon","coordinates":[[[-87.78872743623029,41.88666086062486],[-87.78873191355386,41.886825427552374],[-87.78882741305658,41.88682379430588],[-87.78894333383876,41.886821764400196],[-87.78893795841026,41.88662426319514],[-87.78893616719752,41.88655850178891],[-87.78892507489311,41.886558668888746],[-87.78892440263655,41.88653396750551],[-87.78884359682435,41.88653534097628],[-87.78884031160746,41.886411834416904],[-87.78881614418692,41.886412268136944],[-87.78872064529702,41.88641390137783],[-87.78872288468473,41.88649623931997],[-87.78872512333868,41.886578522336535],[-87.78872743623029,41.88666086062486]]],"crs":null},"type":"Feature","properties":{"name":"16074030410000","pin":"16074030410000","units":4,"yearBuilt":1909,"address":"515 SOUTH BLVD","url":"https://www.cookcountyassessor.com/pin/16074030410000"}},{"geometry":{"type":"Polygon","coordinates":[[[-87.80156340996137,41.875162168469316],[-87.80156592447625,41.87523100604801],[-87.80156843779113,41.87529984362027],[-87.80202520386511,41.87529207820113],[-87.8020201750553,41.87515440306433],[-87.80156340996137,41.875162168469316]]],"crs":null},"type":"Feature","properties":{"name":"16181280010000","pin":"16181280010000","units":2,"yearBuilt":1908,"address":"800 WISCONSIN AVE","url":"https://www.cookcountyassessor.com/pin/16181280010000"}},{"geometry":{"type":"Polygon","coordinates":[[[-87.79108265462526,41.90858929805939],[-87.79109246365795,41.90893220971603],[-87.79118417004412,41.90893105092863],[-87.79117443404044,41.90858813962399],[-87.79108265462526,41.90858929805939]]],"crs":null},"type":"Feature","properties":{"name":"16062030020000","pin":"16062030020000","units":2,"yearBuilt":1954,"address":"6617 NORTH AVE","url":"https://www.cookcountyassessor.com/pin/16062030020000"}},{"geometry":{"type":"Polygon","coordinates":[[[-87.79748819382654,41.90850806139698],[-87.79749708029334,41.908851241948895],[-87.79758886002129,41.90885007838813],[-87.79757997352212,41.90850684292183],[-87.79748819382654,41.90850806139698]]],"crs":null},"type":"Feature","properties":{"name":"16061050040000","pin":"16061050040000","units":2,"yearBuilt":1960,"address":"6851 NORTH AVE","url":"https://www.cookcountyassessor.com/pin/16061050040000"}},{"geometry":{"type":"Polygon","coordinates":[[[-87.7957328855028,41.88026721718969],[-87.79573695036633,41.88040433874272],[-87.79625135724152,41.88039362851615],[-87.79624729128601,41.88025650607434],[-87.7957328855028,41.88026721718969]]],"crs":null},"type":"Feature","properties":{"name":"16073260150000","pin":"16073260150000","units":6,"yearBuilt":1916,"address":"435 S GROVE AVE","url":"https://www.cookcountyassessor.com/pin/16073260150000"}},{"geometry":{"type":"Polygon","coordinates":[[[-87.77686323060938,41.893302143202206],[-87.77686534086388,41.893372076632254],[-87.77734272909993,41.89336478410321],[-87.77734054720409,41.89329457573027],[-87.77686323060938,41.893302143202206]]],"crs":null},"type":"Feature","properties":{"name":"16081040250000","pin":"16081040250000","units":2,"yearBuilt":1900,"address":"401 N HUMPHREY AVE 1","url":"https://www.cookcountyassessor.com/pin/16081040250000"}},{"geometry":{"type":"Polygon","coordinates":[[[-87.79410142985643,41.87175067679688],[-87.79410408815032,41.871827528314995],[-87.79450898811803,41.871819604144385],[-87.794506328878,41.87174280755157],[-87.79410142985643,41.87175067679688]]],"crs":null},"type":"Feature","properties":{"name":"16183070190000","pin":"16183070190000","units":4,"yearBuilt":1929,"address":"905 S OAK PARK AVE","url":"https://www.cookcountyassessor.com/pin/16183070190000"}},{"geometry":{"type":"Polygon","coordinates":[[[-87.78690460462104,41.87601032200878],[-87.7869092370831,41.87614744755393],[-87.78737335472002,41.876139665559904],[-87.78736872125833,41.87600254092771],[-87.78690460462104,41.87601032200878]]],"crs":null},"type":"Feature","properties":{"name":"16182210170000","pin":"16182210170000","units":2,"yearBuilt":1912,"address":"701 GUNDERSON AVE 1","url":"https://www.cookcountyassessor.com/pin/16182210170000"}},{"geometry":{"type":"Polygon","coordinates":[[[-87.78549789388703,41.8811801599376],[-87.78550855419225,41.88159168387582],[-87.78560037224345,41.88159009156219],[-87.78558971302286,41.88117851271593],[-87.78549789388703,41.8811801599376]]],"crs":null},"type":"Feature","properties":{"name":"16074230030000","pin":"16074230030000","units":2,"yearBuilt":1916,"address":"419 WASHINGTON BLVD 1","url":"https://www.cookcountyassessor.com/pin/16074230030000"}},{"geometry":{"type":"Polygon","coordinates":[[[-87.79476237219532,41.89314571453623],[-87.79476727965071,41.89330484951808],[-87.79546734262877,41.89329413476331],[-87.79546294795061,41.893135002210805],[-87.79476237219532,41.89314571453623]]],"crs":null},"type":"Feature","properties":{"name":"16071050270000","pin":"16071050270000","units":2,"yearBuilt":1954,"address":"407 N OAK PARK AVE","url":"https://www.cookcountyassessor.com/pin/16071050270000"}},{"geometry":{"type":"Polygon","coordinates":[[[-87.79227531629626,41.87468442445042],[-87.79228003393473,41.87482166006712],[-87.7927419401782,41.87481362625934],[-87.79273714760048,41.87467644612888],[-87.79227531629626,41.87468442445042]]],"crs":null},"type":"Feature","properties":{"name":"16182170100000","pin":"16182170100000","units":2,"yearBuilt":1913,"address":"736 S EUCLID AVE","url":"https://www.cookcountyassessor.com/pin/16182170100000"}},{"geometry":{"type":"Polygon","coordinates":[[[-87.7769341134733,41.895562317621476],[-87.7769374804312,41.89566518798121],[-87.77756637377676,41.89565632363988],[-87.77756300461255,41.89555345238617],[-87.7769341134733,41.895562317621476]]],"crs":null},"type":"Feature","properties":{"name":"16053250170000","pin":"16053250170000","units":2,"yearBuilt":1902,"address":"525 N HUMPHREY AVE","url":"https://www.cookcountyassessor.com/pin/16053250170000"}},{"geometry":{"type":"Polygon","coordinates":[[[-87.77658677043297,41.89843248508925],[-87.77659139766077,41.898567798983585],[-87.77705544864197,41.89856126595017],[-87.77705089558943,41.89842562380822],[-87.77658677043297,41.89843248508925]]],"crs":null},"type":"Feature","properties":{"name":"16053130300000","pin":"16053130300000","units":3,"yearBuilt":1909,"address":"701 N HUMPHREY AVE","url":"https://www.cookcountyassessor.com/pin/16053130300000"}},{"geometry":{"type":"Polygon","coordinates":[[[-87.79847319645657,41.896262684024634],[-87.79847654077075,41.89637241427508],[-87.79909723234367,41.89636103402262],[-87.79909388576968,41.896251302877936],[-87.79847319645657,41.896262684024634]]],"crs":null},"type":"Feature","properties":{"name":"16063210170000","pin":"16063210170000","units":2,"yearBuilt":1903,"address":"604 WOODBINE AVE","url":"https://www.cookcountyassessor.com/pin/16063210170000"}},{"geometry":{"type":"Polygon","coordinates":[[[-87.7936070799319,41.87779109560202],[-87.7936093097757,41.87785768111605],[-87.79407153124441,41.877849699292604],[-87.79406922790562,41.877783057620505],[-87.79406679374674,41.87771449489955],[-87.7936047185542,41.87772253231366],[-87.7936070799319,41.87779109560202]]],"crs":null},"type":"Feature","properties":{"name":"16182080010000","pin":"16182080010000","units":2,"yearBuilt":1916,"address":"600 S OAK PARK AVE","url":"https://www.cookcountyassessor.com/pin/16182080010000"}},{"geometry":{"type":"Polygon","coordinates":[[[-87.78383401024207,41.878671757741664],[-87.78383716472979,41.878766339532035],[-87.78414719352732,41.87876211435339],[-87.78430341921246,41.87876000814134],[-87.78430004405892,41.878665369486555],[-87.78412920061498,41.87866773621588],[-87.78383401024207,41.878671757741664]]],"crs":null},"type":"Feature","properties":{"name":"16171000120000","pin":"16171000120000","units":2,"yearBuilt":1916,"address":"530 S RIDGELAND AVE","url":"https://www.cookcountyassessor.com/pin/16171000120000"}},{"geometry":{"type":"Polygon","coordinates":[[[-87.77554592313471,41.880974350257674],[-87.77554811784022,41.88104296706705],[-87.77618039597459,41.88103363227341],[-87.77617827528537,41.880965015834256],[-87.77617607990736,41.88089639903191],[-87.77554380312571,41.880905733810216],[-87.77554592313471,41.880974350257674]]],"crs":null},"type":"Feature","properties":{"name":"16083230070000","pin":"16083230070000","units":4,"yearBuilt":1916,"address":"428 S HUMPHREY AVE","url":"https://www.cookcountyassessor.com/pin/16083230070000"}},{"geometry":{"type":"Polygon","coordinates":[[[-87.77474597496057,41.87035738901001],[-87.77492948984035,41.87037293635433],[-87.77494298447837,41.87002887216009],[-87.77473334788762,41.87001116750958],[-87.77473762201204,41.870127489445714],[-87.77474597496057,41.87035738901001]]],"crs":null},"type":"Feature","properties":{"name":"16173150040000","pin":"16173150040000","units":4,"yearBuilt":1923,"address":"7 GARFIELD ST","url":"https://www.cookcountyassessor.com/pin/16173150040000"}},{"geometry":{"type":"Polygon","coordinates":[[[-87.7865926576038,41.89242845663646],[-87.7865965517269,41.89256612659773],[-87.78722660320439,41.89255551317462],[-87.78722285519868,41.89241778900691],[-87.7865926576038,41.89242845663646]]],"crs":null},"type":"Feature","properties":{"name":"16072100130000","pin":"16072100130000","units":2,"yearBuilt":1898,"address":"321 N ELMWOOD AVE","url":"https://www.cookcountyassessor.com/pin/16072100130000"}},{"geometry":{"type":"Polygon","coordinates":[[[-87.78558971302286,41.88117851271593],[-87.78560037224345,41.88159009156219],[-87.78578393485341,41.88158690546391],[-87.78577327445495,41.881175326627464],[-87.78558971302286,41.88117851271593]]],"crs":null},"type":"Feature","properties":{"name":"16074230020000","pin":"16074230020000","units":4,"yearBuilt":1915,"address":"423 WASHINGTON BLVD","url":"https://www.cookcountyassessor.com/pin/16074230020000"}},{"geometry":{"type":"Polygon","coordinates":[[[-87.7770079901012,41.8978334825745],[-87.77701245666529,41.89797060627341],[-87.777508171396,41.89796329204392],[-87.77767796521513,41.89796076629389],[-87.77767349771136,41.897823586793265],[-87.7770079901012,41.8978334825745]]],"crs":null},"type":"Feature","properties":{"name":"16053190210000","pin":"16053190210000","units":2,"yearBuilt":1911,"address":"639 N HUMPHREY AVE","url":"https://www.cookcountyassessor.com/pin/16053190210000"}},{"geometry":{"type":"Polygon","coordinates":[[[-87.78561243734805,41.890530804555205],[-87.78561634664516,41.890666443493515],[-87.78624814186175,41.89065589865144],[-87.78624176302944,41.890430785497394],[-87.7856098951245,41.89044149472331],[-87.78561243734805,41.890530804555205]]],"crs":null},"type":"Feature","properties":{"name":"16072170080000","pin":"16072170080000","units":3,"yearBuilt":1898,"address":"422 ONTARIO ST","url":"https://www.cookcountyassessor.com/pin/16072170080000"}},{"geometry":{"type":"Polygon","coordinates":[[[-87.7768674642367,41.89344063800491],[-87.7768695859316,41.893509254289405],[-87.77734690168676,41.89350196139317],[-87.77734485298323,41.89343334547019],[-87.7768674642367,41.89344063800491]]],"crs":null},"type":"Feature","properties":{"name":"16081040230000","pin":"16081040230000","units":2,"yearBuilt":1900,"address":"405 N HUMPHREY AVE","url":"https://www.cookcountyassessor.com/pin/16081040230000"}},{"geometry":{"type":"Polygon","coordinates":[[[-87.77987973837261,41.86548017617452],[-87.77989190501586,41.86582315755149],[-87.77998362333638,41.86582200768539],[-87.77997152967318,41.86547902666911],[-87.77987973837261,41.86548017617452]]],"crs":null},"type":"Feature","properties":{"name":"16173270360000","pin":"16173270360000","units":4,"yearBuilt":1963,"address":"6216 ROOSEVELT RD","url":"https://www.cookcountyassessor.com/pin/16173270360000"}},{"geometry":{"type":"Polygon","coordinates":[[[-87.79474688883315,41.8756008782127],[-87.79475161273682,41.87573800299936],[-87.79521132118528,41.875730059702995],[-87.79520652328537,41.875592878765836],[-87.79474688883315,41.8756008782127]]],"crs":null},"type":"Feature","properties":{"name":"16181250030000","pin":"16181250030000","units":2,"yearBuilt":1920,"address":"708 S GROVE AVE","url":"https://www.cookcountyassessor.com/pin/16181250030000"}},{"geometry":{"type":"Polygon","coordinates":[[[-87.78096363707338,41.898388089700624],[-87.78096694586057,41.89849008178793],[-87.78161379006053,41.898481335680785],[-87.7816105537521,41.89837934395893],[-87.78096363707338,41.898388089700624]]],"crs":null},"type":"Feature","properties":{"name":"16053100160000","pin":"16053100160000","units":2,"yearBuilt":1908,"address":"700 N HARVEY AVE","url":"https://www.cookcountyassessor.com/pin/16053100160000"}},{"geometry":{"type":"Polygon","coordinates":[[[-87.79783666855624,41.89572535784387],[-87.79784008480107,41.89583514427837],[-87.79845937465602,41.895823760030176],[-87.79845588383816,41.89571397416562],[-87.79783666855624,41.89572535784387]]],"crs":null},"type":"Feature","properties":{"name":"16063210430000","pin":"16063210430000","units":2,"yearBuilt":1913,"address":"539 N KENILWORTH AVE","url":"https://www.cookcountyassessor.com/pin/16063210430000"}},{"geometry":{"type":"Polygon","coordinates":[[[-87.80291486128968,41.87405172528166],[-87.8029198320923,41.874187753409345],[-87.8035463226283,41.87417714359367],[-87.80354157093858,41.87404111650211],[-87.80291486128968,41.87405172528166]]],"crs":null},"type":"Feature","properties":{"name":"16181270100000","pin":"16181270100000","units":5,"yearBuilt":1915,"address":"832 S MAPLE AVE 2N","url":"https://www.cookcountyassessor.com/pin/16181270100000"}},{"geometry":{"type":"Polygon","coordinates":[[[-87.78368218092218,41.872212648108764],[-87.7836951045197,41.87255552158934],[-87.7838794458338,41.87255278159473],[-87.78386652125897,41.87220990722861],[-87.78377435109216,41.87221127770568],[-87.78368218092218,41.872212648108764]]],"crs":null},"type":"Feature","properties":{"name":"16173000310000","pin":"16173000310000","units":4,"yearBuilt":1927,"address":"339 HARRISON ST","url":"https://www.cookcountyassessor.com/pin/16173000310000"}},{"geometry":{"type":"Polygon","coordinates":[[[-87.80342194660895,41.89982498872469],[-87.80343053405365,41.90006597302246],[-87.80381620381117,41.90005951934008],[-87.80380761747553,41.89981837121234],[-87.80342194660895,41.89982498872469]]],"crs":null},"type":"Feature","properties":{"name":"16063010140000","pin":"16063010140000","units":2,"yearBuilt":1924,"address":"804 N MARION ST","url":"https://www.cookcountyassessor.com/pin/16063010140000"}},{"geometry":{"type":"Polygon","coordinates":[[[-87.7817427684031,41.89350680449839],[-87.7817468071803,41.893643542527414],[-87.78237450333086,41.89363475501593],[-87.7823704632072,41.893498017901074],[-87.7817427684031,41.89350680449839]]],"crs":null},"type":"Feature","properties":{"name":"16081010190000","pin":"16081010190000","units":2,"yearBuilt":1893,"address":"411 N HARVEY AVE","url":"https://www.cookcountyassessor.com/pin/16081010190000"}},{"geometry":{"type":"Polygon","coordinates":[[[-87.77717659306127,41.88820512445692],[-87.77719112375564,41.88865541626798],[-87.77728654861563,41.88865412178732],[-87.77727205505117,41.888207946531175],[-87.77717659306127,41.88820512445692]]],"crs":null},"type":"Feature","properties":{"name":"16081220310000","pin":"16081220310000","units":2,"yearBuilt":1951,"address":"48 LAKE ST","url":"https://www.cookcountyassessor.com/pin/16081220310000"}},{"geometry":{"type":"Polygon","coordinates":[[[-87.78873324772304,41.87848642244433],[-87.7887356039195,41.87855498489284],[-87.78919908072986,41.87854680805783],[-87.78919672403808,41.87847824561583],[-87.7891944420404,41.878409683526876],[-87.78873089274317,41.87841785910042],[-87.78873324772304,41.87848642244433]]],"crs":null},"type":"Feature","properties":{"name":"16182040150000","pin":"16182040150000","units":2,"yearBuilt":1901,"address":"534 S EAST AVE","url":"https://www.cookcountyassessor.com/pin/16182040150000"}},{"geometry":{"type":"Polygon","coordinates":[[[-87.77925856250752,41.89548996613561],[-87.77926158823665,41.895581858729855],[-87.77988901049379,41.89557297366796],[-87.77988591108377,41.89548113655507],[-87.77925856250752,41.89548996613561]]],"crs":null},"type":"Feature","properties":{"name":"16053240090000","pin":"16053240090000","units":2,"yearBuilt":1902,"address":"524 N LOMBARD AVE","url":"https://www.cookcountyassessor.com/pin/16053240090000"}},{"geometry":{"type":"Polygon","coordinates":[[[-87.79785375535052,41.89627406763638],[-87.79786035061609,41.896486996658446],[-87.7984797211899,41.896475502843806],[-87.79847654077075,41.89637241427508],[-87.79847319645657,41.896262684024634],[-87.79785375535052,41.89627406763638]]],"crs":null},"type":"Feature","properties":{"name":"16063210390000","pin":"16063210390000","units":2,"yearBuilt":1913,"address":"605 N KENILWORTH AVE","url":"https://www.cookcountyassessor.com/pin/16063210390000"}},{"geometry":{"type":"Polygon","coordinates":[[[-87.781283438002,41.87569221893624],[-87.78128603049745,41.875766545799536],[-87.78174522020733,41.87575931207068],[-87.78174262838454,41.87568498522025],[-87.78174134332852,41.87564655956435],[-87.78128207973911,41.87565379292366],[-87.781283438002,41.87569221893624]]],"crs":null},"type":"Feature","properties":{"name":"16171180080000","pin":"16171180080000","units":2,"yearBuilt":1919,"address":"714 S HIGHLAND AVE","url":"https://www.cookcountyassessor.com/pin/16171180080000"}},{"geometry":{"type":"Polygon","coordinates":[[[-87.78915815038582,41.9086132896002],[-87.78916839090074,41.90895598376988],[-87.78926039142023,41.90895482791292],[-87.78925022393305,41.90861213409683],[-87.78915815038582,41.9086132896002]]],"crs":null},"type":"Feature","properties":{"name":"16062040100000","pin":"16062040100000","units":2,"yearBuilt":1955,"address":"6539 NORTH AVE","url":"https://www.cookcountyassessor.com/pin/16062040100000"}},{"geometry":{"type":"Polygon","coordinates":[[[-87.77604728302978,41.89757624368088],[-87.77604881293466,41.89761983029125],[-87.77670682361145,41.89761012341055],[-87.77670393657242,41.8975196044772],[-87.77604570751687,41.8975293093825],[-87.77604728302978,41.89757624368088]]],"crs":null},"type":"Feature","properties":{"name":"16053200100000","pin":"16053200100000","units":2,"yearBuilt":2017,"address":"628 N HUMPHREY AVE","url":"https://www.cookcountyassessor.com/pin/16053200100000"}},{"geometry":{"type":"Polygon","coordinates":[[[-87.7788354466068,41.87646198886055],[-87.7788386242632,41.87655316852767],[-87.77929436921879,41.87654598289582],[-87.77929119423504,41.87645441880643],[-87.7788354466068,41.87646198886055]]],"crs":null},"type":"Feature","properties":{"name":"16171120170000","pin":"16171120170000","units":2,"yearBuilt":1913,"address":"644 S LOMBARD AVE","url":"https://www.cookcountyassessor.com/pin/16171120170000"}},{"geometry":{"type":"Polygon","coordinates":[[[-87.79352145931678,41.88184763179406],[-87.79352450144745,41.881957415952606],[-87.79420116085858,41.88194637905821],[-87.7941980440806,41.88183659456561],[-87.79352145931678,41.88184763179406]]],"crs":null},"type":"Feature","properties":{"name":"16074120140000","pin":"16074120140000","units":2,"yearBuilt":1913,"address":"338 S OAK PARK AVE","url":"https://www.cookcountyassessor.com/pin/16074120140000"}},{"geometry":{"type":"Polygon","coordinates":[[[-87.80386350679086,41.876265886803886],[-87.8038685441458,41.876403013567796],[-87.8041812844627,41.87639786895016],[-87.80417602162245,41.876252508411056],[-87.80386320853121,41.87625765267982],[-87.80386350679086,41.876265886803886]]],"crs":null},"type":"Feature","properties":{"name":"16181090170000","pin":"16181090170000","units":2,"yearBuilt":1878,"address":"713 S MAPLE AVE","url":"https://www.cookcountyassessor.com/pin/16181090170000"}},{"geometry":{"type":"Polygon","coordinates":[[[-87.78087439534802,41.878582749777465],[-87.78087893898571,41.878720313529705],[-87.78133712747345,41.878712473415085],[-87.78133258285324,41.87857490967488],[-87.78087439534802,41.878582749777465]]],"crs":null},"type":"Feature","properties":{"name":"16171020330000","pin":"16171020330000","units":2,"yearBuilt":1909,"address":"535 S HARVEY AVE","url":"https://www.cookcountyassessor.com/pin/16171020330000"}},{"geometry":{"type":"Polygon","coordinates":[[[-87.7939450031529,41.89396800642845],[-87.79394714434656,41.894036622504295],[-87.79454686643717,41.89402648552256],[-87.79454479931725,41.89395786890424],[-87.79454265656238,41.8938893626722],[-87.79394293574681,41.89389950053999],[-87.7939450031529,41.89396800642845]]],"crs":null},"type":"Feature","properties":{"name":"16072000300000","pin":"16072000300000","units":2,"yearBuilt":1950,"address":"428 N OAK PARK AVE","url":"https://www.cookcountyassessor.com/pin/16072000300000"}},{"geometry":{"type":"Polygon","coordinates":[[[-87.77822617853731,41.87368164050034],[-87.77822720410931,41.87371583873544],[-87.77867822106899,41.87370951050392],[-87.77867697955814,41.87367476291987],[-87.7786744875417,41.873606308505785],[-87.77822398091216,41.87361318840044],[-87.77822617853731,41.87368164050034]]],"crs":null},"type":"Feature","properties":{"name":"16171280260000","pin":"16171280260000","units":2,"yearBuilt":1913,"address":"821 S TAYLOR AVE","url":"https://www.cookcountyassessor.com/pin/16171280260000"}},{"geometry":{"type":"Polygon","coordinates":[[[-87.79794669561538,41.89926292790005],[-87.79794896409557,41.89933428957569],[-87.79853882524456,41.899323316944994],[-87.7985344323225,41.89918065010626],[-87.79794450018221,41.89919162238518],[-87.79794669561538,41.89926292790005]]],"crs":null},"type":"Feature","properties":{"name":"16063110180000","pin":"16063110180000","units":2,"yearBuilt":1906,"address":"733 N KENILWORTH AVE","url":"https://www.cookcountyassessor.com/pin/16063110180000"}},{"geometry":{"type":"Polygon","coordinates":[[[-87.7853260509814,41.88059399172843],[-87.78532676904716,41.88062176624704],[-87.78596721087817,41.88061049608232],[-87.7859664923414,41.88058288542757],[-87.78596284031498,41.880451362960244],[-87.78532254704004,41.88046263471201],[-87.7853260509814,41.88059399172843]]],"crs":null},"type":"Feature","properties":{"name":"16074230130000","pin":"16074230130000","units":2,"yearBuilt":1916,"address":"430 S ELMWOOD AVE","url":"https://www.cookcountyassessor.com/pin/16074230130000"}},{"geometry":{"type":"Polygon","coordinates":[[[-87.80228065683265,41.89315893916008],[-87.80228487155946,41.89328859705255],[-87.80270731466713,41.893280835126255],[-87.80270310135889,41.89315090265049],[-87.80228065683265,41.89315893916008]]],"crs":null},"type":"Feature","properties":{"name":"16071020330000","pin":"16071020330000","units":4,"yearBuilt":1953,"address":"400 N MARION ST","url":"https://www.cookcountyassessor.com/pin/16071020330000"}},{"geometry":{"type":"Polygon","coordinates":[[[-87.80166452648352,41.900250017583176],[-87.8016691929437,41.90038714125296],[-87.80230732704315,41.90037653752516],[-87.80230273272828,41.900239414213125],[-87.80181140440561,41.90024756883596],[-87.80166452648352,41.900250017583176]]],"crs":null},"type":"Feature","properties":{"name":"16063020100000","pin":"16063020100000","units":2,"yearBuilt":1891,"address":"812 BELLEFORTE AVE","url":"https://www.cookcountyassessor.com/pin/16063020100000"}},{"geometry":{"type":"Polygon","coordinates":[[[-87.79430897375477,41.877708386775396],[-87.7943137703146,41.87784551187012],[-87.79477356785151,41.87783751584389],[-87.79476829884707,41.87768666640845],[-87.79430850117906,41.87769466331476],[-87.79430897375477,41.877708386775396]]],"crs":null},"type":"Feature","properties":{"name":"16181170140000","pin":"16181170140000","units":2,"yearBuilt":1903,"address":"601 S OAK PARK AVE","url":"https://www.cookcountyassessor.com/pin/16181170140000"}},{"geometry":{"type":"Polygon","coordinates":[[[-87.7869602544305,41.88070232681655],[-87.78696400752916,41.88083933822303],[-87.7876052587826,41.88082817171781],[-87.78760150310184,41.88069116121846],[-87.7869602544305,41.88070232681655]]],"crs":null},"type":"Feature","properties":{"name":"16074220100000","pin":"16074220100000","units":2,"yearBuilt":1922,"address":"422 S SCOVILLE AVE 2","url":"https://www.cookcountyassessor.com/pin/16074220100000"}},{"geometry":{"type":"Polygon","coordinates":[[[-87.7796595853805,41.87860384850396],[-87.77966310024107,41.87870704932879],[-87.78012371207733,41.8786992797596],[-87.78012019574479,41.8785960240198],[-87.7796595853805,41.87860384850396]]],"crs":null},"type":"Feature","properties":{"name":"16171030350000","pin":"16171030350000","units":2,"yearBuilt":1915,"address":"535 S LOMBARD AVE","url":"https://www.cookcountyassessor.com/pin/16171030350000"}},{"geometry":{"type":"Polygon","coordinates":[[[-87.79926279159135,41.88241289784988],[-87.79926774430973,41.88255007828581],[-87.79985320713439,41.88253726674818],[-87.79984825195939,41.88240008632434],[-87.79926279159135,41.88241289784988]]],"crs":null},"type":"Feature","properties":{"name":"16073170060000","pin":"16073170060000","units":2,"yearBuilt":1907,"address":"320 HOME AVE","url":"https://www.cookcountyassessor.com/pin/16073170060000"}},{"geometry":{"type":"Polygon","coordinates":[[[-87.77926158823665,41.895581858729855],[-87.77926461445553,41.89567369550381],[-87.7798921111085,41.895664811685485],[-87.77988901049379,41.89557297366796],[-87.77926158823665,41.895581858729855]]],"crs":null},"type":"Feature","properties":{"name":"16053240080000","pin":"16053240080000","units":2,"yearBuilt":1902,"address":"526 N LOMBARD AVE","url":"https://www.cookcountyassessor.com/pin/16053240080000"}},{"geometry":{"type":"Polygon","coordinates":[[[-87.7769740196325,41.89678748679319],[-87.77697697291869,41.89687888388477],[-87.7774588673057,41.89687177750241],[-87.7774559133403,41.8967803795186],[-87.7769740196325,41.89678748679319]]],"crs":null},"type":"Feature","properties":{"name":"16053190310000","pin":"16053190310000","units":2,"yearBuilt":1918,"address":"607 N HUMPHREY AVE","url":"https://www.cookcountyassessor.com/pin/16053190310000"}},{"geometry":{"type":"Polygon","coordinates":[[[-87.79332348072319,41.871925892099156],[-87.79349827353437,41.871940599869845],[-87.79348804143822,41.871646861064946],[-87.79331317640636,41.871632098918575],[-87.79332348072319,41.871925892099156]]],"crs":null},"type":"Feature","properties":{"name":"16184030180000","pin":"16184030180000","units":4,"yearBuilt":1951,"address":"737 GARFIELD ST","url":"https://www.cookcountyassessor.com/pin/16184030180000"}},{"geometry":{"type":"Polygon","coordinates":[[[-87.79313221557284,41.87916071504727],[-87.7931345764897,41.87922927742523],[-87.79359739762117,41.87922108066059],[-87.79359432877655,41.87913193220558],[-87.79313150828068,41.87914012986205],[-87.79313221557284,41.87916071504727]]],"crs":null},"type":"Feature","properties":{"name":"16182000180000","pin":"16182000180000","units":2,"yearBuilt":1917,"address":"515 S EUCLID AVE","url":"https://www.cookcountyassessor.com/pin/16182000180000"}},{"geometry":{"type":"Polygon","coordinates":[[[-87.78241090618936,41.8728799964972],[-87.78241208188508,41.87291408558045],[-87.78287719811102,41.872907150332026],[-87.78287602358182,41.87287289649575],[-87.78287442276502,41.87282837668789],[-87.78240930663073,41.87283536774765],[-87.78241090618936,41.8728799964972]]],"crs":null},"type":"Feature","properties":{"name":"16171250160000","pin":"16171250160000","units":2,"yearBuilt":1913,"address":"842 S CUYLER AVE 12","url":"https://www.cookcountyassessor.com/pin/16171250160000"}},{"geometry":{"type":"Polygon","coordinates":[[[-87.80205595295996,41.89496707228453],[-87.80206040029175,41.89508635748657],[-87.80260444752807,41.89507635931406],[-87.80260262829917,41.89503002833977],[-87.80259985338061,41.89495707345317],[-87.8023349922979,41.89496194075839],[-87.80205595295996,41.89496707228453]]],"crs":null},"type":"Feature","properties":{"name":"16063180550000","pin":"16063180550000","units":2,"yearBuilt":1888,"address":"519 BELLEFORTE AVE","url":"https://www.cookcountyassessor.com/pin/16063180550000"}},{"geometry":{"type":"Polygon","coordinates":[[[-87.77699518363131,41.89743846901894],[-87.77699913148885,41.89755912478553],[-87.77766456223654,41.89754928720199],[-87.7776610934349,41.89744092432484],[-87.77766068545957,41.897428628199165],[-87.77699518363131,41.89743846901894]]],"crs":null},"type":"Feature","properties":{"name":"16053190240000","pin":"16053190240000","units":2,"yearBuilt":1911,"address":"627 N HUMPHREY AVE","url":"https://www.cookcountyassessor.com/pin/16053190240000"}},{"geometry":{"type":"Polygon","coordinates":[[[-87.79293750136503,41.87346223274428],[-87.79293973808394,41.873528050358566],[-87.79340067972178,41.87352000934947],[-87.7933983702551,41.87345419140148],[-87.79339755060532,41.87342948929354],[-87.79293660842072,41.87343752938803],[-87.79293750136503,41.87346223274428]]],"crs":null},"type":"Feature","properties":{"name":"16182240130000","pin":"16182240130000","units":2,"yearBuilt":1910,"address":"821 S EUCLID AVE","url":"https://www.cookcountyassessor.com/pin/16182240130000"}},{"geometry":{"type":"Polygon","coordinates":[[[-87.77793611792714,41.89415311320129],[-87.77794871386585,41.89456470114418],[-87.77804356091342,41.89456323848933],[-87.77803096509508,41.894151705477405],[-87.77793611792714,41.89415311320129]]],"crs":null},"type":"Feature","properties":{"name":"16081040020000","pin":"16081040020000","units":2,"yearBuilt":1903,"address":"57 CHICAGO AVE","url":"https://www.cookcountyassessor.com/pin/16081040020000"}},{"geometry":{"type":"Polygon","coordinates":[[[-87.77894017538478,41.87228047009791],[-87.77894530733032,41.87242583029379],[-87.77903512802527,41.87242456219552],[-87.77914507012188,41.872423062499244],[-87.77913993700139,41.872277646484655],[-87.77902999467169,41.8722792019966],[-87.77894017538478,41.87228047009791]]],"crs":null},"type":"Feature","properties":{"name":"16173040020000","pin":"16173040020000","units":4,"yearBuilt":1924,"address":"908 S LOMBARD AVE","url":"https://www.cookcountyassessor.com/pin/16173040020000"}},{"geometry":{"type":"Polygon","coordinates":[[[-87.80222073791424,41.892642029747755],[-87.80222348262025,41.89272744346207],[-87.80239460371781,41.892724228232545],[-87.80256571079617,41.89272095776238],[-87.80268904907341,41.89271861875212],[-87.80268630374728,41.892633205045236],[-87.8025629547898,41.89263554400339],[-87.80239184477935,41.89263875953536],[-87.80223278601363,41.892641811764804],[-87.80222073791424,41.892642029747755]]],"crs":null},"type":"Feature","properties":{"name":"16071080030000","pin":"16071080030000","units":3,"yearBuilt":1927,"address":"320 N MARION ST","url":"https://www.cookcountyassessor.com/pin/16071080030000"}},{"geometry":{"type":"Polygon","coordinates":[[[-87.77439294963439,41.86861751408766],[-87.77439550899213,41.868686132838576],[-87.77484796145856,41.86867955288385],[-87.77484540162489,41.868610933239715],[-87.77484291478369,41.86854236977106],[-87.77439046207213,41.868548950606396],[-87.77439294963439,41.86861751408766]]],"crs":null},"type":"Feature","properties":{"name":"16173230260000","pin":"16173230260000","units":4,"yearBuilt":1924,"address":"914 S AUSTIN BLVD","url":"https://www.cookcountyassessor.com/pin/16173230260000"}},{"geometry":{"type":"Polygon","coordinates":[[[-87.77525483533519,41.89419412099975],[-87.77526703578394,41.89460680480701],[-87.77545856861127,41.894603783840765],[-87.77545398962087,41.894454639005886],[-87.77551636400281,41.89445367972926],[-87.77550829908877,41.89419024756647],[-87.7754459249553,41.89419120774063],[-87.77525483533519,41.89419412099975]]],"crs":null},"type":"Feature","properties":{"name":"16081050230000","pin":"16081050230000","units":4,"yearBuilt":1908,"address":"728 AUSTIN AVE 2","url":"https://www.cookcountyassessor.com/pin/16081050230000"}},{"geometry":{"type":"Polygon","coordinates":[[[-87.78887283265988,41.88175098805974],[-87.78888417441448,41.88216256982127],[-87.78906781604637,41.88215904932469],[-87.78906478060794,41.88204937493447],[-87.78905639915838,41.881747522144536],[-87.78887283265988,41.88175098805974]]],"crs":null},"type":"Feature","properties":{"name":"16074150170000","pin":"16074150170000","units":3,"yearBuilt":1904,"address":"524 WASHINGTON BLVD","url":"https://www.cookcountyassessor.com/pin/16074150170000"}},{"geometry":{"type":"Polygon","coordinates":[[[-87.79346900098795,41.87379607367883],[-87.79347136046093,41.873864691028],[-87.79393237915842,41.8738566482502],[-87.79393001919243,41.873788030907505],[-87.79392758408451,41.87371946813205],[-87.79346664151925,41.87372745632881],[-87.79346900098795,41.87379607367883]]],"crs":null},"type":"Feature","properties":{"name":"16182240040000","pin":"16182240040000","units":3,"yearBuilt":1922,"address":"810 S OAK PARK AVE","url":"https://www.cookcountyassessor.com/pin/16182240040000"}},{"geometry":{"type":"Polygon","coordinates":[[[-87.79404972750781,41.893307628697336],[-87.79405393584848,41.89344480559162],[-87.79452883107543,41.89343677175416],[-87.79452462171875,41.893299594871124],[-87.79404972750781,41.893307628697336]]],"crs":null},"type":"Feature","properties":{"name":"16072000330000","pin":"16072000330000","units":2,"yearBuilt":1969,"address":"410 N OAK PARK AVE","url":"https://www.cookcountyassessor.com/pin/16072000330000"}},{"geometry":{"type":"Polygon","coordinates":[[[-87.78346522017804,41.89651002452492],[-87.78346816334427,41.89659511002699],[-87.78386820800046,41.896589286436246],[-87.78386511729161,41.89650420023777],[-87.78346522017804,41.89651002452492]]],"crs":null},"type":"Feature","properties":{"name":"16053150290000","pin":"16053150290000","units":2,"yearBuilt":1902,"address":"601 N CUYLER AVE","url":"https://www.cookcountyassessor.com/pin/16053150290000"}},{"geometry":{"type":"Polygon","coordinates":[[[-87.77493535401375,41.88025321261283],[-87.77494617627401,41.88059613215044],[-87.77503806465343,41.88059476740588],[-87.77502716841482,41.88025184751662],[-87.77493535401375,41.88025321261283]]],"crs":null},"type":"Feature","properties":{"name":"16083230240000","pin":"16083230240000","units":4,"yearBuilt":1908,"address":"4 MADISON ST","url":"https://www.cookcountyassessor.com/pin/16083230240000"}},{"geometry":{"type":"Polygon","coordinates":[[[-87.79206059680143,41.881200461227856],[-87.79206883678255,41.88149633579722],[-87.79225239752179,41.881493304112304],[-87.79224415495588,41.88119720715795],[-87.79224033692265,41.88105998493292],[-87.79205677556948,41.88106323628118],[-87.79206059680143,41.881200461227856]]],"crs":null},"type":"Feature","properties":{"name":"16074190030000","pin":"16074190030000","units":3,"yearBuilt":1903,"address":"655 WASHINGTON BLVD","url":"https://www.cookcountyassessor.com/pin/16074190030000"}},{"geometry":{"type":"Polygon","coordinates":[[[-87.77603789205159,41.89730440868247],[-87.7760426457679,41.89744208303048],[-87.77670102571834,41.897431828764844],[-87.77669655984565,41.897294705045184],[-87.77603789205159,41.89730440868247]]],"crs":null},"type":"Feature","properties":{"name":"16053200120000","pin":"16053200120000","units":2,"yearBuilt":1905,"address":"624 N HUMPHREY AVE","url":"https://www.cookcountyassessor.com/pin/16053200120000"}},{"geometry":{"type":"Polygon","coordinates":[[[-87.78692461643665,41.87660081606371],[-87.78692736647926,41.87668315750762],[-87.78720713304818,41.876678340699655],[-87.78719967896349,41.876458813975475],[-87.78719509624806,41.8763238360059],[-87.786915405651,41.87632854240582],[-87.7869199831748,41.87646363650541],[-87.78692461643665,41.87660081606371]]],"crs":null},"type":"Feature","properties":{"name":"16182130360000","pin":"16182130360000","units":2,"yearBuilt":1903,"address":"502 JACKSON BLVD","url":"https://www.cookcountyassessor.com/pin/16182130360000"}},{"geometry":{"type":"Polygon","coordinates":[[[-87.79294701425093,41.87373653778241],[-87.79294919941663,41.873799610900576],[-87.79341014420226,41.873791570771324],[-87.79340701385864,41.87370105071409],[-87.79294606972324,41.87370909083473],[-87.79294701425093,41.87373653778241]]],"crs":null},"type":"Feature","properties":{"name":"16182240100000","pin":"16182240100000","units":2,"yearBuilt":1910,"address":"813 S EUCLID AVE","url":"https://www.cookcountyassessor.com/pin/16182240100000"}},{"geometry":{"type":"Polygon","coordinates":[[[-87.79475263158301,41.89282750072847],[-87.79475746595755,41.892986580455876],[-87.79545855328259,41.892975870554174],[-87.79545415863224,41.8928167388931],[-87.79475263158301,41.89282750072847]]],"crs":null},"type":"Feature","properties":{"name":"16071050290000","pin":"16071050290000","units":2,"yearBuilt":1952,"address":"341 N OAK PARK AVE","url":"https://www.cookcountyassessor.com/pin/16071050290000"}},{"geometry":{"type":"Polygon","coordinates":[[[-87.79653594922267,41.87981411050501],[-87.79654786906914,41.88020637483297],[-87.79663888056422,41.880204439494136],[-87.79662695648487,41.8798126145228],[-87.79653594922267,41.87981411050501]]],"crs":null},"type":"Feature","properties":{"name":"16073260170000","pin":"16073260170000","units":2,"yearBuilt":1901,"address":"850 MADISON ST","url":"https://www.cookcountyassessor.com/pin/16073260170000"}},{"geometry":{"type":"Polygon","coordinates":[[[-87.77698590488015,41.89715324206288],[-87.77699037136536,41.89729036577832],[-87.77765587285333,41.897280525883055],[-87.77765349068719,41.89720779203871],[-87.77765140495244,41.897143401284374],[-87.77698590488015,41.89715324206288]]],"crs":null},"type":"Feature","properties":{"name":"16053190270000","pin":"16053190270000","units":2,"yearBuilt":1954,"address":"619 N HUMPHREY AVE","url":"https://www.cookcountyassessor.com/pin/16053190270000"}},{"geometry":{"type":"Polygon","coordinates":[[[-87.78333214038635,41.8727420954803],[-87.78334323676903,41.87308375285421],[-87.7834354816663,41.873082383983004],[-87.78342438480014,41.87274072571468],[-87.78333214038635,41.8727420954803]]],"crs":null},"type":"Feature","properties":{"name":"16171240330000","pin":"16171240330000","units":4,"yearBuilt":1916,"address":"334 HARRISON ST","url":"https://www.cookcountyassessor.com/pin/16171240330000"}},{"geometry":{"type":"Polygon","coordinates":[[[-87.77948873613929,41.87380123900507],[-87.7794920606527,41.873892528346985],[-87.77995285052849,41.87388552916789],[-87.77995043061657,41.87381707603015],[-87.77994960005158,41.87379423929484],[-87.77948873613929,41.87380123900507]]],"crs":null},"type":"Feature","properties":{"name":"16171270260000","pin":"16171270260000","units":2,"yearBuilt":1899,"address":"817 S LOMBARD AVE","url":"https://www.cookcountyassessor.com/pin/16171270260000"}},{"geometry":{"type":"Polygon","coordinates":[[[-87.78140835216914,41.88227287868777],[-87.78141108990978,41.88236438560805],[-87.78204801885204,41.88235377859409],[-87.78204550067117,41.882262272741706],[-87.78140835216914,41.88227287868777]]],"crs":null},"type":"Feature","properties":{"name":"16083130250000","pin":"16083130250000","units":2,"yearBuilt":1916,"address":"343 S HARVEY AVE","url":"https://www.cookcountyassessor.com/pin/16083130250000"}},{"geometry":{"type":"Polygon","coordinates":[[[-87.79627885523848,41.893781359516574],[-87.79628349219882,41.89394691349071],[-87.79691128569728,41.893935413473315],[-87.796907437823,41.89379834731343],[-87.79690664878797,41.89376980370139],[-87.79627885523848,41.893781359516574]]],"crs":null},"type":"Feature","properties":{"name":"16071040200000","pin":"16071040200000","units":2,"yearBuilt":1907,"address":"427 N GROVE AVE","url":"https://www.cookcountyassessor.com/pin/16071040200000"}},{"geometry":{"type":"Polygon","coordinates":[[[-87.78503119505046,41.87218962289684],[-87.78504287792056,41.87253249121244],[-87.78513468395644,41.87253078845351],[-87.78512720647403,41.87231134416612],[-87.78512300059585,41.87218792014424],[-87.78503119505046,41.87218962289684]]],"crs":null},"type":"Feature","properties":{"name":"16184020020000","pin":"16184020020000","units":2,"yearBuilt":1912,"address":"417 HARRISON ST","url":"https://www.cookcountyassessor.com/pin/16184020020000"}},{"geometry":{"type":"Polygon","coordinates":[[[-87.79410982683652,41.87199221123504],[-87.794516209133,41.87202650036805],[-87.79451170884916,41.87189782897164],[-87.79410680839545,41.87190575224852],[-87.79410982683652,41.87199221123504]]],"crs":null},"type":"Feature","properties":{"name":"16183070170000","pin":"16183070170000","units":6,"yearBuilt":1908,"address":"901 S OAK PARK AVE","url":"https://www.cookcountyassessor.com/pin/16183070170000"}},{"geometry":{"type":"Polygon","coordinates":[[[-87.80226172679023,41.89370610899972],[-87.80226752205945,41.89388440254051],[-87.80243267983343,41.89388137936399],[-87.80272655632459,41.89387598684801],[-87.80272075977898,41.893697693322764],[-87.80244532490781,41.893702731715216],[-87.80226172679023,41.89370610899972]]],"crs":null},"type":"Feature","properties":{"name":"16071020310000","pin":"16071020310000","units":5,"yearBuilt":1886,"address":"420 N MARION ST","url":"https://www.cookcountyassessor.com/pin/16071020310000"}},{"geometry":{"type":"Polygon","coordinates":[[[-87.7944157259692,41.88098080627191],[-87.79441675932705,41.88101511420804],[-87.79493506419436,41.881004372355676],[-87.79493403055932,41.88097006442255],[-87.79493210860238,41.880901504157876],[-87.79441380410476,41.880912300920706],[-87.7944157259692,41.88098080627191]]],"crs":null},"type":"Feature","properties":{"name":"16073270140000","pin":"16073270140000","units":2,"yearBuilt":1913,"address":"417 S OAK PARK AVE","url":"https://www.cookcountyassessor.com/pin/16073270140000"}},{"geometry":{"type":"Polygon","coordinates":[[[-87.80399827742494,41.89262806426444],[-87.80400280148801,41.89276518736916],[-87.80453617919083,41.892755020994976],[-87.80453121418236,41.89261789587926],[-87.80399827742494,41.89262806426444]]],"crs":null},"type":"Feature","properties":{"name":"16071060130000","pin":"16071060130000","units":2,"yearBuilt":1894,"address":"323 N MAPLE AVE","url":"https://www.cookcountyassessor.com/pin/16071060130000"}},{"geometry":{"type":"Polygon","coordinates":[[[-87.79188088378763,41.88134105801096],[-87.791885276029,41.88149936718865],[-87.79206883678255,41.88149633579722],[-87.79206059680143,41.881200461227856],[-87.79205677556948,41.88106323628118],[-87.79187328648432,41.8810664876767],[-87.79187704945119,41.88120371775631],[-87.79188088378763,41.88134105801096]]],"crs":null},"type":"Feature","properties":{"name":"16074190020000","pin":"16074190020000","units":2,"yearBuilt":1912,"address":"651 WASHINGTON BLVD","url":"https://www.cookcountyassessor.com/pin/16074190020000"}},{"geometry":{"type":"Polygon","coordinates":[[[-87.79625230095691,41.89282118757535],[-87.79625676326951,41.892981253178796],[-87.79676185639056,41.89297197830797],[-87.79675724580598,41.892811912929965],[-87.79625230095691,41.89282118757535]]],"crs":null},"type":"Feature","properties":{"name":"16071040270000","pin":"16071040270000","units":2,"yearBuilt":1884,"address":"343 N GROVE AVE","url":"https://www.cookcountyassessor.com/pin/16071040270000"}},{"geometry":{"type":"Polygon","coordinates":[[[-87.7821189556471,41.882261033527925],[-87.78212142025994,41.882350233343104],[-87.78275225322713,41.88233970300502],[-87.7827497142475,41.882250502845665],[-87.7821189556471,41.882261033527925]]],"crs":null},"type":"Feature","properties":{"name":"16083130100000","pin":"16083130100000","units":2,"yearBuilt":1922,"address":"332 S CUYLER AVE","url":"https://www.cookcountyassessor.com/pin/16083130100000"}},{"geometry":{"type":"Polygon","coordinates":[[[-87.78331697251144,41.87875940435346],[-87.78332019010614,41.87885524873973],[-87.78378490207402,41.87884891116733],[-87.78378168498966,41.87875306679559],[-87.78331697251144,41.87875940435346]]],"crs":null},"type":"Feature","properties":{"name":"16171000210000","pin":"16171000210000","units":2,"yearBuilt":1910,"address":"527 S CUYLER AVE 1","url":"https://www.cookcountyassessor.com/pin/16171000210000"}},{"geometry":{"type":"Polygon","coordinates":[[[-87.80045500855834,41.89400992569683],[-87.80046001025674,41.89419480072925],[-87.80108655686219,41.894183327022],[-87.80108155427658,41.8939983412683],[-87.80045500855834,41.89400992569683]]],"crs":null},"type":"Feature","properties":{"name":"16071020220000","pin":"16071020220000","units":6,"yearBuilt":1894,"address":"429 FOREST AVE","url":"https://www.cookcountyassessor.com/pin/16071020220000"}},{"geometry":{"type":"Polygon","coordinates":[[[-87.79983506190916,41.87519152860147],[-87.7998374264018,41.87526036551859],[-87.7998398643805,41.87532920277623],[-87.80029597066284,41.8753214420711],[-87.80029109252663,41.87518376756286],[-87.79983506190916,41.87519152860147]]],"crs":null},"type":"Feature","properties":{"name":"16181290190000","pin":"16181290190000","units":2,"yearBuilt":1908,"address":"801 HOME AVE","url":"https://www.cookcountyassessor.com/pin/16181290190000"}},{"geometry":{"type":"Polygon","coordinates":[[[-87.80339619399254,41.895084955015385],[-87.80340289785427,41.89526028872902],[-87.80365438072907,41.895256564613945],[-87.80371550680792,41.89525563828277],[-87.80370880949228,41.895079262921406],[-87.80339619399254,41.895084955015385]]],"crs":null},"type":"Feature","properties":{"name":"16063170100000","pin":"16063170100000","units":4,"yearBuilt":1895,"address":"527 N MARION ST","url":"https://www.cookcountyassessor.com/pin/16063170100000"}},{"geometry":{"type":"Polygon","coordinates":[[[-87.80202668759632,41.908449731261776],[-87.80203817643634,41.90879204660391],[-87.80212980944955,41.90879082381378],[-87.80211831966471,41.9084485633965],[-87.80202668759632,41.908449731261776]]],"crs":null},"type":"Feature","properties":{"name":"16061020050000","pin":"16061020050000","units":4,"yearBuilt":1965,"address":"7017 NORTH AVE","url":"https://www.cookcountyassessor.com/pin/16061020050000"}},{"geometry":{"type":"Polygon","coordinates":[[[-87.7775557754084,41.89415895657949],[-87.77756836627205,41.89457070929865],[-87.77766321380204,41.894569192939855],[-87.77765062185323,41.894157495145826],[-87.7775557754084,41.89415895657949]]],"crs":null},"type":"Feature","properties":{"name":"16081040060000","pin":"16081040060000","units":2,"yearBuilt":1903,"address":"49 CHICAGO AVE","url":"https://www.cookcountyassessor.com/pin/16081040060000"}},{"geometry":{"type":"Polygon","coordinates":[[[-87.78865899302487,41.87629917444275],[-87.78866357814488,41.87643366438299],[-87.7891268185231,41.87642570638122],[-87.78912223029559,41.876291326285404],[-87.78865899302487,41.87629917444275]]],"crs":null},"type":"Feature","properties":{"name":"16182120160000","pin":"16182120160000","units":4,"yearBuilt":1925,"address":"644 S EAST AVE","url":"https://www.cookcountyassessor.com/pin/16182120160000"}},{"geometry":{"type":"Polygon","coordinates":[[[-87.7902320169484,41.88066312582032],[-87.79023657489549,41.880827418640656],[-87.79087921607419,41.8808167896348],[-87.7908746564811,41.88065249682992],[-87.7902320169484,41.88066312582032]]],"crs":null},"type":"Feature","properties":{"name":"16074200040000","pin":"16074200040000","units":2,"yearBuilt":1916,"address":"420 WESLEY AVE","url":"https://www.cookcountyassessor.com/pin/16074200040000"}},{"geometry":{"type":"Polygon","coordinates":[[[-87.78384978615831,41.87914483235724],[-87.78385286792552,41.87923946961286],[-87.78423708226696,41.87923422699876],[-87.78432030089697,41.87923308797555],[-87.78431692448869,41.87913845022334],[-87.78421908957507,41.87913979306249],[-87.78384978615831,41.87914483235724]]],"crs":null},"type":"Feature","properties":{"name":"16171000070000","pin":"16171000070000","units":2,"yearBuilt":1916,"address":"516 S RIDGELAND AVE","url":"https://www.cookcountyassessor.com/pin/16171000070000"}},{"geometry":{"type":"Polygon","coordinates":[[[-87.79499272194906,41.88096880267715],[-87.79499671176274,41.88110592478648],[-87.79551494380604,41.881095179976384],[-87.79551087938891,41.88095805843446],[-87.79499272194906,41.88096880267715]]],"crs":null},"type":"Feature","properties":{"name":"16073270020000","pin":"16073270020000","units":2,"yearBuilt":1908,"address":"412 S GROVE AVE 1","url":"https://www.cookcountyassessor.com/pin/16073270020000"}},{"geometry":{"type":"Polygon","coordinates":[[[-87.7962611525582,41.893141263515275],[-87.79626153650142,41.89315685202509],[-87.79681600109518,41.89314671029305],[-87.79681554351505,41.89313112144087],[-87.79681107980052,41.89297105585512],[-87.79676185639056,41.89297197830797],[-87.79625676326951,41.892981253178796],[-87.7962611525582,41.893141263515275]]],"crs":null},"type":"Feature","properties":{"name":"16071040260000","pin":"16071040260000","units":2,"yearBuilt":1888,"address":"403 N GROVE AVE 1","url":"https://www.cookcountyassessor.com/pin/16071040260000"}},{"geometry":{"type":"Polygon","coordinates":[[[-87.77789747937399,41.908750756783526],[-87.77790934920793,41.90909362362107],[-87.77800120250677,41.90909253189493],[-87.77798933218914,41.90874966416357],[-87.77789747937399,41.908750756783526]]],"crs":null},"type":"Feature","properties":{"name":"16051050380000","pin":"16051050380000","units":2,"yearBuilt":1961,"address":"6049 W NORTH AVE","url":"https://www.cookcountyassessor.com/pin/16051050380000"}},{"geometry":{"type":"Polygon","coordinates":[[[-87.80073717918872,41.894750479012735],[-87.8007417124221,41.89489451865305],[-87.80109194374519,41.894888074478615],[-87.80108741092997,41.894744034853005],[-87.80073717918872,41.894750479012735]]],"crs":null},"type":"Feature","properties":{"name":"16063190580000","pin":"16063190580000","units":2,"yearBuilt":1951,"address":"515 FOREST AVE 1","url":"https://www.cookcountyassessor.com/pin/16063190580000"}},{"geometry":{"type":"Polygon","coordinates":[[[-87.79293986192806,41.87353079519175],[-87.79294286776222,41.87361857042734],[-87.79340381005035,41.873610529409625],[-87.79340316418327,41.873591371541266],[-87.79340080358564,41.87352275418227],[-87.79340067972178,41.87352000934947],[-87.79293973808394,41.873528050358566],[-87.79293986192806,41.87353079519175]]],"crs":null},"type":"Feature","properties":{"name":"16182240120000","pin":"16182240120000","units":2,"yearBuilt":1910,"address":"819 S EUCLID AVE","url":"https://www.cookcountyassessor.com/pin/16182240120000"}},{"geometry":{"type":"Polygon","coordinates":[[[-87.79643143350397,41.89963060754107],[-87.79643316676749,41.899695599529025],[-87.79704565304749,41.899685179720244],[-87.79704378116062,41.89961925344009],[-87.79704184327804,41.89955228515677],[-87.79642971678956,41.89956364028237],[-87.79643143350397,41.89963060754107]]],"crs":null},"type":"Feature","properties":{"name":"16063120180000","pin":"16063120180000","units":2,"yearBuilt":1898,"address":"741 N GROVE AVE","url":"https://www.cookcountyassessor.com/pin/16063120180000"}},{"geometry":{"type":"Polygon","coordinates":[[[-87.7773675175187,41.8882107145079],[-87.77738189949972,41.88865288179008],[-87.77753947282552,41.888650736416075],[-87.77752532355527,41.8882153750639],[-87.7773675175187,41.8882107145079]]],"crs":null},"type":"Feature","properties":{"name":"16081220360000","pin":"16081220360000","units":2,"yearBuilt":1922,"address":"54 LAKE ST","url":"https://www.cookcountyassessor.com/pin/16081220360000"}},{"geometry":{"type":"Polygon","coordinates":[[[-87.79067561962046,41.8653043594724],[-87.79068747780688,41.865647338327335],[-87.79077934642962,41.8656457411799],[-87.79076748774463,41.86530276323179],[-87.79067561962046,41.8653043594724]]],"crs":null},"type":"Feature","properties":{"name":"16184240360000","pin":"16184240360000","units":3,"yearBuilt":1913,"address":"6636 ROOSEVELT RD","url":"https://www.cookcountyassessor.com/pin/16184240360000"}},{"geometry":{"type":"Polygon","coordinates":[[[-87.78907626621925,41.89709400118573],[-87.7890805413074,41.89723074001056],[-87.7897121729003,41.89722105325317],[-87.78970796997147,41.89708431479167],[-87.78907626621925,41.89709400118573]]],"crs":null},"type":"Feature","properties":{"name":"16064160060000","pin":"16064160060000","units":2,"yearBuilt":1893,"address":"622 N EAST AVE","url":"https://www.cookcountyassessor.com/pin/16064160060000"}},{"geometry":{"type":"Polygon","coordinates":[[[-87.78382157416122,41.878297382142364],[-87.7838246176456,41.87838790195753],[-87.78407529829525,41.878384436479834],[-87.78428998803463,41.87838151056607],[-87.78428672296862,41.878291044623964],[-87.78405807868269,41.878294177494936],[-87.78382157416122,41.878297382142364]]],"crs":null},"type":"Feature","properties":{"name":"16171000160000","pin":"16171000160000","units":2,"yearBuilt":1916,"address":"540 S RIDGELAND AVE","url":"https://www.cookcountyassessor.com/pin/16171000160000"}},{"geometry":{"type":"Polygon","coordinates":[[[-87.79225605493437,41.87412099356474],[-87.7922597726629,41.874228804827524],[-87.7927213807093,41.874220770592046],[-87.79271766341735,41.87411295844486],[-87.79225605493437,41.87412099356474]]],"crs":null},"type":"Feature","properties":{"name":"16182250010000","pin":"16182250010000","units":2,"yearBuilt":1909,"address":"800 S EUCLID AVE","url":"https://www.cookcountyassessor.com/pin/16182250010000"}},{"geometry":{"type":"Polygon","coordinates":[[[-87.79117443404044,41.90858813962399],[-87.79118417004412,41.90893105092863],[-87.79130064031077,41.908929624519025],[-87.7912909036838,41.908586713220515],[-87.79117443404044,41.90858813962399]]],"crs":null},"type":"Feature","properties":{"name":"16062030010000","pin":"16062030010000","units":4,"yearBuilt":1947,"address":"6619 NORTH AVE","url":"https://www.cookcountyassessor.com/pin/16062030010000"}},{"geometry":{"type":"Polygon","coordinates":[[[-87.79479212907437,41.89411561644565],[-87.79479766003494,41.894296652427734],[-87.79520357468775,41.894289828278545],[-87.7951983303179,41.8941093977866],[-87.79479212907437,41.89411561644565]]],"crs":null},"type":"Feature","properties":{"name":"16071050360000","pin":"16071050360000","units":2,"yearBuilt":1949,"address":"435 N OAK PARK AVE","url":"https://www.cookcountyassessor.com/pin/16071050360000"}},{"geometry":{"type":"Polygon","coordinates":[[[-87.79621296295376,41.87498051759875],[-87.79621776223702,41.875117642695976],[-87.79648672512958,41.87511297242642],[-87.79648207102952,41.87497584801832],[-87.79621296295376,41.87498051759875]]],"crs":null},"type":"Feature","properties":{"name":"16181320250000","pin":"16181320250000","units":2,"yearBuilt":1908,"address":"809 CARPENTER AVE","url":"https://www.cookcountyassessor.com/pin/16181320250000"}},{"geometry":{"type":"Polygon","coordinates":[[[-87.77607033901387,41.86553354545035],[-87.77608329563415,41.865876421194045],[-87.77617501549655,41.865875109614144],[-87.7761621318565,41.86553223423418],[-87.77607033901387,41.86553354545035]]],"crs":null},"type":"Feature","properties":{"name":"16173300310000","pin":"16173300310000","units":3,"yearBuilt":1903,"address":"6040 ROOSEVELT RD","url":"https://www.cookcountyassessor.com/pin/16173300310000"}},{"geometry":{"type":"Polygon","coordinates":[[[-87.80014622881924,41.900267126911565],[-87.80015089704982,41.900412484261516],[-87.8007904263112,41.900401840521475],[-87.80078575663046,41.90025648318886],[-87.80014622881924,41.900267126911565]]],"crs":null},"type":"Feature","properties":{"name":"16063030090000","pin":"16063030090000","units":2,"yearBuilt":1888,"address":"814 FOREST AVE","url":"https://www.cookcountyassessor.com/pin/16063030090000"}},{"geometry":{"type":"Polygon","coordinates":[[[-87.79453074495858,41.908545868787904],[-87.79454019930911,41.90888943665765],[-87.79463219921195,41.908888332314454],[-87.79462274483743,41.90854470863051],[-87.79453074495858,41.908545868787904]]],"crs":null},"type":"Feature","properties":{"name":"16062000040000","pin":"16062000040000","units":2,"yearBuilt":1961,"address":"6739 NORTH AVE","url":"https://www.cookcountyassessor.com/pin/16062000040000"}},{"geometry":{"type":"Polygon","coordinates":[[[-87.79545415863224,41.8928167388931],[-87.79545855328259,41.892975870554174],[-87.79601388461927,41.892967383477824],[-87.7960094885906,41.8928082518297],[-87.79545415863224,41.8928167388931]]],"crs":null},"type":"Feature","properties":{"name":"16071050090000","pin":"16071050090000","units":2,"yearBuilt":1914,"address":"344 N GROVE AVE","url":"https://www.cookcountyassessor.com/pin/16071050090000"}},{"geometry":{"type":"Polygon","coordinates":[[[-87.78090054318642,41.896017143112374],[-87.78090517635634,41.8961529503155],[-87.78108877561931,41.896150376085565],[-87.78153414673272,41.89614417446106],[-87.7815295122304,41.8960083672751],[-87.78090054318642,41.896017143112374]]],"crs":null},"type":"Feature","properties":{"name":"16053230030000","pin":"16053230030000","units":2,"yearBuilt":1911,"address":"540 N HARVEY AVE","url":"https://www.cookcountyassessor.com/pin/16053230030000"}},{"geometry":{"type":"Polygon","coordinates":[[[-87.77883381616817,41.88117007558664],[-87.77883644166405,41.88125713614472],[-87.77945073499065,41.8812471472986],[-87.77944809939348,41.881161020360636],[-87.77883381616817,41.88117007558664]]],"crs":null},"type":"Feature","properties":{"name":"16083210090000","pin":"16083210090000","units":3,"yearBuilt":1913,"address":"418 S LOMBARD AVE","url":"https://www.cookcountyassessor.com/pin/16083210090000"}},{"geometry":{"type":"Polygon","coordinates":[[[-87.79380154400532,41.89572189336002],[-87.79380616783473,41.895905725135385],[-87.79404303632231,41.895901732827184],[-87.79459649010941,41.89589242091033],[-87.79459179096267,41.89570853478991],[-87.79380154400532,41.89572189336002]]],"crs":null},"type":"Feature","properties":{"name":"16064190030000","pin":"16064190030000","units":2,"yearBuilt":1899,"address":"536 N OAK PARK AVE","url":"https://www.cookcountyassessor.com/pin/16064190030000"}},{"geometry":{"type":"Polygon","coordinates":[[[-87.7916421455379,41.881345264899224],[-87.79164654995645,41.88150334635579],[-87.79183018542973,41.881500314798],[-87.7918257933243,41.88134200561902],[-87.79182195743742,41.88120472027634],[-87.79163832216737,41.881207970606525],[-87.7916421455379,41.881345264899224]]],"crs":null},"type":"Feature","properties":{"name":"16074190090000","pin":"16074190090000","units":3,"yearBuilt":1923,"address":"647 WASHINGTON BLVD","url":"https://www.cookcountyassessor.com/pin/16074190090000"}},{"geometry":{"type":"Polygon","coordinates":[[[-87.77888905582576,41.87800841532761],[-87.7788914002806,41.87807697791452],[-87.77934774273383,41.87806979497033],[-87.7793453243067,41.878001232035245],[-87.77934297937622,41.877932668553456],[-87.77888663668597,41.877939852379264],[-87.77888905582576,41.87800841532761]]],"crs":null},"type":"Feature","properties":{"name":"16171120010000","pin":"16171120010000","units":2,"yearBuilt":1923,"address":"600 S LOMBARD AVE","url":"https://www.cookcountyassessor.com/pin/16171120010000"}},{"geometry":{"type":"Polygon","coordinates":[[[-87.78383716472979,41.878766339532035],[-87.78384031995178,41.878860977145635],[-87.78416518601323,41.87885654830587],[-87.78430679605695,41.87885459098122],[-87.78430341921246,41.87876000814134],[-87.78414719352732,41.87876211435339],[-87.78383716472979,41.878766339532035]]],"crs":null},"type":"Feature","properties":{"name":"16171000110000","pin":"16171000110000","units":2,"yearBuilt":1916,"address":"528 S RIDGELAND AVE 1","url":"https://www.cookcountyassessor.com/pin/16171000110000"}},{"geometry":{"type":"Polygon","coordinates":[[[-87.77763478970837,41.87679521085473],[-87.77763735466897,41.87686360978404],[-87.77809141132371,41.87685647568126],[-87.77808672109147,41.876719569224285],[-87.77763229750667,41.87672675735568],[-87.77763478970837,41.87679521085473]]],"crs":null},"type":"Feature","properties":{"name":"16171130150000","pin":"16171130150000","units":2,"yearBuilt":1913,"address":"636 S TAYLOR AVE","url":"https://www.cookcountyassessor.com/pin/16171130150000"}},{"geometry":{"type":"Polygon","coordinates":[[[-87.80400280148801,41.89276518736916],[-87.8040058467501,41.89285899991507],[-87.8045395927427,41.892848835223674],[-87.80453617919083,41.892755020994976],[-87.80400280148801,41.89276518736916]]],"crs":null},"type":"Feature","properties":{"name":"16071060120000","pin":"16071060120000","units":2,"yearBuilt":1898,"address":"325 N MAPLE AVE","url":"https://www.cookcountyassessor.com/pin/16071060120000"}},{"geometry":{"type":"Polygon","coordinates":[[[-87.7813191344344,41.876732682211944],[-87.78132162842175,41.87680124548622],[-87.78178112020268,41.87679406799687],[-87.78177783243983,41.876698113357186],[-87.78131819558456,41.87670529013699],[-87.7813191344344,41.876732682211944]]],"crs":null},"type":"Feature","properties":{"name":"16171100410000","pin":"16171100410000","units":2,"yearBuilt":1915,"address":"636 S HIGHLAND AVE","url":"https://www.cookcountyassessor.com/pin/16171100410000"}},{"geometry":{"type":"Polygon","coordinates":[[[-87.78955650327768,41.87933637648935],[-87.78956821030651,41.879679353906695],[-87.78966002556075,41.87967775742959],[-87.789648318041,41.879334780018624],[-87.78955650327768,41.87933637648935]]],"crs":null},"type":"Feature","properties":{"name":"16182030080000","pin":"16182030080000","units":6,"yearBuilt":1930,"address":"603 MADISON ST","url":"https://www.cookcountyassessor.com/pin/16182030080000"}},{"geometry":{"type":"Polygon","coordinates":[[[-87.7778224706251,41.898824748815265],[-87.77782701152701,41.89896198356262],[-87.7782884185063,41.89895548768045],[-87.77828395084669,41.89881830912512],[-87.7778224706251,41.898824748815265]]],"crs":null},"type":"Feature","properties":{"name":"16053120280000","pin":"16053120280000","units":2,"yearBuilt":1908,"address":"715 N TAYLOR AVE","url":"https://www.cookcountyassessor.com/pin/16053120280000"}},{"geometry":{"type":"Polygon","coordinates":[[[-87.77502716841482,41.88025184751662],[-87.77503806465343,41.88059476740588],[-87.77512980605478,41.8805934018734],[-87.77511890932571,41.88025048198978],[-87.77502716841482,41.88025184751662]]],"crs":null},"type":"Feature","properties":{"name":"16083230230000","pin":"16083230230000","units":4,"yearBuilt":1907,"address":"6 MADISON ST","url":"https://www.cookcountyassessor.com/pin/16083230230000"}},{"geometry":{"type":"Polygon","coordinates":[[[-87.79635952218065,41.879158616056216],[-87.7963618343707,41.879224488817115],[-87.79662648102392,41.87921996372521],[-87.79662570939973,41.8791980061358],[-87.79662424084353,41.8791540913058],[-87.79661934081781,41.87901131168998],[-87.7963544759393,41.87901567188362],[-87.79635952218065,41.879158616056216]]],"crs":null},"type":"Feature","properties":{"name":"16181060130000","pin":"16181060130000","units":2,"yearBuilt":1898,"address":"515 CARPENTER AVE","url":"https://www.cookcountyassessor.com/pin/16181060130000"}},{"geometry":{"type":"Polygon","coordinates":[[[-87.7850470306773,41.89534431298098],[-87.78505188043202,41.895481603938826],[-87.7856844507204,41.895471943796196],[-87.78567967310792,41.89533465410762],[-87.7850470306773,41.89534431298098]]],"crs":null},"type":"Feature","properties":{"name":"16064240190000","pin":"16064240190000","units":2,"yearBuilt":1913,"address":"525 N RIDGELAND AVE","url":"https://www.cookcountyassessor.com/pin/16064240190000"}},{"geometry":{"type":"Polygon","coordinates":[[[-87.78384031995178,41.878860977145635],[-87.78384347518931,41.878955613857336],[-87.78418317855838,41.87895098135399],[-87.78431017243983,41.878949228738236],[-87.78430679605695,41.87885459098122],[-87.78416518601323,41.87885654830587],[-87.78384031995178,41.878860977145635]]],"crs":null},"type":"Feature","properties":{"name":"16171000100000","pin":"16171000100000","units":2,"yearBuilt":1916,"address":"524 S RIDGELAND AVE","url":"https://www.cookcountyassessor.com/pin/16171000100000"}},{"geometry":{"type":"Polygon","coordinates":[[[-87.79576383513849,41.87498823983412],[-87.79576515323953,41.87502386723154],[-87.79603066242154,41.875019291705335],[-87.79602941931145,41.87498361064096],[-87.79602467019777,41.874849174196456],[-87.79575916125947,41.87485380463192],[-87.79576029174838,41.87488536879778],[-87.79576383513849,41.87498823983412]]],"crs":null},"type":"Feature","properties":{"name":"16181330040000","pin":"16181330040000","units":6,"yearBuilt":1914,"address":"812 CARPENTER AVE","url":"https://www.cookcountyassessor.com/pin/16181330040000"}},{"geometry":{"type":"Polygon","coordinates":[[[-87.77883915514522,41.87656826445642],[-87.77884149951069,41.87663682706087],[-87.77929731854357,41.87662964177578],[-87.77929436921879,41.87654598289582],[-87.7788386242632,41.87655316852767],[-87.77883915514522,41.87656826445642]]],"crs":null},"type":"Feature","properties":{"name":"16171120160000","pin":"16171120160000","units":2,"yearBuilt":1913,"address":"642 S LOMBARD AVE","url":"https://www.cookcountyassessor.com/pin/16171120160000"}},{"geometry":{"type":"Polygon","coordinates":[[[-87.7817995622352,41.89531564484471],[-87.78180433127486,41.89545282480256],[-87.78243233915046,41.89544403939615],[-87.78242764227923,41.89530685890848],[-87.7817995622352,41.89531564484471]]],"crs":null},"type":"Feature","properties":{"name":"16053220170000","pin":"16053220170000","units":2,"yearBuilt":1893,"address":"521 N HARVEY AVE","url":"https://www.cookcountyassessor.com/pin/16053220170000"}},{"geometry":{"type":"Polygon","coordinates":[[[-87.79355258211436,41.88295793732892],[-87.7935599389283,41.8832182917232],[-87.79370567400254,41.88321590284144],[-87.79370306427985,41.883124562471735],[-87.7937005285234,41.8830331666268],[-87.79369897800323,41.88295555246122],[-87.79369858068851,41.88294177444338],[-87.79355225711672,41.88294415965054],[-87.79355258211436,41.88295793732892]]],"crs":null},"type":"Feature","properties":{"name":"16074120040000","pin":"16074120040000","units":3,"yearBuilt":1898,"address":"717 RANDOLPH ST","url":"https://www.cookcountyassessor.com/pin/16074120040000"}},{"geometry":{"type":"Polygon","coordinates":[[[-87.7785441570011,41.895075319507164],[-87.77854768766707,41.89518505122084],[-87.77893501788358,41.895178963696445],[-87.77893199987858,41.89506923446878],[-87.7785441570011,41.895075319507164]]],"crs":null},"type":"Feature","properties":{"name":"16053240320000","pin":"16053240320000","units":3,"yearBuilt":1923,"address":"511 N TAYLOR AVE","url":"https://www.cookcountyassessor.com/pin/16053240320000"}},{"geometry":{"type":"Polygon","coordinates":[[[-87.8024439249197,41.88011193700055],[-87.80244887597567,41.880250270694205],[-87.80307432438516,41.88023954887335],[-87.80306944228951,41.88010159997003],[-87.8024439249197,41.88011193700055]]],"crs":null},"type":"Feature","properties":{"name":"16073220160000","pin":"16073220160000","units":3,"yearBuilt":1893,"address":"433 WISCONSIN AVE","url":"https://www.cookcountyassessor.com/pin/16073220160000"}},{"geometry":{"type":"Polygon","coordinates":[[[-87.79017702608587,41.87932548189785],[-87.79018866341067,41.879668404005855],[-87.79027680745754,41.87966684459356],[-87.79026516845688,41.87932392248593],[-87.79017702608587,41.87932548189785]]],"crs":null},"type":"Feature","properties":{"name":"16182030030000","pin":"16182030030000","units":2,"yearBuilt":1885,"address":"617 MADISON ST","url":"https://www.cookcountyassessor.com/pin/16182030030000"}},{"geometry":{"type":"Polygon","coordinates":[[[-87.78523967003191,41.8818159233834],[-87.78525106196288,41.88222750571108],[-87.78543477338798,41.8822243208837],[-87.78542338027816,41.881812738567014],[-87.78523967003191,41.8818159233834]]],"crs":null},"type":"Feature","properties":{"name":"16074170200000","pin":"16074170200000","units":2,"yearBuilt":1915,"address":"416 WASHINGTON BLVD","url":"https://www.cookcountyassessor.com/pin/16074170200000"}},{"geometry":{"type":"Polygon","coordinates":[[[-87.78517462300651,41.886478753211165],[-87.78518599564856,41.88687540654376],[-87.7853768401443,41.88687291492521],[-87.78536539939769,41.8864754923925],[-87.78517462300651,41.886478753211165]]],"crs":null},"type":"Feature","properties":{"name":"16074050070000","pin":"16074050070000","units":2,"yearBuilt":1960,"address":"411 SOUTH BLVD","url":"https://www.cookcountyassessor.com/pin/16074050070000"}},{"geometry":{"type":"Polygon","coordinates":[[[-87.78207822071501,41.87836992751266],[-87.78208056837734,41.878438654812555],[-87.7825427210149,41.87843077399179],[-87.78254037285747,41.8783620466983],[-87.78207822071501,41.87836992751266]]],"crs":null},"type":"Feature","properties":{"name":"16171010350000","pin":"16171010350000","units":2,"yearBuilt":1899,"address":"541 S HIGHLAND AVE 1","url":"https://www.cookcountyassessor.com/pin/16171010350000"}},{"geometry":{"type":"Polygon","coordinates":[[[-87.7947133850954,41.87464067033621],[-87.79471818189067,41.874777851310085],[-87.79517773817065,41.874769851603816],[-87.79517286690441,41.874632671199144],[-87.7947133850954,41.87464067033621]]],"crs":null},"type":"Feature","properties":{"name":"16181250100000","pin":"16181250100000","units":2,"yearBuilt":1914,"address":"738 S GROVE AVE","url":"https://www.cookcountyassessor.com/pin/16181250100000"}},{"geometry":{"type":"Polygon","coordinates":[[[-87.7942215279431,41.875198136320776],[-87.79422632372304,41.875335316395685],[-87.79468595585404,41.87532737394],[-87.79468115909138,41.87519019387833],[-87.7942215279431,41.875198136320776]]],"crs":null},"type":"Feature","properties":{"name":"16181250190000","pin":"16181250190000","units":2,"yearBuilt":1911,"address":"721 S OAK PARK AVE","url":"https://www.cookcountyassessor.com/pin/16181250190000"}},{"geometry":{"type":"Polygon","coordinates":[[[-87.78382777330694,41.878482484658775],[-87.7838309285133,41.87857712137681],[-87.7841112082244,41.87857330315561],[-87.78429666770147,41.87857073172472],[-87.78429336436756,41.878476149231375],[-87.78409321709772,41.878478869196734],[-87.78382777330694,41.878482484658775]]],"crs":null},"type":"Feature","properties":{"name":"16171000140000","pin":"16171000140000","units":2,"yearBuilt":1920,"address":"536 S RIDGELAND AVE","url":"https://www.cookcountyassessor.com/pin/16171000140000"}},{"geometry":{"type":"Polygon","coordinates":[[[-87.77716160031447,41.88154969776759],[-87.77717367620916,41.88196117432418],[-87.7773408586558,41.88195841578424],[-87.77732878168865,41.88154693923857],[-87.77716160031447,41.88154969776759]]],"crs":null},"type":"Feature","properties":{"name":"16083220050000","pin":"16083220050000","units":2,"yearBuilt":1918,"address":"51 WASHINGTON BLVD","url":"https://www.cookcountyassessor.com/pin/16083220050000"}},{"geometry":{"type":"Polygon","coordinates":[[[-87.78347353031856,41.89674870326527],[-87.78347617705307,41.89682550060715],[-87.78387622315462,41.89681967609702],[-87.78387350242707,41.896742879310004],[-87.78347353031856,41.89674870326527]]],"crs":null},"type":"Feature","properties":{"name":"16053150260000","pin":"16053150260000","units":2,"yearBuilt":1902,"address":"607 N CUYLER AVE","url":"https://www.cookcountyassessor.com/pin/16053150260000"}},{"geometry":{"type":"Polygon","coordinates":[[[-87.7977356362185,41.88103453738887],[-87.79774021522896,41.8811722104652],[-87.79832586115009,41.88116226164017],[-87.79832128088273,41.88102458857963],[-87.7977356362185,41.88103453738887]]],"crs":null},"type":"Feature","properties":{"name":"16073250020000","pin":"16073250020000","units":2,"yearBuilt":1908,"address":"410 CLINTON AVE","url":"https://www.cookcountyassessor.com/pin/16073250020000"}},{"geometry":{"type":"Polygon","coordinates":[[[-87.7803303219485,41.90101803291463],[-87.78033259621556,41.90108659486384],[-87.78079291972729,41.90107975419587],[-87.78079057266197,41.90101119190481],[-87.7803303219485,41.90101803291463]]],"crs":null},"type":"Feature","properties":{"name":"16053030290000","pin":"16053030290000","units":2,"yearBuilt":1906,"address":"829 N LOMBARD AVE","url":"https://www.cookcountyassessor.com/pin/16053030290000"}},{"geometry":{"type":"Polygon","coordinates":[[[-87.79846859825084,41.90849528804856],[-87.79847961963509,41.908838479375746],[-87.79857103339789,41.908837258404596],[-87.79856001031881,41.90849406707764],[-87.79846859825084,41.90849528804856]]],"crs":null},"type":"Feature","properties":{"name":"16061040110000","pin":"16061040110000","units":3,"yearBuilt":1963,"address":"6905 NORTH AVE","url":"https://www.cookcountyassessor.com/pin/16061040110000"}},{"geometry":{"type":"Polygon","coordinates":[[[-87.7942024187752,41.8746495243753],[-87.79420721493955,41.87478665044508],[-87.79466684314016,41.8747787080421],[-87.79466204598596,41.874641582885886],[-87.7942024187752,41.8746495243753]]],"crs":null},"type":"Feature","properties":{"name":"16181250230000","pin":"16181250230000","units":2,"yearBuilt":1908,"address":"737 S OAK PARK AVE","url":"https://www.cookcountyassessor.com/pin/16181250230000"}},{"geometry":{"type":"Polygon","coordinates":[[[-87.79576870768024,41.8751254211131],[-87.79577107177262,41.87519392858171],[-87.79603658211833,41.87518929812724],[-87.79603066242154,41.875019291705335],[-87.79576515323953,41.87502386723154],[-87.79576870768024,41.8751254211131]]],"crs":null},"type":"Feature","properties":{"name":"16181330030000","pin":"16181330030000","units":6,"yearBuilt":1914,"address":"808 CARPENTER AVE","url":"https://www.cookcountyassessor.com/pin/16181330030000"}},{"geometry":{"type":"Polygon","coordinates":[[[-87.77601208546476,41.895540941717776],[-87.77601524162922,41.89563420624343],[-87.77664237135807,41.89562539332408],[-87.77663936129053,41.89553212952268],[-87.77601208546476,41.895540941717776]]],"crs":null},"type":"Feature","properties":{"name":"16053260080000","pin":"16053260080000","units":2,"yearBuilt":1898,"address":"522 N HUMPHREY AVE","url":"https://www.cookcountyassessor.com/pin/16053260080000"}},{"geometry":{"type":"Polygon","coordinates":[[[-87.80407723498267,41.882190618163044],[-87.80408205236166,41.882327633922145],[-87.80470487672284,41.88231700099604],[-87.80469998452385,41.88217998491684],[-87.80407723498267,41.882190618163044]]],"crs":null},"type":"Feature","properties":{"name":"16073140060000","pin":"16073140060000","units":2,"yearBuilt":1903,"address":"325 S MAPLE AVE","url":"https://www.cookcountyassessor.com/pin/16073140060000"}},{"geometry":{"type":"Polygon","coordinates":[[[-87.79395135296123,41.894173744465284],[-87.79395556158329,41.89431086732326],[-87.79455528745162,41.894300729418404],[-87.7945510775394,41.89416360747497],[-87.79395135296123,41.894173744465284]]],"crs":null},"type":"Feature","properties":{"name":"16072000010000","pin":"16072000010000","units":2,"yearBuilt":1914,"address":"434 N OAK PARK AVE","url":"https://www.cookcountyassessor.com/pin/16072000010000"}},{"geometry":{"type":"Polygon","coordinates":[[[-87.79446073460944,41.88253821535323],[-87.79446471920248,41.882675830806136],[-87.79498362926805,41.88266448836311],[-87.79497964356177,41.88252687292142],[-87.79446073460944,41.88253821535323]]],"crs":null},"type":"Feature","properties":{"name":"16073200150000","pin":"16073200150000","units":2,"yearBuilt":1908,"address":"321 S OAK PARK AVE","url":"https://www.cookcountyassessor.com/pin/16073200150000"}},{"geometry":{"type":"Polygon","coordinates":[[[-87.78384663043465,41.87905025056743],[-87.78384978615831,41.87914483235724],[-87.78421908957507,41.87913979306249],[-87.78431692448869,41.87913845022334],[-87.78431354762648,41.87904386648788],[-87.78420116994263,41.87904541529257],[-87.78384663043465,41.87905025056743]]],"crs":null},"type":"Feature","properties":{"name":"16171000080000","pin":"16171000080000","units":2,"yearBuilt":1916,"address":"518 S RIDGELAND AVE","url":"https://www.cookcountyassessor.com/pin/16171000080000"}},{"geometry":{"type":"Polygon","coordinates":[[[-87.80315982379092,41.88078884896034],[-87.80316220181942,41.88085664321114],[-87.80378765607148,41.88084591663951],[-87.8037853516139,41.88077817856132],[-87.8037811174293,41.88065933257804],[-87.80315566500383,41.88067005822459],[-87.80315982379092,41.88078884896034]]],"crs":null},"type":"Feature","properties":{"name":"16073220320000","pin":"16073220320000","units":3,"yearBuilt":1899,"address":"414 S MAPLE AVE","url":"https://www.cookcountyassessor.com/pin/16073220320000"}},{"geometry":{"type":"Polygon","coordinates":[[[-87.7848490715119,41.888439447179536],[-87.78485553598937,41.88867114689429],[-87.78506248019129,41.888667635180674],[-87.78505629349847,41.88844619890287],[-87.78503991834778,41.88844568225466],[-87.7848490715119,41.888439447179536]]],"crs":null},"type":"Feature","properties":{"name":"16072230220000","pin":"16072230220000","units":6,"yearBuilt":1916,"address":"400 LAKE ST","url":"https://www.cookcountyassessor.com/pin/16072230220000"}},{"geometry":{"type":"Polygon","coordinates":[[[-87.77548440561183,41.86554189760282],[-87.77549728516159,41.8658848270547],[-87.7756244741998,41.865883030036294],[-87.77561152050801,41.86554009933736],[-87.77548440561183,41.86554189760282]]],"crs":null},"type":"Feature","properties":{"name":"16173300370000","pin":"16173300370000","units":2,"yearBuilt":1966,"address":"6026 ROOSEVELT RD","url":"https://www.cookcountyassessor.com/pin/16173300370000"}},{"geometry":{"type":"Polygon","coordinates":[[[-87.79410408815032,41.871827528314995],[-87.79410680839545,41.87190575224852],[-87.79451170884916,41.87189782897164],[-87.79450898811803,41.871819604144385],[-87.79410408815032,41.871827528314995]]],"crs":null},"type":"Feature","properties":{"name":"16183070180000","pin":"16183070180000","units":4,"yearBuilt":1905,"address":"903 S OAK PARK AVE","url":"https://www.cookcountyassessor.com/pin/16183070180000"}},{"geometry":{"type":"Polygon","coordinates":[[[-87.79628776723112,41.89410302658732],[-87.79629245519659,41.894271271010716],[-87.79665583439579,41.894264627244816],[-87.79665107317852,41.894096382492606],[-87.79628776723112,41.89410302658732]]],"crs":null},"type":"Feature","properties":{"name":"16071040180000","pin":"16071040180000","units":2,"yearBuilt":1902,"address":"435 N GROVE AVE","url":"https://www.cookcountyassessor.com/pin/16071040180000"}},{"geometry":{"type":"Polygon","coordinates":[[[-87.7834055229744,41.872216812188825],[-87.7834175645575,41.87255968147515],[-87.78350980870016,41.87255831253961],[-87.78349769315389,41.872215442007864],[-87.7834055229744,41.872216812188825]]],"crs":null},"type":"Feature","properties":{"name":"16173000060000","pin":"16173000060000","units":2,"yearBuilt":1960,"address":"333 HARRISON ST","url":"https://www.cookcountyassessor.com/pin/16173000060000"}},{"geometry":{"type":"Polygon","coordinates":[[[-87.78943891686501,41.87847116015064],[-87.7894412721452,41.87853977750235],[-87.78990203176592,41.87853164078271],[-87.78989967599291,41.87846302343745],[-87.7898982729919,41.87842058989702],[-87.78943751416111,41.87842872750676],[-87.78943891686501,41.87847116015064]]],"crs":null},"type":"Feature","properties":{"name":"16182030300000","pin":"16182030300000","units":2,"yearBuilt":1913,"address":"535 S EAST AVE","url":"https://www.cookcountyassessor.com/pin/16182030300000"}},{"geometry":{"type":"Polygon","coordinates":[[[-87.78070172218438,41.873725687556856],[-87.78070421684859,41.873794086119524],[-87.78075489313954,41.87379328736237],[-87.78116309787251,41.87378707289774],[-87.78116067500196,41.87371867378921],[-87.78115942695425,41.873684529429795],[-87.78070054712903,41.873691488623024],[-87.78070172218438,41.873725687556856]]],"crs":null},"type":"Feature","properties":{"name":"16171260260000","pin":"16171260260000","units":2,"yearBuilt":1908,"address":"819 S HARVEY AVE","url":"https://www.cookcountyassessor.com/pin/16171260260000"}},{"geometry":{"type":"Polygon","coordinates":[[[-87.80251404610522,41.882083842559624],[-87.80251900060254,41.88222179177262],[-87.80314373289099,41.88221112031001],[-87.80313885173702,41.88207317236113],[-87.80251404610522,41.882083842559624]]],"crs":null},"type":"Feature","properties":{"name":"16073150190000","pin":"16073150190000","units":2,"yearBuilt":1891,"address":"329 WISCONSIN AVE","url":"https://www.cookcountyassessor.com/pin/16073150190000"}},{"geometry":{"type":"Polygon","coordinates":[[[-87.78076755614826,41.87556289837751],[-87.78076938943825,41.87561438977454],[-87.78122909246777,41.875607160577886],[-87.78122733302258,41.875555724463695],[-87.7812249119199,41.87548710660218],[-87.78122373824071,41.87545285276937],[-87.78076388982655,41.87546002632558],[-87.78076506326023,41.875494280161575],[-87.78076755614826,41.87556289837751]]],"crs":null},"type":"Feature","properties":{"name":"16171180280000","pin":"16171180280000","units":2,"yearBuilt":1883,"address":"721 S HARVEY AVE","url":"https://www.cookcountyassessor.com/pin/16171180280000"}},{"geometry":{"type":"Polygon","coordinates":[[[-87.78892966129574,41.87934756729776],[-87.7889350726537,41.87950615516976],[-87.78923159968356,41.87950091950808],[-87.78922618760019,41.87934233074528],[-87.78910227450596,41.8793445427641],[-87.78901045971969,41.87934613879809],[-87.78892966129574,41.87934756729776]]],"crs":null},"type":"Feature","properties":{"name":"16182040400000","pin":"16182040400000","units":3,"yearBuilt":1916,"address":"508 S EAST AVE","url":"https://www.cookcountyassessor.com/pin/16182040400000"}},{"geometry":{"type":"Polygon","coordinates":[[[-87.78087893898571,41.878720313529705],[-87.78088121020834,41.878789095401686],[-87.78133940039203,41.87878125528683],[-87.78133712747345,41.878712473415085],[-87.78087893898571,41.878720313529705]]],"crs":null},"type":"Feature","properties":{"name":"16171020320000","pin":"16171020320000","units":2,"yearBuilt":1907,"address":"531 S HARVEY AVE","url":"https://www.cookcountyassessor.com/pin/16171020320000"}},{"geometry":{"type":"Polygon","coordinates":[[[-87.78368370837919,41.874091371944566],[-87.7836861348913,41.87415966117408],[-87.78415023275427,41.87415255114474],[-87.7841458212939,41.87401592079398],[-87.78368135748947,41.87402297413445],[-87.78368370837919,41.874091371944566]]],"crs":null},"type":"Feature","properties":{"name":"16171240030000","pin":"16171240030000","units":6,"yearBuilt":1918,"address":"806 S RIDGELAND AVE","url":"https://www.cookcountyassessor.com/pin/16171240030000"}},{"geometry":{"type":"Polygon","coordinates":[[[-87.77602591856031,41.89595242592086],[-87.77603052994617,41.89608955040279],[-87.77665714959251,41.89608073493329],[-87.77665268387655,41.89594361118086],[-87.77602591856031,41.89595242592086]]],"crs":null},"type":"Feature","properties":{"name":"16053260040000","pin":"16053260040000","units":2,"yearBuilt":1888,"address":"536 N HUMPHREY AVE","url":"https://www.cookcountyassessor.com/pin/16053260040000"}},{"geometry":{"type":"Polygon","coordinates":[[[-87.78330110539224,41.878280291496026],[-87.78330424993274,41.8783760806198],[-87.78376895842935,41.87836974309065],[-87.78376574018054,41.878273898705],[-87.78330110539224,41.878280291496026]]],"crs":null},"type":"Feature","properties":{"name":"16171000260000","pin":"16171000260000","units":2,"yearBuilt":1911,"address":"543 S CUYLER AVE","url":"https://www.cookcountyassessor.com/pin/16171000260000"}},{"geometry":{"type":"Polygon","coordinates":[[[-87.77634243530078,41.89816165095153],[-87.77634566433642,41.89825491577998],[-87.77636035863136,41.89825471244786],[-87.77672764696996,41.89824924915541],[-87.77672463622737,41.89815603941545],[-87.77635712957432,41.898161447619685],[-87.77634243530078,41.89816165095153]]],"crs":null},"type":"Feature","properties":{"name":"16053200010000","pin":"16053200010000","units":2,"yearBuilt":1905,"address":"646 N HUMPHREY AVE","url":"https://www.cookcountyassessor.com/pin/16053200010000"}},{"geometry":{"type":"Polygon","coordinates":[[[-87.78683281217566,41.87388620143006],[-87.78683516621608,41.87395476485965],[-87.78729912336928,41.87394670777519],[-87.78729684230537,41.87387814560175],[-87.78729566540356,41.873843891802295],[-87.78683163552158,41.87385194762738],[-87.78683281217566,41.87388620143006]]],"crs":null},"type":"Feature","properties":{"name":"16182290190000","pin":"16182290190000","units":2,"yearBuilt":1913,"address":"811 GUNDERSON AVE","url":"https://www.cookcountyassessor.com/pin/16182290190000"}},{"geometry":{"type":"Polygon","coordinates":[[[-87.77741441761376,41.880216611416],[-87.77742451777661,41.88055958216363],[-87.77751640607238,41.880558215435386],[-87.77750630494228,41.88021529961143],[-87.77741441761376,41.880216611416]]],"crs":null},"type":"Feature","properties":{"name":"16083220280000","pin":"16083220280000","units":5,"yearBuilt":1921,"address":"58 MADISON ST","url":"https://www.cookcountyassessor.com/pin/16083220280000"}},{"geometry":{"type":"Polygon","coordinates":[[[-87.7774559133403,41.8967803795186],[-87.7774588673057,41.89687177750241],[-87.77764247013504,41.89686904404068],[-87.77764016271324,41.896796309652274],[-87.77763679338264,41.896693439320366],[-87.77763354252282,41.89659386300642],[-87.77744994191035,41.896596431703294],[-87.77745295985038,41.896688927515164],[-87.7774559133403,41.8967803795186]]],"crs":null},"type":"Feature","properties":{"name":"16053190300000","pin":"16053190300000","units":2,"yearBuilt":1911,"address":"50 IOWA ST","url":"https://www.cookcountyassessor.com/pin/16053190300000"}},{"geometry":{"type":"Polygon","coordinates":[[[-87.78682582641362,41.873680459279605],[-87.78682817924444,41.87374902180564],[-87.78729220958665,41.87374096599567],[-87.7872886786351,41.87363809385058],[-87.78682465023371,41.873646150556866],[-87.78682582641362,41.873680459279605]]],"crs":null},"type":"Feature","properties":{"name":"16182290210000","pin":"16182290210000","units":2,"yearBuilt":1914,"address":"817 GUNDERSON AVE","url":"https://www.cookcountyassessor.com/pin/16182290210000"}},{"geometry":{"type":"Polygon","coordinates":[[[-87.7751597035224,41.8755121788307],[-87.77516148866773,41.87556010201494],[-87.77561634456217,41.875552981570706],[-87.77561463255876,41.87550505874827],[-87.77561284873609,41.87545680605069],[-87.77515792004189,41.87546392612819],[-87.7751597035224,41.8755121788307]]],"crs":null},"type":"Feature","properties":{"name":"16171230090000","pin":"16171230090000","units":2,"yearBuilt":1919,"address":"724 S HUMPHREY AVE 1","url":"https://www.cookcountyassessor.com/pin/16171230090000"}},{"geometry":{"type":"Polygon","coordinates":[[[-87.79445794255962,41.8824422085544],[-87.79446073460944,41.88253821535323],[-87.79497964356177,41.88252687292142],[-87.7949768507353,41.88243086613049],[-87.79445794255962,41.8824422085544]]],"crs":null},"type":"Feature","properties":{"name":"16073200160000","pin":"16073200160000","units":3,"yearBuilt":1917,"address":"325 S OAK PARK AVE 1","url":"https://www.cookcountyassessor.com/pin/16073200160000"}},{"geometry":{"type":"Polygon","coordinates":[[[-87.78751071249562,41.87937266463729],[-87.78752240952176,41.8797155323587],[-87.78761415183429,41.87971388315021],[-87.78760621990153,41.87948080322336],[-87.78760245385058,41.8793710703539],[-87.78751071249562,41.87937266463729]]],"crs":null},"type":"Feature","properties":{"name":"16182050060000","pin":"16182050060000","units":4,"yearBuilt":1922,"address":"513 MADISON ST","url":"https://www.cookcountyassessor.com/pin/16182050060000"}},{"geometry":{"type":"Polygon","coordinates":[[[-87.77555894226012,41.88138588651465],[-87.77556032293604,41.88142980115326],[-87.77619260608839,41.88142046632193],[-87.77619129799089,41.8813766069634],[-87.77618902910129,41.881307989809514],[-87.77555674874003,41.881317269715275],[-87.77555894226012,41.88138588651465]]],"crs":null},"type":"Feature","properties":{"name":"16083230040000","pin":"16083230040000","units":2,"yearBuilt":1910,"address":"418 S HUMPHREY AVE","url":"https://www.cookcountyassessor.com/pin/16083230040000"}},{"geometry":{"type":"Polygon","coordinates":[[[-87.77694641306404,41.89593943638132],[-87.7769508789316,41.8960766150447],[-87.77757970280794,41.8960677502992],[-87.77757530910775,41.89593057110739],[-87.77694641306404,41.89593943638132]]],"crs":null},"type":"Feature","properties":{"name":"16053250130000","pin":"16053250130000","units":2,"yearBuilt":1918,"address":"537 N HUMPHREY AVE","url":"https://www.cookcountyassessor.com/pin/16053250130000"}},{"geometry":{"type":"Polygon","coordinates":[[[-87.80403008492526,41.89925594829759],[-87.80403527573738,41.89940125211265],[-87.8044905233906,41.89939352593809],[-87.80467509153895,41.899390368360244],[-87.8046697527112,41.89924500896997],[-87.80403008492526,41.89925594829759]]],"crs":null},"type":"Feature","properties":{"name":"16063070130000","pin":"16063070130000","units":2,"yearBuilt":1913,"address":"739 N MARION ST","url":"https://www.cookcountyassessor.com/pin/16063070130000"}},{"geometry":{"type":"Polygon","coordinates":[[[-87.7941976235438,41.874512289364795],[-87.7942024187752,41.8746495243753],[-87.79466204598596,41.874641582885886],[-87.79465725052252,41.874504401912816],[-87.7941976235438,41.874512289364795]]],"crs":null},"type":"Feature","properties":{"name":"16181250240000","pin":"16181250240000","units":2,"yearBuilt":1914,"address":"741 S OAK PARK AVE","url":"https://www.cookcountyassessor.com/pin/16181250240000"}},{"geometry":{"type":"Polygon","coordinates":[[[-87.7838309285133,41.87857712137681],[-87.78383401024207,41.878671757741664],[-87.78412920061498,41.87866773621588],[-87.78430004405892,41.878665369486555],[-87.78429666770147,41.87857073172472],[-87.7841112082244,41.87857330315561],[-87.7838309285133,41.87857712137681]]],"crs":null},"type":"Feature","properties":{"name":"16171000130000","pin":"16171000130000","units":2,"yearBuilt":1916,"address":"532 S RIDGELAND AVE","url":"https://www.cookcountyassessor.com/pin/16171000130000"}},{"geometry":{"type":"Polygon","coordinates":[[[-87.79387033926636,41.8934478957631],[-87.79387454769129,41.89358501773975],[-87.7942453405474,41.89357874594828],[-87.79453304090862,41.89357389371518],[-87.79452883107543,41.89343677175416],[-87.79405393584848,41.89344480559162],[-87.79387033926636,41.8934478957631]]],"crs":null},"type":"Feature","properties":{"name":"16072000320000","pin":"16072000320000","units":2,"yearBuilt":1966,"address":"414 N OAK PARK AVE","url":"https://www.cookcountyassessor.com/pin/16072000320000"}},{"geometry":{"type":"Polygon","coordinates":[[[-87.8025447580422,41.90022681197522],[-87.80254965104541,41.90037216937346],[-87.80318867202325,41.90036096071809],[-87.80318687602569,41.900311611059976],[-87.80318347959917,41.90021593148748],[-87.8025447580422,41.90022681197522]]],"crs":null},"type":"Feature","properties":{"name":"16063010230000","pin":"16063010230000","units":2,"yearBuilt":1886,"address":"813 BELLEFORTE AVE","url":"https://www.cookcountyassessor.com/pin/16063010230000"}},{"geometry":{"type":"Polygon","coordinates":[[[-87.78330424993274,41.8783760806198],[-87.78330746629065,41.87847192500683],[-87.7837721031934,41.878465588023346],[-87.78376895842935,41.87836974309065],[-87.78330424993274,41.8783760806198]]],"crs":null},"type":"Feature","properties":{"name":"16171000250000","pin":"16171000250000","units":2,"yearBuilt":1910,"address":"539 S CUYLER AVE 1ST","url":"https://www.cookcountyassessor.com/pin/16171000250000"}},{"geometry":{"type":"Polygon","coordinates":[[[-87.77561152050801,41.86554009933736],[-87.7756244741998,41.865883030036294],[-87.77571619407705,41.86588171882296],[-87.77570331335761,41.865538789388346],[-87.77561152050801,41.86554009933736]]],"crs":null},"type":"Feature","properties":{"name":"16173300360000","pin":"16173300360000","units":3,"yearBuilt":1918,"address":"6030 ROOSEVELT RD","url":"https://www.cookcountyassessor.com/pin/16173300360000"}},{"geometry":{"type":"Polygon","coordinates":[[[-87.78330746629065,41.87847192500683],[-87.78331061036835,41.87856776994634],[-87.78377532145828,41.87856143240575],[-87.7837721031934,41.878465588023346],[-87.78330746629065,41.87847192500683]]],"crs":null},"type":"Feature","properties":{"name":"16171000240000","pin":"16171000240000","units":2,"yearBuilt":1910,"address":"537 S CUYLER AVE 1","url":"https://www.cookcountyassessor.com/pin/16171000240000"}},{"geometry":{"type":"Polygon","coordinates":[[[-87.78962902571452,41.868726604754144],[-87.78963139118098,41.86879401490272],[-87.78979751245465,41.86879112421453],[-87.78979324561959,41.868655084350756],[-87.78979109439761,41.86858653628081],[-87.78962431358515,41.86858942473839],[-87.78962902571452,41.868726604754144]]],"crs":null},"type":"Feature","properties":{"name":"16184170360000","pin":"16184170360000","units":2,"yearBuilt":1909,"address":"613 HARVARD ST","url":"https://www.cookcountyassessor.com/pin/16184170360000"}},{"geometry":{"type":"Polygon","coordinates":[[[-87.79433443124447,41.8784368863092],[-87.79433915394998,41.87857406596003],[-87.79479895579372,41.87856617880109],[-87.79479415861981,41.87842899881859],[-87.79433443124447,41.8784368863092]]],"crs":null},"type":"Feature","properties":{"name":"16181080230000","pin":"16181080230000","units":2,"yearBuilt":1966,"address":"529 S OAK PARK AVE","url":"https://www.cookcountyassessor.com/pin/16181080230000"}},{"geometry":{"type":"Polygon","coordinates":[[[-87.80208068190372,41.895635025711364],[-87.8020857160839,41.89577220699678],[-87.80263065120202,41.89576221281542],[-87.80263028287231,41.895753429184005],[-87.80262539654582,41.8956250305334],[-87.80208068190372,41.895635025711364]]],"crs":null},"type":"Feature","properties":{"name":"16063180440000","pin":"16063180440000","units":2,"yearBuilt":1903,"address":"539 BELLEFORTE AVE 1","url":"https://www.cookcountyassessor.com/pin/16063180440000"}},{"geometry":{"type":"Polygon","coordinates":[[[-87.79131656307058,41.879305289710295],[-87.79132879271836,41.87964826852729],[-87.79141686322487,41.87964670879311],[-87.79140463144513,41.879303783995404],[-87.79131656307058,41.879305289710295]]],"crs":null},"type":"Feature","properties":{"name":"16182020030000","pin":"16182020030000","units":2,"yearBuilt":1913,"address":"641 MADISON ST","url":"https://www.cookcountyassessor.com/pin/16182020030000"}},{"geometry":{"type":"Polygon","coordinates":[[[-87.78669819121531,41.89586848702549],[-87.78670289799257,41.89600572230395],[-87.78733503106498,41.89599605099391],[-87.78733025063445,41.89585881538938],[-87.78669819121531,41.89586848702549]]],"crs":null},"type":"Feature","properties":{"name":"16064230150000","pin":"16064230150000","units":2,"yearBuilt":1913,"address":"541 N ELMWOOD AVE","url":"https://www.cookcountyassessor.com/pin/16064230150000"}},{"geometry":{"type":"Polygon","coordinates":[[[-87.79519756805793,41.88734789614991],[-87.79520999049694,41.88789806720971],[-87.79534860801074,41.88789624613418],[-87.79534423351413,41.8876210323702],[-87.79533801981279,41.88734602966026],[-87.79519756805793,41.88734789614991]]],"crs":null},"type":"Feature","properties":{"name":"16071290280000","pin":"16071290280000","units":6,"yearBuilt":1894,"address":"814 NORTH BLVD","url":"https://www.cookcountyassessor.com/pin/16071290280000"}},{"geometry":{"type":"Polygon","coordinates":[[[-87.78694778224431,41.87728666068111],[-87.78695241606648,41.87742378620088],[-87.78741654480623,41.877415784413856],[-87.78741183603313,41.877278714376466],[-87.78694778224431,41.87728666068111]]],"crs":null},"type":"Feature","properties":{"name":"16182130230000","pin":"16182130230000","units":2,"yearBuilt":1915,"address":"619 GUNDERSON AVE","url":"https://www.cookcountyassessor.com/pin/16182130230000"}},{"geometry":{"type":"Polygon","coordinates":[[[-87.78125725144034,41.87493780723054],[-87.78125960002727,41.87500631490734],[-87.78171878382393,41.87499913616933],[-87.78171636294243,41.874930573233],[-87.78125725144034,41.87493780723054]]],"crs":null},"type":"Feature","properties":{"name":"16171180170000","pin":"16171180170000","units":2,"yearBuilt":1908,"address":"736 S HIGHLAND AVE","url":"https://www.cookcountyassessor.com/pin/16171180170000"}},{"geometry":{"type":"Polygon","coordinates":[[[-87.78197062119928,41.875269666367224],[-87.78197297007682,41.87533822984915],[-87.78243670871177,41.87533117905269],[-87.78243428584945,41.87526261612501],[-87.78243306161163,41.87522561781084],[-87.78196932374742,41.875232667696984],[-87.78197062119928,41.875269666367224]]],"crs":null},"type":"Feature","properties":{"name":"16171170180000","pin":"16171170180000","units":2,"yearBuilt":1904,"address":"727 S HIGHLAND AVE","url":"https://www.cookcountyassessor.com/pin/16171170180000"}},{"geometry":{"type":"Polygon","coordinates":[[[-87.77697796594869,41.881552650051184],[-87.77699011247326,41.88196418188854],[-87.77708185723812,41.88196265005269],[-87.77717367620916,41.88196117432418],[-87.77716160031447,41.88154969776759],[-87.77706978313721,41.88155117349595],[-87.77697796594869,41.881552650051184]]],"crs":null},"type":"Feature","properties":{"name":"16083220060000","pin":"16083220060000","units":6,"yearBuilt":1922,"address":"47 WASHINGTON BLVD","url":"https://www.cookcountyassessor.com/pin/16083220060000"}},{"geometry":{"type":"Polygon","coordinates":[[[-87.7824715378832,41.874644623866644],[-87.7824723630209,41.87466833839108],[-87.78293852535357,41.87466058411426],[-87.78293777472123,41.87463687085033],[-87.7829354929186,41.87456907659415],[-87.78246911526315,41.87457617077474],[-87.7824715378832,41.874644623866644]]],"crs":null},"type":"Feature","properties":{"name":"16171170260000","pin":"16171170260000","units":2,"yearBuilt":1914,"address":"744 S CUYLER AVE","url":"https://www.cookcountyassessor.com/pin/16171170260000"}},{"geometry":{"type":"Polygon","coordinates":[[[-87.80041705463319,41.87708205923198],[-87.80041854900828,41.87712317498194],[-87.80042099039835,41.87719168269568],[-87.80087806488507,41.877183813446734],[-87.8008756234628,41.8771152508209],[-87.80087412879482,41.87707413507516],[-87.80041705463319,41.87708205923198]]],"crs":null},"type":"Feature","properties":{"name":"16181120100000","pin":"16181120100000","units":2,"yearBuilt":1916,"address":"630 WENONAH AVE","url":"https://www.cookcountyassessor.com/pin/16181120100000"}},{"geometry":{"type":"Polygon","coordinates":[[[-87.78013355065823,41.87750738823558],[-87.78013838943387,41.87764462393661],[-87.78059928658473,41.87763696456584],[-87.78059679382777,41.87756834547132],[-87.78059437334694,41.87749972762414],[-87.78013355065823,41.87750738823558]]],"crs":null},"type":"Feature","properties":{"name":"16171110050000","pin":"16171110050000","units":4,"yearBuilt":1908,"address":"612 S HARVEY AVE","url":"https://www.cookcountyassessor.com/pin/16171110050000"}},{"geometry":{"type":"Polygon","coordinates":[[[-87.77532735852597,41.89600622325982],[-87.7753311782096,41.896115902432136],[-87.7759576597532,41.896106101535],[-87.77595398600029,41.89599642399068],[-87.77532735852597,41.89600622325982]]],"crs":null},"type":"Feature","properties":{"name":"16053260150000","pin":"16053260150000","units":2,"yearBuilt":1916,"address":"836 N AUSTIN BLVD","url":"https://www.cookcountyassessor.com/pin/16053260150000"}},{"geometry":{"type":"Polygon","coordinates":[[[-87.78898967267422,41.86533425226007],[-87.78900152185916,41.86567723033365],[-87.7891606592631,41.86567441729705],[-87.78925245494474,41.865672766104474],[-87.78924630087202,41.865494664755886],[-87.78924060441888,41.865329788048605],[-87.7891488092354,41.865331438334366],[-87.78898967267422,41.86533425226007]]],"crs":null},"type":"Feature","properties":{"name":"16184250390000","pin":"16184250390000","units":6,"yearBuilt":1910,"address":"6600 ROOSEVELT RD","url":"https://www.cookcountyassessor.com/pin/16184250390000"}},{"geometry":{"type":"Polygon","coordinates":[[[-87.80228653861576,41.89334002867783],[-87.802289493532,41.89343120914058],[-87.8027119375792,41.8934234472029],[-87.80270894815648,41.89333199558793],[-87.80270731466713,41.893280835126255],[-87.80228487155946,41.89328859705255],[-87.80228653861576,41.89334002867783]]],"crs":null},"type":"Feature","properties":{"name":"16071020320000","pin":"16071020320000","units":3,"yearBuilt":1878,"address":"404 N MARION ST","url":"https://www.cookcountyassessor.com/pin/16071020320000"}},{"geometry":{"type":"Polygon","coordinates":[[[-87.77699074467186,41.87305150938438],[-87.7769914348388,41.87307346672644],[-87.77729747425104,41.873068856230994],[-87.77729458710793,41.872978336927765],[-87.77698847418021,41.87298300108063],[-87.77699074467186,41.87305150938438]]],"crs":null},"type":"Feature","properties":{"name":"16171290350000","pin":"16171290350000","units":2,"yearBuilt":1926,"address":"841 S LYMAN AVE","url":"https://www.cookcountyassessor.com/pin/16171290350000"}},{"geometry":{"type":"Polygon","coordinates":[[[-87.77638892182429,41.875905690677044],[-87.77638969745095,41.87592638614385],[-87.77684815265425,41.875919442141566],[-87.77684745036184,41.87589874703299],[-87.7768446537623,41.87582326664802],[-87.77638612576419,41.87583021028424],[-87.77638892182429,41.875905690677044]]],"crs":null},"type":"Feature","properties":{"name":"16171220050000","pin":"16171220050000","units":2,"yearBuilt":1913,"address":"712 S LYMAN AVE","url":"https://www.cookcountyassessor.com/pin/16171220050000"}},{"geometry":{"type":"Polygon","coordinates":[[[-87.77816177361916,41.882803335506104],[-87.77816450721645,41.882894787548906],[-87.77879585728327,41.88288450113697],[-87.77879304929577,41.882793048748745],[-87.77816177361916,41.882803335506104]]],"crs":null},"type":"Feature","properties":{"name":"16083150230000","pin":"16083150230000","units":2,"yearBuilt":1921,"address":"331 S TAYLOR AVE","url":"https://www.cookcountyassessor.com/pin/16083150230000"}},{"geometry":{"type":"Polygon","coordinates":[[[-87.80008072581532,41.882123667590925],[-87.80008573488551,41.88226326298302],[-87.80073918925669,41.88225213473575],[-87.80073410527491,41.88211253902279],[-87.80008072581532,41.882123667590925]]],"crs":null},"type":"Feature","properties":{"name":"16073160300000","pin":"16073160300000","units":4,"yearBuilt":1904,"address":"327 HOME AVE","url":"https://www.cookcountyassessor.com/pin/16073160300000"}},{"geometry":{"type":"Polygon","coordinates":[[[-87.78463787217366,41.880879949194295],[-87.78464147381025,41.88101690502202],[-87.78528199222461,41.88100574799188],[-87.78527831572477,41.880868792725444],[-87.78463787217366,41.880879949194295]]],"crs":null},"type":"Feature","properties":{"name":"16074230150000","pin":"16074230150000","units":2,"yearBuilt":1914,"address":"419 S RIDGELAND AVE","url":"https://www.cookcountyassessor.com/pin/16074230150000"}},{"geometry":{"type":"Polygon","coordinates":[[[-87.77765140495244,41.897143401284374],[-87.77765349068719,41.89720779203871],[-87.77831884425208,41.89719794668362],[-87.77831554732438,41.89709507672736],[-87.77765019603997,41.89710492117551],[-87.77765140495244,41.897143401284374]]],"crs":null},"type":"Feature","properties":{"name":"16053190110000","pin":"16053190110000","units":2,"yearBuilt":1914,"address":"616 N TAYLOR AVE","url":"https://www.cookcountyassessor.com/pin/16053190110000"}},{"geometry":{"type":"Polygon","coordinates":[[[-87.79558586598404,41.89943707888786],[-87.79558764812911,41.89950476043612],[-87.79618551239437,41.89949460536433],[-87.79618372841296,41.89942692381592],[-87.79618195299605,41.89935836447461],[-87.79558416351077,41.899368519879765],[-87.79558586598404,41.89943707888786]]],"crs":null},"type":"Feature","properties":{"name":"16063130040000","pin":"16063130040000","units":2,"yearBuilt":1893,"address":"738 N GROVE AVE","url":"https://www.cookcountyassessor.com/pin/16063130040000"}},{"geometry":{"type":"Polygon","coordinates":[[[-87.7770305173979,41.8821830943526],[-87.777043546213,41.88259463041384],[-87.77709863789437,41.882593689905136],[-87.7771904577766,41.88259221326852],[-87.77717742801894,41.88218067721805],[-87.77708560872583,41.88218215384793],[-87.7770305173979,41.8821830943526]]],"crs":null},"type":"Feature","properties":{"name":"16083160270000","pin":"16083160270000","units":4,"yearBuilt":1920,"address":"48 WASHINGTON BLVD 2","url":"https://www.cookcountyassessor.com/pin/16083160270000"}},{"geometry":{"type":"Polygon","coordinates":[[[-87.77758246700438,41.8938424006503],[-87.77758671172285,41.89397979795321],[-87.77821574093865,41.89397016179906],[-87.77821149487215,41.893832764511046],[-87.77758246700438,41.8938424006503]]],"crs":null},"type":"Feature","properties":{"name":"16081040120000","pin":"16081040120000","units":2,"yearBuilt":1911,"address":"418 N TAYLOR AVE","url":"https://www.cookcountyassessor.com/pin/16081040120000"}},{"geometry":{"type":"Polygon","coordinates":[[[-87.79404551797712,41.89317045179404],[-87.79404972750781,41.893307628697336],[-87.79452462171875,41.893299594871124],[-87.79452041238457,41.89316241708448],[-87.79424748092954,41.89316700909511],[-87.79404551797712,41.89317045179404]]],"crs":null},"type":"Feature","properties":{"name":"16072000340000","pin":"16072000340000","units":2,"yearBuilt":1970,"address":"402 N OAK PARK AVE","url":"https://www.cookcountyassessor.com/pin/16072000340000"}},{"geometry":{"type":"Polygon","coordinates":[[[-87.77966419869398,41.87874141263659],[-87.77966654283033,41.87881024980327],[-87.78012715588125,41.87880242530619],[-87.780124810777,41.87873364306452],[-87.78012371207733,41.8786992797596],[-87.77966310024107,41.87870704932879],[-87.77966419869398,41.87874141263659]]],"crs":null},"type":"Feature","properties":{"name":"16171030340000","pin":"16171030340000","units":3,"yearBuilt":1910,"address":"531 S LOMBARD AVE","url":"https://www.cookcountyassessor.com/pin/16171030340000"}},{"geometry":{"type":"Polygon","coordinates":[[[-87.79855429170496,41.880745650810475],[-87.79855894594698,41.880883324213386],[-87.79914084320502,41.88087340869311],[-87.79913582027442,41.880735733597135],[-87.79855429170496,41.880745650810475]]],"crs":null},"type":"Feature","properties":{"name":"16073240180000","pin":"16073240180000","units":2,"yearBuilt":1902,"address":"417 CLINTON AVE","url":"https://www.cookcountyassessor.com/pin/16073240180000"}},{"geometry":{"type":"Polygon","coordinates":[[[-87.7768695859316,41.893509254289405],[-87.77687170788182,41.893577980415905],[-87.77734902367234,41.893570742432544],[-87.77734690168676,41.89350196139317],[-87.7768695859316,41.893509254289405]]],"crs":null},"type":"Feature","properties":{"name":"16081040220000","pin":"16081040220000","units":2,"yearBuilt":1900,"address":"407 N HUMPHREY AVE 2","url":"https://www.cookcountyassessor.com/pin/16081040220000"}},{"geometry":{"type":"Polygon","coordinates":[[[-87.80107283919978,41.89367662052794],[-87.80107301961316,41.89368145079657],[-87.80121062595612,41.89367896072462],[-87.8012068080707,41.89353717524023],[-87.8011058621267,41.89353906723068],[-87.80110159132569,41.89338103387555],[-87.80106329627114,41.893321964134664],[-87.80105953581955,41.89318215515324],[-87.80043299534543,41.89319406812148],[-87.80043789480072,41.89337340020313],[-87.80106435988449,41.89336192532753],[-87.80106912807342,41.893539719887485],[-87.80107178377786,41.89363567170056],[-87.80107283919978,41.89367662052794]]],"crs":null},"type":"Feature","properties":{"name":"16071020280000","pin":"16071020280000","units":3,"yearBuilt":1888,"address":"401 FOREST AVE","url":"https://www.cookcountyassessor.com/pin/16071020280000"}},{"geometry":{"type":"Polygon","coordinates":[[[-87.78206335226936,41.877938020678926],[-87.7820663603357,41.8780238207714],[-87.78252733497169,41.87801598837446],[-87.78252447137154,41.877930408669954],[-87.78206335226936,41.877938020678926]]],"crs":null},"type":"Feature","properties":{"name":"16171090220000","pin":"16171090220000","units":2,"yearBuilt":1893,"address":"601 S HIGHLAND AVE","url":"https://www.cookcountyassessor.com/pin/16171090220000"}},{"geometry":{"type":"Polygon","coordinates":[[[-87.7929445801952,41.87366797499169],[-87.79294606972324,41.87370909083473],[-87.79340701385864,41.87370105071409],[-87.79340552404281,41.87365993397493],[-87.79340381005035,41.873610529409625],[-87.79294286776222,41.87361857042734],[-87.7929445801952,41.87366797499169]]],"crs":null},"type":"Feature","properties":{"name":"16182240110000","pin":"16182240110000","units":2,"yearBuilt":1911,"address":"815 S EUCLID AVE","url":"https://www.cookcountyassessor.com/pin/16182240110000"}},{"geometry":{"type":"Polygon","coordinates":[[[-87.7940991328123,41.87168315724845],[-87.79410142985643,41.87175067679688],[-87.794506328878,41.87174280755157],[-87.79450403261238,41.87167528801426],[-87.79450148456266,41.87160260831827],[-87.79409510726518,41.871568044552035],[-87.7940991328123,41.87168315724845]]],"crs":null},"type":"Feature","properties":{"name":"16183070200000","pin":"16183070200000","units":4,"yearBuilt":1920,"address":"909 S OAK PARK AVE","url":"https://www.cookcountyassessor.com/pin/16183070200000"}},{"geometry":{"type":"Polygon","coordinates":[[[-87.78301969565712,41.86543730585167],[-87.78303143993274,41.86578022997379],[-87.78321466094876,41.86577748475159],[-87.78330586628302,41.86577616591185],[-87.78329360745394,41.86543323935149],[-87.78320240092407,41.865434613997884],[-87.78311104913364,41.86543593205445],[-87.78301969565712,41.86543730585167]]],"crs":null},"type":"Feature","properties":{"name":"16173240370000","pin":"16173240370000","units":2,"yearBuilt":1926,"address":"6332 ROOSEVELT RD","url":"https://www.cookcountyassessor.com/pin/16173240370000"}},{"geometry":{"type":"Polygon","coordinates":[[[-87.79692763202539,41.89638011909008],[-87.79693058068959,41.896475467283935],[-87.79761718142275,41.89646242663159],[-87.79761080777857,41.89625811489436],[-87.79692421043086,41.89627115642772],[-87.79692763202539,41.89638011909008]]],"crs":null},"type":"Feature","properties":{"name":"16063220100000","pin":"16063220100000","units":3,"yearBuilt":1906,"address":"600 N KENILWORTH AVE","url":"https://www.cookcountyassessor.com/pin/16063220100000"}},{"geometry":{"type":"Polygon","coordinates":[[[-87.7772702792927,41.8941633375781],[-87.77728286737008,41.89457520015418],[-87.77737815593993,41.894573685266096],[-87.77736556676633,41.89416187851548],[-87.7772702792927,41.8941633375781]]],"crs":null},"type":"Feature","properties":{"name":"16081040090000","pin":"16081040090000","units":2,"yearBuilt":1905,"address":"43 CHICAGO AVE 1","url":"https://www.cookcountyassessor.com/pin/16081040090000"}},{"geometry":{"type":"Polygon","coordinates":[[[-87.78498519556899,41.893324088624595],[-87.78498902008268,41.893461044311906],[-87.78562172373474,41.89345050729188],[-87.78561775207011,41.89331355092197],[-87.7854523765941,41.89331632919266],[-87.78498519556899,41.893324088624595]]],"crs":null},"type":"Feature","properties":{"name":"16072050180000","pin":"16072050180000","units":2,"yearBuilt":1915,"address":"405 N RIDGELAND AVE","url":"https://www.cookcountyassessor.com/pin/16072050180000"}},{"geometry":{"type":"Polygon","coordinates":[[[-87.80290010014048,41.89356081548553],[-87.80290231639368,41.89363025556959],[-87.80343423286398,41.893620197416055],[-87.80343201482975,41.89355075733331],[-87.80290010014048,41.89356081548553]]],"crs":null},"type":"Feature","properties":{"name":"16071010130000","pin":"16071010130000","units":2,"yearBuilt":1909,"address":"413 N MARION ST","url":"https://www.cookcountyassessor.com/pin/16071010130000"}},{"geometry":{"type":"Polygon","coordinates":[[[-87.79345469349283,41.873384532720294],[-87.7934571259574,41.87345320533876],[-87.79391806821891,41.873445162255045],[-87.79391563359472,41.873376544556564],[-87.7939115056435,41.873256162589655],[-87.79345056520941,41.87326414983608],[-87.7934523323832,41.873315970278455],[-87.79345469349283,41.873384532720294]]],"crs":null},"type":"Feature","properties":{"name":"16182240240000","pin":"16182240240000","units":3,"yearBuilt":1962,"address":"822 S OAK PARK AVE","url":"https://www.cookcountyassessor.com/pin/16182240240000"}},{"geometry":{"type":"Polygon","coordinates":[[[-87.77944000428265,41.872454067953726],[-87.77943999764466,41.87245483681596],[-87.77989879001588,41.87244848635769],[-87.77989879617465,41.87244777241411],[-87.77989638272582,41.87237844145348],[-87.77943759132958,41.87238473698653],[-87.77944000428265,41.872454067953726]]],"crs":null},"type":"Feature","properties":{"name":"16173020310000","pin":"16173020310000","units":2,"yearBuilt":1914,"address":"905 S LOMBARD AVE","url":"https://www.cookcountyassessor.com/pin/16173020310000"}},{"geometry":{"type":"Polygon","coordinates":[[[-87.80014569913928,41.89463434257102],[-87.8001504680024,41.89478524303146],[-87.8001556105851,41.89478515706667],[-87.80051767176123,41.894778494963724],[-87.80051290203393,41.89462759451335],[-87.8002042545877,41.89463324231058],[-87.80015673410108,41.89463413540817],[-87.80014569913928,41.89463434257102]]],"crs":null},"type":"Feature","properties":{"name":"16063200600000","pin":"16063200600000","units":2,"yearBuilt":1959,"address":"506 FOREST AVE","url":"https://www.cookcountyassessor.com/pin/16063200600000"}},{"geometry":{"type":"Polygon","coordinates":[[[-87.77732267678034,41.88021797877724],[-87.77733277645265,41.88056094952988],[-87.77742451777661,41.88055958216363],[-87.77741441761376,41.880216611416],[-87.77732267678034,41.88021797877724]]],"crs":null},"type":"Feature","properties":{"name":"16083220290000","pin":"16083220290000","units":4,"yearBuilt":1898,"address":"56 MADISON ST","url":"https://www.cookcountyassessor.com/pin/16083220290000"}},{"geometry":{"type":"Polygon","coordinates":[[[-87.77861277139974,41.89719717187374],[-87.77861724089271,41.8973343504643],[-87.77924571203671,41.89732503554149],[-87.77924116889736,41.8971878566182],[-87.77861277139974,41.89719717187374]]],"crs":null},"type":"Feature","properties":{"name":"16053180250000","pin":"16053180250000","units":3,"yearBuilt":1893,"address":"621 N TAYLOR AVE","url":"https://www.cookcountyassessor.com/pin/16053180250000"}},{"geometry":{"type":"Polygon","coordinates":[[[-87.77904985962694,41.8654916518314],[-87.77906187610607,41.86583463166522],[-87.7792086783485,41.865831772888725],[-87.77926096376684,41.86583109238814],[-87.77934372328754,41.86583006457522],[-87.77943544162302,41.865828915147],[-87.77942349662557,41.86548593479393],[-87.77933177878023,41.86548708421565],[-87.77919673456294,41.86548879251956],[-87.77904985962694,41.8654916518314]]],"crs":null},"type":"Feature","properties":{"name":"16173270400000","pin":"16173270400000","units":3,"yearBuilt":1908,"address":"6200 ROOSEVELT RD","url":"https://www.cookcountyassessor.com/pin/16173270400000"}},{"geometry":{"type":"Polygon","coordinates":[[[-87.77752532355527,41.8882153750639],[-87.77753947282552,41.888650736416075],[-87.77766802778056,41.888649052747816],[-87.77765405056395,41.8882191807282],[-87.77752532355527,41.8882153750639]]],"crs":null},"type":"Feature","properties":{"name":"16081220340000","pin":"16081220340000","units":2,"yearBuilt":1922,"address":"56 LAKE ST","url":"https://www.cookcountyassessor.com/pin/16081220340000"}},{"geometry":{"type":"Polygon","coordinates":[[[-87.78933272340245,41.87535362378376],[-87.78933507895559,41.87542218625473],[-87.78979581525681,41.87541415966206],[-87.7897935322353,41.875345651563805],[-87.78979117545471,41.87527703417397],[-87.78933036831931,41.87528500639317],[-87.78933272340245,41.87535362378376]]],"crs":null},"type":"Feature","properties":{"name":"16182190240000","pin":"16182190240000","units":2,"yearBuilt":1916,"address":"721 S EAST AVE","url":"https://www.cookcountyassessor.com/pin/16182190240000"}},{"geometry":{"type":"Polygon","coordinates":[[[-87.80261488607191,41.895350667754215],[-87.8026179603884,41.895431856740665],[-87.80316663707502,41.895422096986664],[-87.80316047525749,41.89526114602032],[-87.80261187345278,41.89527090609279],[-87.80261488607191,41.895350667754215]]],"crs":null},"type":"Feature","properties":{"name":"16063180190000","pin":"16063180190000","units":2,"yearBuilt":1888,"address":"528 N MARION ST","url":"https://www.cookcountyassessor.com/pin/16063180190000"}},{"geometry":{"type":"Polygon","coordinates":[[[-87.78009197998219,41.89266192321084],[-87.78009608492184,41.892799100098685],[-87.78072502103049,41.89279049322956],[-87.78072091474519,41.89265331635591],[-87.78009197998219,41.89266192321084]]],"crs":null},"type":"Feature","properties":{"name":"16081080110000","pin":"16081080110000","units":2,"yearBuilt":1913,"address":"325 N LOMBARD AVE","url":"https://www.cookcountyassessor.com/pin/16081080110000"}},{"geometry":{"type":"Polygon","coordinates":[[[-87.78703690512032,41.88115340786165],[-87.78704830898243,41.881564935207564],[-87.78723201891815,41.88156169257419],[-87.78722061340979,41.881150220158005],[-87.78703690512032,41.88115340786165]]],"crs":null},"type":"Feature","properties":{"name":"16074220030000","pin":"16074220030000","units":2,"yearBuilt":1913,"address":"455 WASHINGTON BLVD","url":"https://www.cookcountyassessor.com/pin/16074220030000"}},{"geometry":{"type":"Polygon","coordinates":[[[-87.77686534086388,41.893372076632254],[-87.7768674642367,41.89344063800491],[-87.77734485298323,41.89343334547019],[-87.77734272909993,41.89336478410321],[-87.77686534086388,41.893372076632254]]],"crs":null},"type":"Feature","properties":{"name":"16081040240000","pin":"16081040240000","units":2,"yearBuilt":1900,"address":"403 N HUMPHREY AVE","url":"https://www.cookcountyassessor.com/pin/16081040240000"}},{"geometry":{"type":"Polygon","coordinates":[[[-87.79556235010354,41.8985185798327],[-87.79556417900757,41.898589445215926],[-87.7961616671941,41.898579288495675],[-87.79615983641693,41.89850842401263],[-87.79556235010354,41.8985185798327]]],"crs":null},"type":"Feature","properties":{"name":"16063130140000","pin":"16063130140000","units":2,"yearBuilt":1898,"address":"712 N GROVE AVE 1","url":"https://www.cookcountyassessor.com/pin/16063130140000"}},{"geometry":{"type":"Polygon","coordinates":[[[-87.79419289120243,41.87437631692907],[-87.7941976235438,41.874512289364795],[-87.79465725052252,41.874504401912816],[-87.79465251766828,41.87436837457131],[-87.79419289120243,41.87437631692907]]],"crs":null},"type":"Feature","properties":{"name":"16181250250000","pin":"16181250250000","units":2,"yearBuilt":1920,"address":"745 S OAK PARK AVE","url":"https://www.cookcountyassessor.com/pin/16181250250000"}},{"geometry":{"type":"Polygon","coordinates":[[[-87.77533889138007,41.89633536916972],[-87.77534271109694,41.89644504833561],[-87.77596881974115,41.89643623324389],[-87.77596508103831,41.896325567717085],[-87.77533889138007,41.89633536916972]]],"crs":null},"type":"Feature","properties":{"name":"16053260120000","pin":"16053260120000","units":2,"yearBuilt":1913,"address":"848 N AUSTIN BLVD","url":"https://www.cookcountyassessor.com/pin/16053260120000"}},{"geometry":{"type":"Polygon","coordinates":[[[-87.7814124594992,41.88241005578934],[-87.78141382813718,41.88245583670787],[-87.78205061100819,41.882445228978774],[-87.78204801885204,41.88235377859409],[-87.78141108990978,41.88236438560805],[-87.7814124594992,41.88241005578934]]],"crs":null},"type":"Feature","properties":{"name":"16083130240000","pin":"16083130240000","units":2,"yearBuilt":1915,"address":"339 S HARVEY AVE","url":"https://www.cookcountyassessor.com/pin/16083130240000"}},{"geometry":{"type":"Polygon","coordinates":[[[-87.77652404532171,41.8705077367875],[-87.77665179574481,41.870518510179345],[-87.77663937879754,41.87017228900386],[-87.77651199643536,41.870161518283254],[-87.77652404532171,41.8705077367875]]],"crs":null},"type":"Feature","properties":{"name":"16173140010000","pin":"16173140010000","units":4,"yearBuilt":1956,"address":"47 GARFIELD ST","url":"https://www.cookcountyassessor.com/pin/16173140010000"}},{"geometry":{"type":"Polygon","coordinates":[[[-87.7838246176456,41.87838790195753],[-87.78382777330694,41.878482484658775],[-87.78409321709772,41.878478869196734],[-87.78429336436756,41.878476149231375],[-87.78428998803463,41.87838151056607],[-87.78407529829525,41.878384436479834],[-87.7838246176456,41.87838790195753]]],"crs":null},"type":"Feature","properties":{"name":"16171000150000","pin":"16171000150000","units":2,"yearBuilt":1916,"address":"538 S RIDGELAND AVE","url":"https://www.cookcountyassessor.com/pin/16171000150000"}},{"geometry":{"type":"Polygon","coordinates":[[[-87.80256433575411,41.90080785802644],[-87.80256922957533,41.900953271234236],[-87.80320935371982,41.9009425618573],[-87.80320755814888,41.90089315728567],[-87.80320416440257,41.900797147310726],[-87.80256433575411,41.90080785802644]]],"crs":null},"type":"Feature","properties":{"name":"16063010190000","pin":"16063010190000","units":2,"yearBuilt":1950,"address":"831 BELLEFORTE AVE 2","url":"https://www.cookcountyassessor.com/pin/16063010190000"}},{"geometry":{"type":"Polygon","coordinates":[[[-87.7936023583779,41.87765396993044],[-87.7936047185542,41.87772253231366],[-87.79406679374674,41.87771449489955],[-87.79406207167538,41.877577314320476],[-87.79359999866796,41.877585352627534],[-87.7936023583779,41.87765396993044]]],"crs":null},"type":"Feature","properties":{"name":"16182080020000","pin":"16182080020000","units":3,"yearBuilt":1910,"address":"604 S OAK PARK AVE 1","url":"https://www.cookcountyassessor.com/pin/16182080020000"}},{"geometry":{"type":"Polygon","coordinates":[[[-87.78138619773009,41.878642839896095],[-87.7813907424608,41.8787804045336],[-87.7816898351874,41.878775309614994],[-87.78184944574338,41.87877256394914],[-87.78184475305065,41.878634999518226],[-87.78166406322546,41.878638083289246],[-87.78138619773009,41.878642839896095]]],"crs":null},"type":"Feature","properties":{"name":"16171020180000","pin":"16171020180000","units":4,"yearBuilt":1913,"address":"530 S HIGHLAND AVE","url":"https://www.cookcountyassessor.com/pin/16171020180000"}},{"geometry":{"type":"Polygon","coordinates":[[[-87.77605191957268,41.897710350304074],[-87.776052384052,41.897724567135185],[-87.7767102487818,41.897714860428394],[-87.77670682361145,41.89761012341055],[-87.77604881293466,41.89761983029125],[-87.77605191957268,41.897710350304074]]],"crs":null},"type":"Feature","properties":{"name":"16053200090000","pin":"16053200090000","units":2,"yearBuilt":1898,"address":"630 N HUMPHREY AVE","url":"https://www.cookcountyassessor.com/pin/16053200090000"}},{"geometry":{"type":"Polygon","coordinates":[[[-87.77968734312405,41.87942945330733],[-87.7796896130855,41.879498235186844],[-87.7801502306026,41.87949046554654],[-87.78014796014726,41.879421683673044],[-87.78014561500522,41.87935290143895],[-87.7796849980018,41.879360725985556],[-87.77968734312405,41.87942945330733]]],"crs":null},"type":"Feature","properties":{"name":"16171030260000","pin":"16171030260000","units":3,"yearBuilt":1908,"address":"511 S LOMBARD AVE","url":"https://www.cookcountyassessor.com/pin/16171030260000"}},{"geometry":{"type":"Polygon","coordinates":[[[-87.78204427918509,41.877388694193286],[-87.78204568735791,41.877429919594455],[-87.78250761113146,41.87742231151086],[-87.78250627614572,41.87738108646598],[-87.78250400106593,41.87731241443081],[-87.78204185883683,41.8773200214523],[-87.78204427918509,41.877388694193286]]],"crs":null},"type":"Feature","properties":{"name":"16171090290000","pin":"16171090290000","units":2,"yearBuilt":1914,"address":"617 S HIGHLAND AVE","url":"https://www.cookcountyassessor.com/pin/16171090290000"}},{"geometry":{"type":"Polygon","coordinates":[[[-87.78747619294421,41.87755201807218],[-87.78748082744205,41.87768919848989],[-87.78794495805941,41.877681194578656],[-87.7879403225615,41.87754401507391],[-87.78747619294421,41.87755201807218]]],"crs":null},"type":"Feature","properties":{"name":"16182130040000","pin":"16182130040000","units":2,"yearBuilt":1893,"address":"608 S SCOVILLE AVE","url":"https://www.cookcountyassessor.com/pin/16182130040000"}},{"geometry":{"type":"Polygon","coordinates":[[[-87.79782816107779,41.895451113836735],[-87.79844766653277,41.89543973065199],[-87.79844584915388,41.89538472753933],[-87.79844265118867,41.89527494303017],[-87.79782299911925,41.89528632460593],[-87.79782816107779,41.895451113836735]]],"crs":null},"type":"Feature","properties":{"name":"16063210460000","pin":"16063210460000","units":3,"yearBuilt":1908,"address":"523 N KENILWORTH AVE","url":"https://www.cookcountyassessor.com/pin/16063210460000"}},{"geometry":{"type":"Polygon","coordinates":[[[-87.80233603970717,41.877157687813174],[-87.80234107264174,41.87729481459878],[-87.80296795965718,41.87728437367487],[-87.80296285023272,41.87714730238305],[-87.80233603970717,41.877157687813174]]],"crs":null},"type":"Feature","properties":{"name":"16181100180000","pin":"16181100180000","units":2,"yearBuilt":1918,"address":"625 WISCONSIN AVE","url":"https://www.cookcountyassessor.com/pin/16181100180000"}},{"geometry":{"type":"Polygon","coordinates":[[[-87.79465505927833,41.87295498496834],[-87.79465973471784,41.87308909073798],[-87.79511861637867,41.87308108898791],[-87.79511553071025,41.872993861733455],[-87.79465505927833,41.87295498496834]]],"crs":null},"type":"Feature","properties":{"name":"16181350110000","pin":"16181350110000","units":3,"yearBuilt":1911,"address":"812 HARRISON ST","url":"https://www.cookcountyassessor.com/pin/16181350110000"}},{"geometry":{"type":"Polygon","coordinates":[[[-87.78203951197675,41.877251349063215],[-87.78204185883683,41.8773200214523],[-87.78250400106593,41.87731241443081],[-87.78250172719487,41.87724374240056],[-87.78203951197675,41.877251349063215]]],"crs":null},"type":"Feature","properties":{"name":"16171090300000","pin":"16171090300000","units":2,"yearBuilt":1898,"address":"621 S HIGHLAND AVE 1","url":"https://www.cookcountyassessor.com/pin/16171090300000"}},{"geometry":{"type":"Polygon","coordinates":[[[-87.78685369318661,41.87450392356208],[-87.78685827329808,41.87463868819279],[-87.78732223305951,41.87463090563919],[-87.78731772779138,41.874495866776456],[-87.78685369318661,41.87450392356208]]],"crs":null},"type":"Feature","properties":{"name":"16182210320000","pin":"16182210320000","units":2,"yearBuilt":1914,"address":"743 GUNDERSON AVE 1ST","url":"https://www.cookcountyassessor.com/pin/16182210320000"}},{"geometry":{"type":"Polygon","coordinates":[[[-87.80290898894393,41.89383599464692],[-87.80291121202912,41.89390461094649],[-87.80344313001683,41.89389449874135],[-87.80344097941895,41.89382593680631],[-87.80290898894393,41.89383599464692]]],"crs":null},"type":"Feature","properties":{"name":"16071010090000","pin":"16071010090000","units":2,"yearBuilt":1908,"address":"421 N MARION ST","url":"https://www.cookcountyassessor.com/pin/16071010090000"}},{"geometry":{"type":"Polygon","coordinates":[[[-87.79053669000304,41.87478390502044],[-87.79053904682874,41.87485246748098],[-87.79099889836912,41.87484443187389],[-87.79099653985504,41.87477586851383],[-87.79099425602315,41.87470730640591],[-87.79053440545792,41.87471534290071],[-87.79053669000304,41.87478390502044]]],"crs":null},"type":"Feature","properties":{"name":"16182180310000","pin":"16182180310000","units":4,"yearBuilt":1915,"address":"737 CLARENCE AVE","url":"https://www.cookcountyassessor.com/pin/16182180310000"}},{"geometry":{"type":"Polygon","coordinates":[[[-87.79579087145271,41.88223412957049],[-87.79579493237817,41.88237174534507],[-87.79631016681155,41.88236048954118],[-87.79630610478074,41.88222287377809],[-87.79579087145271,41.88223412957049]]],"crs":null},"type":"Feature","properties":{"name":"16073190200000","pin":"16073190200000","units":2,"yearBuilt":1898,"address":"325 S GROVE AVE","url":"https://www.cookcountyassessor.com/pin/16073190200000"}},{"geometry":{"type":"Polygon","coordinates":[[[-87.80289342082972,41.89335589927901],[-87.80289651937433,41.8934519620429],[-87.80342850711716,41.893441849322286],[-87.80342540898052,41.89334578657355],[-87.80289342082972,41.89335589927901]]],"crs":null},"type":"Feature","properties":{"name":"16071010150000","pin":"16071010150000","units":2,"yearBuilt":1903,"address":"407 N MARION ST","url":"https://www.cookcountyassessor.com/pin/16071010150000"}},{"geometry":{"type":"Polygon","coordinates":[[[-87.80102815587685,41.90025200875498],[-87.8010328261072,41.900397366081],[-87.8016691929437,41.90038714125296],[-87.80166452648352,41.900250017583176],[-87.80166423161555,41.90024139905805],[-87.80102815587685,41.90025200875498]]],"crs":null},"type":"Feature","properties":{"name":"16063020280000","pin":"16063020280000","units":2,"yearBuilt":1894,"address":"813 FOREST AVE","url":"https://www.cookcountyassessor.com/pin/16063020280000"}},{"geometry":{"type":"Polygon","coordinates":[[[-87.77697697291869,41.89687888388477],[-87.7769812655343,41.897010628129316],[-87.77764676411827,41.89700078826882],[-87.77764345733384,41.89689918052106],[-87.77764247013504,41.89686904404068],[-87.7774588673057,41.89687177750241],[-87.77697697291869,41.89687888388477]]],"crs":null},"type":"Feature","properties":{"name":"16053190290000","pin":"16053190290000","units":3,"yearBuilt":1888,"address":"611 N HUMPHREY AVE 1","url":"https://www.cookcountyassessor.com/pin/16053190290000"}},{"geometry":{"type":"Polygon","coordinates":[[[-87.78625650780683,41.88044617627874],[-87.78626016250973,41.88057731430366],[-87.78690141075575,41.88056620663201],[-87.7868978300932,41.88043485019455],[-87.78625650780683,41.88044617627874]]],"crs":null},"type":"Feature","properties":{"name":"16074220180000","pin":"16074220180000","units":2,"yearBuilt":1915,"address":"431 S ELMWOOD AVE","url":"https://www.cookcountyassessor.com/pin/16074220180000"}},{"geometry":{"type":"Polygon","coordinates":[[[-87.77464602187887,41.87551967036051],[-87.77465106709218,41.87565701717191],[-87.77510607067225,41.8756498994683],[-87.77510109676196,41.87551255302213],[-87.77464602187887,41.87551967036051]]],"crs":null},"type":"Feature","properties":{"name":"16171230230000","pin":"16171230230000","units":4,"yearBuilt":1954,"address":"322 S AUSTIN BLVD","url":"https://www.cookcountyassessor.com/pin/16171230230000"}},{"geometry":{"type":"Polygon","coordinates":[[[-87.79929674689795,41.89495954273359],[-87.79930241432133,41.89514337828285],[-87.79998495388988,41.89513090779539],[-87.79998320338483,41.895076399300585],[-87.79997913750852,41.894947070684964],[-87.7999790845433,41.89494460170285],[-87.7997220130316,41.8949492803762],[-87.79929674689795,41.89495954273359]]],"crs":null},"type":"Feature","properties":{"name":"16063200440000","pin":"16063200440000","units":4,"yearBuilt":1901,"address":"519 WOODBINE AVE","url":"https://www.cookcountyassessor.com/pin/16063200440000"}},{"geometry":{"type":"Polygon","coordinates":[[[-87.78329788785345,41.87818444619968],[-87.78330110539224,41.878280291496026],[-87.78376574018054,41.878273898705],[-87.78376259616645,41.87817810869355],[-87.78329788785345,41.87818444619968]]],"crs":null},"type":"Feature","properties":{"name":"16171000270000","pin":"16171000270000","units":2,"yearBuilt":1910,"address":"545 S CUYLER AVE","url":"https://www.cookcountyassessor.com/pin/16171000270000"}},{"geometry":{"type":"Polygon","coordinates":[[[-87.78941821929519,41.87786342996684],[-87.789420516879,41.877930180640014],[-87.78988127072576,41.87792220873323],[-87.78987897267021,41.87785545716604],[-87.78987668875355,41.87778689507336],[-87.78941593708326,41.877794866973375],[-87.78941821929519,41.87786342996684]]],"crs":null},"type":"Feature","properties":{"name":"16182110190000","pin":"16182110190000","units":4,"yearBuilt":1909,"address":"603 S EAST AVE","url":"https://www.cookcountyassessor.com/pin/16182110190000"}},{"geometry":{"type":"Polygon","coordinates":[[[-87.79331133589963,41.871580278114315],[-87.79348620078237,41.871595041163104],[-87.79348395107996,41.87153070544356],[-87.79330908637299,41.871515942392236],[-87.79331133589963,41.871580278114315]]],"crs":null},"type":"Feature","properties":{"name":"16184030270000","pin":"16184030270000","units":4,"yearBuilt":1950,"address":"909 S EUCLID AVE","url":"https://www.cookcountyassessor.com/pin/16184030270000"}},{"geometry":{"type":"Polygon","coordinates":[[[-87.78533340584482,41.88086784825641],[-87.785337083667,41.88100480352757],[-87.78597782187639,41.88099369858567],[-87.78597399571026,41.88085674262612],[-87.78533340584482,41.88086784825641]]],"crs":null},"type":"Feature","properties":{"name":"16074230100000","pin":"16074230100000","units":2,"yearBuilt":1910,"address":"418 S ELMWOOD AVE 1","url":"https://www.cookcountyassessor.com/pin/16074230100000"}},{"geometry":{"type":"Polygon","coordinates":[[[-87.8007326459649,41.894606440269044],[-87.80073717918872,41.894750479012735],[-87.80108741092997,41.894744034853005],[-87.80108287691935,41.89459999611843],[-87.8007326459649,41.894606440269044]]],"crs":null},"type":"Feature","properties":{"name":"16063190590000","pin":"16063190590000","units":2,"yearBuilt":1950,"address":"511 FOREST AVE","url":"https://www.cookcountyassessor.com/pin/16063190590000"}},{"geometry":{"type":"Polygon","coordinates":[[[-87.78133706910141,41.87243811994338],[-87.78134244090283,41.872590396734296],[-87.78143431725938,41.872589081718985],[-87.78163371263425,41.87258636275127],[-87.78162833847246,41.8724341399824],[-87.78152095165815,41.872435608416296],[-87.78133706910141,41.87243811994338]]],"crs":null},"type":"Feature","properties":{"name":"16173020370000","pin":"16173020370000","units":2,"yearBuilt":1908,"address":"900 S HIGHLAND AVE","url":"https://www.cookcountyassessor.com/pin/16173020370000"}},{"geometry":{"type":"Polygon","coordinates":[[[-87.79288047363652,41.87147978780395],[-87.79288565448384,41.871631953371825],[-87.79313898543107,41.87163314523175],[-87.7931384567532,41.871617391210506],[-87.79313661759252,41.87156557040982],[-87.79331133589963,41.871580278114315],[-87.79330908637299,41.871515942392236],[-87.79313436824143,41.871501234685184],[-87.79288047363652,41.87147978780395]]],"crs":null},"type":"Feature","properties":{"name":"16184030280000","pin":"16184030280000","units":4,"yearBuilt":1951,"address":"915 S EUCLID AVE","url":"https://www.cookcountyassessor.com/pin/16184030280000"}},{"geometry":{"type":"Polygon","coordinates":[[[-87.78118048416049,41.872773757563294],[-87.78118308280523,41.87284720665982],[-87.78164275915715,41.872840908408676],[-87.78164015925388,41.87276740439478],[-87.78118048416049,41.872773757563294]]],"crs":null},"type":"Feature","properties":{"name":"16171260190000","pin":"16171260190000","units":2,"yearBuilt":1921,"address":"844 S HIGHLAND AVE","url":"https://www.cookcountyassessor.com/pin/16171260190000"}},{"geometry":{"type":"Polygon","coordinates":[[[-87.79174573591256,41.874418918735884],[-87.79174885373585,41.874510647027655],[-87.79221039037992,41.874502613612016],[-87.79220727142601,41.8744109411479],[-87.79174573591256,41.874418918735884]]],"crs":null},"type":"Feature","properties":{"name":"16182170270000","pin":"16182170270000","units":2,"yearBuilt":1911,"address":"747 WESLEY AVE","url":"https://www.cookcountyassessor.com/pin/16182170270000"}},{"geometry":{"type":"Polygon","coordinates":[[[-87.8031296237656,41.898698005448836],[-87.80313451380091,41.89883513103201],[-87.80377226701206,41.89882424277968],[-87.80376737561268,41.89868711721557],[-87.8031296237656,41.898698005448836]]],"crs":null},"type":"Feature","properties":{"name":"16063080070000","pin":"16063080070000","units":2,"yearBuilt":1889,"address":"720 N MARION ST","url":"https://www.cookcountyassessor.com/pin/16063080070000"}},{"geometry":{"type":"Polygon","coordinates":[[[-87.8040347641775,41.89373383409607],[-87.80403863299314,41.89385240351405],[-87.80439069642274,41.893845902793764],[-87.80438911017804,41.89379776142224],[-87.80457270968607,41.893794380742904],[-87.80457035427241,41.89372362285038],[-87.8040347641775,41.89373383409607]]],"crs":null},"type":"Feature","properties":{"name":"16071000100000","pin":"16071000100000","units":3,"yearBuilt":1923,"address":"425 N MAPLE AVE","url":"https://www.cookcountyassessor.com/pin/16071000100000"}},{"geometry":{"type":"Polygon","coordinates":[[[-87.7881208827698,41.87571533276127],[-87.78812551856328,41.87585251230385],[-87.78858853293426,41.8758447210582],[-87.78858389615843,41.87570754062794],[-87.7881208827698,41.87571533276127]]],"crs":null},"type":"Feature","properties":{"name":"16182200190000","pin":"16182200190000","units":3,"yearBuilt":1916,"address":"709 S SCOVILLE AVE","url":"https://www.cookcountyassessor.com/pin/16182200190000"}},{"geometry":{"type":"Polygon","coordinates":[[[-87.77911175969184,41.901041575918896],[-87.77911623043238,41.90117875440637],[-87.7795786819719,41.90117231422325],[-87.77957421024941,41.90103513484739],[-87.77911175969184,41.901041575918896]]],"crs":null},"type":"Feature","properties":{"name":"16053040230000","pin":"16053040230000","units":2,"yearBuilt":1908,"address":"827 HAYES AVE","url":"https://www.cookcountyassessor.com/pin/16053040230000"}},{"geometry":{"type":"Polygon","coordinates":[[[-87.7833133527995,41.872218181395496],[-87.78332539388236,41.872561051588754],[-87.7834175645575,41.87255968147515],[-87.7834055229744,41.872216812188825],[-87.7833133527995,41.872218181395496]]],"crs":null},"type":"Feature","properties":{"name":"16173000070000","pin":"16173000070000","units":2,"yearBuilt":1960,"address":"331 HARRISON ST","url":"https://www.cookcountyassessor.com/pin/16173000070000"}},{"geometry":{"type":"Polygon","coordinates":[[[-87.78385859735363,41.87941079279303],[-87.78387742883676,41.879424274602755],[-87.78427229611059,41.879418809135636],[-87.78432686871825,41.879418081457054],[-87.78432367731372,41.879327725726185],[-87.78425507501808,41.87932866003065],[-87.78385602319422,41.87933410631821],[-87.78385859735363,41.87941079279303]]],"crs":null},"type":"Feature","properties":{"name":"16171000050000","pin":"16171000050000","units":2,"yearBuilt":1916,"address":"510 S RIDGELAND AVE 1","url":"https://www.cookcountyassessor.com/pin/16171000050000"}},{"geometry":{"type":"Polygon","coordinates":[[[-87.7769914348388,41.87307346672644],[-87.77699434583,41.87316118698002],[-87.77744712720555,41.87315432381594],[-87.77744436135633,41.87306660337518],[-87.77729747425104,41.873068856230994],[-87.7769914348388,41.87307346672644]]],"crs":null},"type":"Feature","properties":{"name":"16171290340000","pin":"16171290340000","units":2,"yearBuilt":1909,"address":"839 S LYMAN AVE","url":"https://www.cookcountyassessor.com/pin/16171290340000"}},{"geometry":{"type":"Polygon","coordinates":[[[-87.80292984557394,41.874459864907514],[-87.80293488945046,41.87459594918387],[-87.80356057568896,41.874585334680845],[-87.80355582515227,41.87444930760473],[-87.80292984557394,41.874459864907514]]],"crs":null},"type":"Feature","properties":{"name":"16181270070000","pin":"16181270070000","units":2,"yearBuilt":1978,"address":"820 S MAPLE AVE","url":"https://www.cookcountyassessor.com/pin/16181270070000"}},{"geometry":{"type":"Polygon","coordinates":[[[-87.79365372411422,41.87915147599296],[-87.79365608558844,41.879220038363584],[-87.7941189788901,41.879211839835776],[-87.79411661812587,41.87914327747735],[-87.79411418387993,41.879074714773004],[-87.79365136384898,41.87908291362716],[-87.79365372411422,41.87915147599296]]],"crs":null},"type":"Feature","properties":{"name":"16182000060000","pin":"16182000060000","units":2,"yearBuilt":1923,"address":"512 S OAK PARK AVE","url":"https://www.cookcountyassessor.com/pin/16182000060000"}},{"geometry":{"type":"Polygon","coordinates":[[[-87.80082842397309,41.89764103259276],[-87.800831446512,41.89773704006449],[-87.80138550964823,41.89772681953821],[-87.80138175195553,41.897630863595275],[-87.80082842397309,41.89764103259276]]],"crs":null},"type":"Feature","properties":{"name":"16063190530000","pin":"16063190530000","units":2,"yearBuilt":1904,"address":"645 FOREST AVE","url":"https://www.cookcountyassessor.com/pin/16063190530000"}},{"geometry":{"type":"Polygon","coordinates":[[[-87.78685327030398,41.88115659562101],[-87.78686467178319,41.881568122972205],[-87.78704830898243,41.881564935207564],[-87.78703690512032,41.88115340786165],[-87.78685327030398,41.88115659562101]]],"crs":null},"type":"Feature","properties":{"name":"16074220040000","pin":"16074220040000","units":3,"yearBuilt":1898,"address":"451 WASHINGTON BLVD","url":"https://www.cookcountyassessor.com/pin/16074220040000"}},{"geometry":{"type":"Polygon","coordinates":[[[-87.80313451380091,41.89883513103201],[-87.80313790692246,41.898931195058964],[-87.80377565988418,41.89892030678792],[-87.80377226701206,41.89882424277968],[-87.80313451380091,41.89883513103201]]],"crs":null},"type":"Feature","properties":{"name":"16063080060000","pin":"16063080060000","units":2,"yearBuilt":1894,"address":"724 N MARION ST","url":"https://www.cookcountyassessor.com/pin/16063080060000"}},{"geometry":{"type":"Polygon","coordinates":[[[-87.79238362230768,41.87781217757508],[-87.79238592343238,41.87787887418919],[-87.79284631045655,41.87787088775661],[-87.79284408113308,41.877804191489],[-87.79284172176789,41.87773562909586],[-87.79238126343458,41.8777436151755],[-87.79238362230768,41.87781217757508]]],"crs":null},"type":"Feature","properties":{"name":"16182090010000","pin":"16182090010000","units":2,"yearBuilt":1914,"address":"600 S EUCLID AVE","url":"https://www.cookcountyassessor.com/pin/16182090010000"}},{"geometry":{"type":"Polygon","coordinates":[[[-87.78701858240316,41.879381356498186],[-87.7870302033124,41.87972422390403],[-87.78715529297416,41.87972201971785],[-87.78724710878896,41.87972037115218],[-87.78723541276663,41.87937755833052],[-87.78714359790247,41.87937915287137],[-87.78701858240316,41.879381356498186]]],"crs":null},"type":"Feature","properties":{"name":"16182050090000","pin":"16182050090000","units":5,"yearBuilt":1893,"address":"501 MADISON ST","url":"https://www.cookcountyassessor.com/pin/16182050090000"}},{"geometry":{"type":"Polygon","coordinates":[[[-87.79416751961281,41.873646664817464],[-87.79417231565763,41.87378379001145],[-87.79463230453527,41.87377579450918],[-87.79462750917318,41.873638614415256],[-87.79416751961281,41.873646664817464]]],"crs":null},"type":"Feature","properties":{"name":"16181350150000","pin":"16181350150000","units":6,"yearBuilt":1924,"address":"813 S OAK PARK AVE","url":"https://www.cookcountyassessor.com/pin/16181350150000"}},{"geometry":{"type":"Polygon","coordinates":[[[-87.78130800626693,41.87642154007638],[-87.78131179826079,41.87652699308479],[-87.78177158081219,41.876519816128265],[-87.78176793549268,41.87641430981779],[-87.78130800626693,41.87642154007638]]],"crs":null},"type":"Feature","properties":{"name":"16171100180000","pin":"16171100180000","units":2,"yearBuilt":1908,"address":"648 S HIGHLAND AVE","url":"https://www.cookcountyassessor.com/pin/16171100180000"}},{"geometry":{"type":"Polygon","coordinates":[[[-87.79827538613118,41.889888139428216],[-87.79828145097453,41.890112043162425],[-87.79843352253609,41.890109239357386],[-87.79842039681493,41.889622403722974],[-87.7982683247447,41.889625262430684],[-87.79827169301528,41.889749812556516],[-87.79827538613118,41.889888139428216]]],"crs":null},"type":"Feature","properties":{"name":"16071210160000","pin":"16071210160000","units":6,"yearBuilt":1923,"address":"913 ONTARIO ST","url":"https://www.cookcountyassessor.com/pin/16071210160000"}},{"geometry":{"type":"Polygon","coordinates":[[[-87.79054140532801,41.87492097502753],[-87.7905425830476,41.87495533863527],[-87.79100243412064,41.874947303012846],[-87.79099889836912,41.87484443187389],[-87.79053904682874,41.87485246748098],[-87.79054140532801,41.87492097502753]]],"crs":null},"type":"Feature","properties":{"name":"16182180300000","pin":"16182180300000","units":2,"yearBuilt":1909,"address":"735 CLARENCE AVE","url":"https://www.cookcountyassessor.com/pin/16182180300000"}},{"geometry":{"type":"Polygon","coordinates":[[[-87.79405654009695,41.865244433081216],[-87.79406945706265,41.86561205995042],[-87.7941575805204,41.86561049833653],[-87.79414466304998,41.86524287147412],[-87.79405654009695,41.865244433081216]]],"crs":null},"type":"Feature","properties":{"name":"16183290370000","pin":"16183290370000","units":3,"yearBuilt":1910,"address":"6804 ROOSEVELT RD","url":"https://www.cookcountyassessor.com/pin/16183290370000"}},{"geometry":{"type":"Polygon","coordinates":[[[-87.79481059130993,41.87742522745975],[-87.79481538938104,41.877562298527934],[-87.79527511090852,41.87755435415494],[-87.79527031230835,41.8774172290815],[-87.79481059130993,41.87742522745975]]],"crs":null},"type":"Feature","properties":{"name":"16181170040000","pin":"16181170040000","units":3,"yearBuilt":1906,"address":"608 S GROVE AVE","url":"https://www.cookcountyassessor.com/pin/16181170040000"}},{"geometry":{"type":"Polygon","coordinates":[[[-87.77702417922005,41.865519837750305],[-87.77703640575369,41.86586276477804],[-87.77712834647328,41.86586139858542],[-87.77711597250789,41.86551847085274],[-87.77702417922005,41.865519837750305]]],"crs":null},"type":"Feature","properties":{"name":"16173290340000","pin":"16173290340000","units":4,"yearBuilt":1922,"address":"6108 ROOSEVELT RD","url":"https://www.cookcountyassessor.com/pin/16173290340000"}},{"geometry":{"type":"Polygon","coordinates":[[[-87.79434394894595,41.87871124684707],[-87.79434874517159,41.8788484268361],[-87.79480855018642,41.87884053965626],[-87.79480375297757,41.878703359680514],[-87.79434394894595,41.87871124684707]]],"crs":null},"type":"Feature","properties":{"name":"16181080210000","pin":"16181080210000","units":2,"yearBuilt":1913,"address":"523 S OAK PARK AVE","url":"https://www.cookcountyassessor.com/pin/16181080210000"}},{"geometry":{"type":"Polygon","coordinates":[[[-87.7882264564964,41.8788385203014],[-87.78822881095529,41.87890708274722],[-87.78869221732627,41.878898853606565],[-87.78868986237214,41.878830291167205],[-87.7882264564964,41.8788385203014]]],"crs":null},"type":"Feature","properties":{"name":"16182040250000","pin":"16182040250000","units":2,"yearBuilt":1896,"address":"525 S SCOVILLE AVE","url":"https://www.cookcountyassessor.com/pin/16182040250000"}},{"geometry":{"type":"Polygon","coordinates":[[[-87.7892080931472,41.901286677297534],[-87.78921395661088,41.90147869272976],[-87.78986878385497,41.90146768803449],[-87.7898629184297,41.901275672623754],[-87.7892080931472,41.901286677297534]]],"crs":null},"type":"Feature","properties":{"name":"16064040030000","pin":"16064040030000","units":2,"yearBuilt":1924,"address":"842 N EAST AVE","url":"https://www.cookcountyassessor.com/pin/16064040030000"}},{"geometry":{"type":"Polygon","coordinates":[[[-87.79312992935093,41.87909215301982],[-87.79313150828068,41.87914012986205],[-87.79359432877655,41.87913193220558],[-87.79359125993162,41.87904278464942],[-87.79312851356477,41.87905098264311],[-87.79312992935093,41.87909215301982]]],"crs":null},"type":"Feature","properties":{"name":"16182000190000","pin":"16182000190000","units":2,"yearBuilt":1913,"address":"517 S EUCLID AVE","url":"https://www.cookcountyassessor.com/pin/16182000190000"}},{"geometry":{"type":"Polygon","coordinates":[[[-87.79289449831563,41.871889680903315],[-87.79314868845732,41.87191112914399],[-87.79314348017382,41.87176214618477],[-87.79289007523947,41.87176095398605],[-87.79289449831563,41.871889680903315]]],"crs":null},"type":"Feature","properties":{"name":"16184030220000","pin":"16184030220000","units":4,"yearBuilt":1950,"address":"901 S EUCLID AVE","url":"https://www.cookcountyassessor.com/pin/16184030220000"}},{"geometry":{"type":"Polygon","coordinates":[[[-87.77601524162922,41.89563420624343],[-87.77601827464916,41.89572472593085],[-87.77664533175864,41.895715912644114],[-87.77664237135807,41.89562539332408],[-87.77601524162922,41.89563420624343]]],"crs":null},"type":"Feature","properties":{"name":"16053260070000","pin":"16053260070000","units":2,"yearBuilt":1923,"address":"526 N HUMPHREY AVE","url":"https://www.cookcountyassessor.com/pin/16053260070000"}},{"geometry":{"type":"Polygon","coordinates":[[[-87.79537459374109,41.87430880622239],[-87.79537637400266,41.87435925366347],[-87.79574168426495,41.874354103649154],[-87.79573924933028,41.87428543107533],[-87.79573842831144,41.87426078390123],[-87.79537311737587,41.874265933902706],[-87.79537459374109,41.87430880622239]]],"crs":null},"type":"Feature","properties":{"name":"16181330230000","pin":"16181330230000","units":2,"yearBuilt":1908,"address":"831 S GROVE AVE","url":"https://www.cookcountyassessor.com/pin/16181330230000"}},{"geometry":{"type":"Polygon","coordinates":[[[-87.79532992625944,41.873032572728306],[-87.79533319244356,41.87312474011361],[-87.7956985691562,41.87311959053845],[-87.79569590845432,41.87304279398191],[-87.79532921802534,41.87301187768754],[-87.79532992625944,41.873032572728306]]],"crs":null},"type":"Feature","properties":{"name":"16181340220000","pin":"16181340220000","units":2,"yearBuilt":1965,"address":"830 HARRISON ST","url":"https://www.cookcountyassessor.com/pin/16181340220000"}},{"geometry":{"type":"Polygon","coordinates":[[[-87.78331061036835,41.87856776994634],[-87.78331382794698,41.878663614335906],[-87.7837785402018,41.87865722186779],[-87.78377532145828,41.87856143240575],[-87.78331061036835,41.87856776994634]]],"crs":null},"type":"Feature","properties":{"name":"16171000230000","pin":"16171000230000","units":3,"yearBuilt":1910,"address":"533 S CUYLER AVE","url":"https://www.cookcountyassessor.com/pin/16171000230000"}},{"geometry":{"type":"Polygon","coordinates":[[[-87.77721136462237,41.865517122208594],[-87.77722366442241,41.86586004957257],[-87.77731905632268,41.86585864501719],[-87.77730682948315,41.86551571801595],[-87.77721136462237,41.865517122208594]]],"crs":null},"type":"Feature","properties":{"name":"16173290320000","pin":"16173290320000","units":2,"yearBuilt":1918,"address":"6112 ROOSEVELT RD","url":"https://www.cookcountyassessor.com/pin/16173290320000"}},{"geometry":{"type":"Polygon","coordinates":[[[-87.80233100603361,41.87702050700003],[-87.80233603970717,41.877157687813174],[-87.80296285023272,41.87714730238305],[-87.8029578164236,41.87701012159497],[-87.80233100603361,41.87702050700003]]],"crs":null},"type":"Feature","properties":{"name":"16181100190000","pin":"16181100190000","units":2,"yearBuilt":1918,"address":"629 WISCONSIN AVE","url":"https://www.cookcountyassessor.com/pin/16181100190000"}},{"geometry":{"type":"Polygon","coordinates":[[[-87.78347609229954,41.8654305451062],[-87.78348835210365,41.865773471653085],[-87.78357963257446,41.86577209803454],[-87.78356737107816,41.86542917148865],[-87.78347609229954,41.8654305451062]]],"crs":null},"type":"Feature","properties":{"name":"16173240350000","pin":"16173240350000","units":4,"yearBuilt":1927,"address":"6340 ROOSEVELT RD","url":"https://www.cookcountyassessor.com/pin/16173240350000"}},{"geometry":{"type":"Polygon","coordinates":[[[-87.8001504680024,41.89478524303146],[-87.80015541402618,41.89494135908774],[-87.80016643471573,41.89494113565162],[-87.8005226174741,41.89493461100395],[-87.80051767176123,41.894778494963724],[-87.8001556105851,41.89478515706667],[-87.8001504680024,41.89478524303146]]],"crs":null},"type":"Feature","properties":{"name":"16063200590000","pin":"16063200590000","units":2,"yearBuilt":1959,"address":"510 FOREST AVE","url":"https://www.cookcountyassessor.com/pin/16063200590000"}},{"geometry":{"type":"Polygon","coordinates":[[[-87.78493946178214,41.87219132502083],[-87.7849511441621,41.872534193342716],[-87.78504287792056,41.87253249121244],[-87.78503119505046,41.87218962289684],[-87.78493946178214,41.87219132502083]]],"crs":null},"type":"Feature","properties":{"name":"16184020030000","pin":"16184020030000","units":3,"yearBuilt":1911,"address":"415 HARRISON ST","url":"https://www.cookcountyassessor.com/pin/16184020030000"}},{"geometry":{"type":"Polygon","coordinates":[[[-87.7961841565621,41.874158368323435],[-87.79618896245576,41.874294835320306],[-87.79645880292063,41.87429011429498],[-87.79645420954802,41.874154526138106],[-87.7961841565621,41.874158368323435]]],"crs":null},"type":"Feature","properties":{"name":"16181320320000","pin":"16181320320000","units":2,"yearBuilt":1911,"address":"833 CARPENTER AVE","url":"https://www.cookcountyassessor.com/pin/16181320320000"}},{"geometry":{"type":"Polygon","coordinates":[[[-87.78423953473771,41.89859809222446],[-87.78424064339035,41.89863157759017],[-87.78486934145596,41.8986230559004],[-87.78486590832506,41.89852627809937],[-87.78423735823262,41.89853479957882],[-87.78423953473771,41.89859809222446]]],"crs":null},"type":"Feature","properties":{"name":"16053080130000","pin":"16053080130000","units":2,"yearBuilt":1915,"address":"706 N RIDGELAND AVE","url":"https://www.cookcountyassessor.com/pin/16053080130000"}},{"geometry":{"type":"Polygon","coordinates":[[[-87.80259985338061,41.89495707345317],[-87.80260262829917,41.89503002833977],[-87.80315122804303,41.89502026829922],[-87.80314815125595,41.89493929809204],[-87.80259955220485,41.89494905812205],[-87.80259985338061,41.89495707345317]]],"crs":null},"type":"Feature","properties":{"name":"16063180220000","pin":"16063180220000","units":2,"yearBuilt":1908,"address":"516 N MARION ST","url":"https://www.cookcountyassessor.com/pin/16063180220000"}},{"geometry":{"type":"Polygon","coordinates":[[[-87.79293514248101,41.873393614482445],[-87.79293660842072,41.87343752938803],[-87.79339755060532,41.87342948929354],[-87.7933960108707,41.873385574046466],[-87.79339442029175,41.87333896923048],[-87.7929334787574,41.87334700931634],[-87.79293514248101,41.873393614482445]]],"crs":null},"type":"Feature","properties":{"name":"16182240140000","pin":"16182240140000","units":2,"yearBuilt":1910,"address":"823 S EUCLID AVE","url":"https://www.cookcountyassessor.com/pin/16182240140000"}},{"geometry":{"type":"Polygon","coordinates":[[[-87.77727205505117,41.888207946531175],[-87.77728654861563,41.88865412178732],[-87.77738189949972,41.88865288179008],[-87.7773675175187,41.8882107145079],[-87.77727205505117,41.888207946531175]]],"crs":null},"type":"Feature","properties":{"name":"16081220300000","pin":"16081220300000","units":2,"yearBuilt":1924,"address":"50 LAKE ST","url":"https://www.cookcountyassessor.com/pin/16081220300000"}},{"geometry":{"type":"Polygon","coordinates":[[[-87.77736556676633,41.89416187851548],[-87.77737815593993,41.894573685266096],[-87.77747300468208,41.89457216907031],[-87.7774604132259,41.894160416338664],[-87.77736556676633,41.89416187851548]]],"crs":null},"type":"Feature","properties":{"name":"16081040080000","pin":"16081040080000","units":2,"yearBuilt":1903,"address":"45 CHICAGO AVE","url":"https://www.cookcountyassessor.com/pin/16081040080000"}},{"geometry":{"type":"Polygon","coordinates":[[[-87.78263405050329,41.87939230357822],[-87.78263640134678,41.87946059240329],[-87.78309760908017,41.87945248424425],[-87.78309532766389,41.87938447126569],[-87.78263405050329,41.87939230357822]]],"crs":null},"type":"Feature","properties":{"name":"16171010070000","pin":"16171010070000","units":3,"yearBuilt":1924,"address":"510 S CUYLER AVE","url":"https://www.cookcountyassessor.com/pin/16171010070000"}},{"geometry":{"type":"Polygon","coordinates":[[[-87.77464564865113,41.87011972315992],[-87.77473762201204,41.870127489445714],[-87.77473334788762,41.87001116750958],[-87.7746414070511,41.870003420285855],[-87.77454946671587,41.86999561806996],[-87.77444299748439,41.86998664755719],[-87.7744472710733,41.87010297040173],[-87.77464564865113,41.87011972315992]]],"crs":null},"type":"Feature","properties":{"name":"16173150200000","pin":"16173150200000","units":2,"yearBuilt":1911,"address":"810 S AUSTIN BLVD","url":"https://www.cookcountyassessor.com/pin/16173150200000"}},{"geometry":{"type":"Polygon","coordinates":[[[-87.78700261903549,41.882238267325015],[-87.78700637115294,41.88237555239355],[-87.78764741916468,41.88236416502336],[-87.78764366380602,41.88222709964223],[-87.78700261903549,41.882238267325015]]],"crs":null},"type":"Feature","properties":{"name":"16074160070000","pin":"16074160070000","units":2,"yearBuilt":1919,"address":"326 S SCOVILLE AVE","url":"https://www.cookcountyassessor.com/pin/16074160070000"}},{"geometry":{"type":"Polygon","coordinates":[[[-87.77798933218914,41.90874966416357],[-87.77800120250677,41.90909253189493],[-87.7780943049251,41.90909139031421],[-87.77808243410931,41.908748522589406],[-87.77798933218914,41.90874966416357]]],"crs":null},"type":"Feature","properties":{"name":"16051050010000","pin":"16051050010000","units":2,"yearBuilt":1964,"address":"6051 NORTH AVE","url":"https://www.cookcountyassessor.com/pin/16051050010000"}},{"geometry":{"type":"Polygon","coordinates":[[[-87.78685827329808,41.87463868819279],[-87.78686290633766,41.87477586779554],[-87.78732694057202,41.874768085578665],[-87.78732223305951,41.87463090563919],[-87.78685827329808,41.87463868819279]]],"crs":null},"type":"Feature","properties":{"name":"16182210310000","pin":"16182210310000","units":2,"yearBuilt":1916,"address":"741 GUNDERSON AVE","url":"https://www.cookcountyassessor.com/pin/16182210310000"}},{"geometry":{"type":"Polygon","coordinates":[[[-87.79617177558977,41.8798200912356],[-87.79618375336598,41.88021394767688],[-87.79627476320768,41.88021206844023],[-87.7963657747168,41.88021013331794],[-87.79635386241321,41.87981710101474],[-87.79626278286594,41.87981859554209],[-87.79617177558977,41.8798200912356]]],"crs":null},"type":"Feature","properties":{"name":"16073260200000","pin":"16073260200000","units":2,"yearBuilt":1933,"address":"844 MADISON ST","url":"https://www.cookcountyassessor.com/pin/16073260200000"}},{"geometry":{"type":"Polygon","coordinates":[[[-87.7760426457679,41.89744208303048],[-87.77604570751687,41.8975293093825],[-87.77670393657242,41.8975196044772],[-87.77670102571834,41.897431828764844],[-87.7760426457679,41.89744208303048]]],"crs":null},"type":"Feature","properties":{"name":"16053200110000","pin":"16053200110000","units":2,"yearBuilt":1903,"address":"626 N HUMPHREY AVE","url":"https://www.cookcountyassessor.com/pin/16053200110000"}},{"geometry":{"type":"Polygon","coordinates":[[[-87.79423111952042,41.87547249646722],[-87.79423591412306,41.87560967743007],[-87.79469554942409,41.875601734953555],[-87.79469075262655,41.87546455489859],[-87.79423111952042,41.87547249646722]]],"crs":null},"type":"Feature","properties":{"name":"16181250170000","pin":"16181250170000","units":2,"yearBuilt":1907,"address":"713 S OAK PARK AVE","url":"https://www.cookcountyassessor.com/pin/16181250170000"}},{"geometry":{"type":"Polygon","coordinates":[[[-87.79784008480107,41.89583514427837],[-87.79784350272695,41.89594487489739],[-87.79846286668892,41.89593354589816],[-87.79845937465602,41.895823760030176],[-87.79784008480107,41.89583514427837]]],"crs":null},"type":"Feature","properties":{"name":"16063210420000","pin":"16063210420000","units":2,"yearBuilt":1893,"address":"541 N KENILWORTH AVE","url":"https://www.cookcountyassessor.com/pin/16063210420000"}},{"geometry":{"type":"Polygon","coordinates":[[[-87.77739035778133,41.894793119643126],[-87.77740369768568,41.895203009553384],[-87.77749553514177,41.895201588603925],[-87.77748219392929,41.89479164287606],[-87.77739035778133,41.894793119643126]]],"crs":null},"type":"Feature","properties":{"name":"16053250250000","pin":"16053250250000","units":2,"yearBuilt":1892,"address":"48 CHICAGO AVE","url":"https://www.cookcountyassessor.com/pin/16053250250000"}},{"geometry":{"type":"Polygon","coordinates":[[[-87.78381760909328,41.87817732934203],[-87.78382157416122,41.878297382142364],[-87.78405807868269,41.878294177494936],[-87.78428672296862,41.878291044623964],[-87.78428246309085,41.878170990429076],[-87.78403523679692,41.878174363940936],[-87.78381760909328,41.87817732934203]]],"crs":null},"type":"Feature","properties":{"name":"16171000170000","pin":"16171000170000","units":5,"yearBuilt":1919,"address":"542 S RIDGELAND AVE 1","url":"https://www.cookcountyassessor.com/pin/16171000170000"}},{"geometry":{"type":"Polygon","coordinates":[[[-87.79353298113493,41.88225882952433],[-87.79353554296596,41.88234709681462],[-87.79421242695723,41.88233606091499],[-87.7942095658898,41.88223727352312],[-87.79353269016953,41.88224830944616],[-87.79353298113493,41.88225882952433]]],"crs":null},"type":"Feature","properties":{"name":"16074120340000","pin":"16074120340000","units":2,"yearBuilt":1916,"address":"326 S OAK PARK AVE","url":"https://www.cookcountyassessor.com/pin/16074120340000"}},{"geometry":{"type":"Polygon","coordinates":[[[-87.7920660372237,41.892200323057104],[-87.79207356377398,41.89247461881434],[-87.79268128105232,41.89246419881469],[-87.79267375235777,41.892189849063186],[-87.7920660372237,41.892200323057104]]],"crs":null},"type":"Feature","properties":{"name":"16072070160000","pin":"16072070160000","units":2,"yearBuilt":1898,"address":"320 N EUCLID AVE","url":"https://www.cookcountyassessor.com/pin/16072070160000"}},{"geometry":{"type":"Polygon","coordinates":[[[-87.78133138684017,41.8770754435084],[-87.78133388085001,41.87714400677842],[-87.78138353174457,41.87714325773985],[-87.78179308115142,41.8771368278436],[-87.78179066013435,41.87706826493341],[-87.78178948492845,41.87703401110802],[-87.78133021308415,41.87704118968561],[-87.78133138684017,41.8770754435084]]],"crs":null},"type":"Feature","properties":{"name":"16171100110000","pin":"16171100110000","units":3,"yearBuilt":1888,"address":"626 S HIGHLAND AVE","url":"https://www.cookcountyassessor.com/pin/16171100110000"}},{"geometry":{"type":"Polygon","coordinates":[[[-87.80072642146371,41.894409539130095],[-87.8007326459649,41.894606440269044],[-87.80108287691935,41.89459999611843],[-87.80107665134265,41.89440309499206],[-87.80072642146371,41.894409539130095]]],"crs":null},"type":"Feature","properties":{"name":"16063190600000","pin":"16063190600000","units":2,"yearBuilt":1950,"address":"505 FOREST AVE","url":"https://www.cookcountyassessor.com/pin/16063190600000"}},{"geometry":{"type":"Polygon","coordinates":[[[-87.77570331335761,41.865538789388346],[-87.77571619407705,41.86588171882296],[-87.77580798741417,41.865880408793316],[-87.77579503394627,41.865537478114824],[-87.77570331335761,41.865538789388346]]],"crs":null},"type":"Feature","properties":{"name":"16173300350000","pin":"16173300350000","units":4,"yearBuilt":1941,"address":"6032 ROOSEVELT RD","url":"https://www.cookcountyassessor.com/pin/16173300350000"}},{"geometry":{"type":"Polygon","coordinates":[[[-87.79476727965071,41.89330484951808],[-87.79477211363141,41.89346398325044],[-87.7954718843371,41.893453267099574],[-87.79546734262877,41.89329413476331],[-87.79476727965071,41.89330484951808]]],"crs":null},"type":"Feature","properties":{"name":"16071050260000","pin":"16071050260000","units":2,"yearBuilt":1896,"address":"411 N OAK PARK AVE","url":"https://www.cookcountyassessor.com/pin/16071050260000"}},{"geometry":{"type":"Polygon","coordinates":[[[-87.78698017508192,41.87824296737501],[-87.78698245590523,41.87831153040188],[-87.78744651945193,41.87830330850848],[-87.78744369473542,41.87822102256559],[-87.78697970407187,41.87822924389478],[-87.78698017508192,41.87824296737501]]],"crs":null},"type":"Feature","properties":{"name":"16182050360000","pin":"16182050360000","units":2,"yearBuilt":1912,"address":"543 GUNDERSON AVE 2","url":"https://www.cookcountyassessor.com/pin/16182050360000"}},{"geometry":{"type":"Polygon","coordinates":[[[-87.77711597250789,41.86551847085274],[-87.77712834647328,41.86586139858542],[-87.77722366442241,41.86586004957257],[-87.77721136462237,41.865517122208594],[-87.77711597250789,41.86551847085274]]],"crs":null},"type":"Feature","properties":{"name":"16173290330000","pin":"16173290330000","units":2,"yearBuilt":1918,"address":"6110 ROOSEVELT RD","url":"https://www.cookcountyassessor.com/pin/16173290330000"}},{"geometry":{"type":"Polygon","coordinates":[[[-87.77555023785678,41.881111583512876],[-87.7755524330476,41.881180145401984],[-87.7761847125342,41.881170810592955],[-87.77618259136035,41.8811022490741],[-87.77618039597459,41.88103363227341],[-87.77554811784022,41.88104296706705],[-87.77555023785678,41.881111583512876]]],"crs":null},"type":"Feature","properties":{"name":"16083230060000","pin":"16083230060000","units":2,"yearBuilt":1921,"address":"426 S HUMPHREY AVE","url":"https://www.cookcountyassessor.com/pin/16083230060000"}},{"geometry":{"type":"Polygon","coordinates":[[[-87.8020705408291,41.895360719515224],[-87.8020755754347,41.89549784498838],[-87.80262014069665,41.89548784914272],[-87.8026179603884,41.895431856740665],[-87.80261488607191,41.895350667754215],[-87.8020705408291,41.895360719515224]]],"crs":null},"type":"Feature","properties":{"name":"16063180460000","pin":"16063180460000","units":2,"yearBuilt":1888,"address":"531 BELLEFORTE AVE","url":"https://www.cookcountyassessor.com/pin/16063180460000"}},{"geometry":{"type":"Polygon","coordinates":[[[-87.78141382813718,41.88245583670787],[-87.78141649334609,41.882547233434714],[-87.78205313134964,41.88253662499665],[-87.78205061100819,41.882445228978774],[-87.78141382813718,41.88245583670787]]],"crs":null},"type":"Feature","properties":{"name":"16083130230000","pin":"16083130230000","units":2,"yearBuilt":1914,"address":"337 S HARVEY AVE","url":"https://www.cookcountyassessor.com/pin/16083130230000"}},{"geometry":{"type":"Polygon","coordinates":[[[-87.78751315675206,41.878645284990576],[-87.78751543695792,41.878713847099526],[-87.78797957684833,41.87870562431907],[-87.78797722266103,41.87863706186738],[-87.78797494076628,41.878568498857746],[-87.78797258705437,41.878499881485624],[-87.78750852213004,41.87850810549651],[-87.7875108018603,41.878576722525864],[-87.78751315675206,41.878645284990576]]],"crs":null},"type":"Feature","properties":{"name":"16182050180000","pin":"16182050180000","units":6,"yearBuilt":1916,"address":"530 S SCOVILLE AVE","url":"https://www.cookcountyassessor.com/pin/16182050180000"}},{"geometry":{"type":"Polygon","coordinates":[[[-87.78700637115294,41.88237555239355],[-87.78701011880379,41.882513221883976],[-87.78765116819146,41.88250183450132],[-87.78764741916468,41.88236416502336],[-87.78700637115294,41.88237555239355]]],"crs":null},"type":"Feature","properties":{"name":"16074160060000","pin":"16074160060000","units":2,"yearBuilt":1912,"address":"322 S SCOVILLE AVE","url":"https://www.cookcountyassessor.com/pin/16074160060000"}},{"geometry":{"type":"Polygon","coordinates":[[[-87.7769680519764,41.89660326346867],[-87.77697106683783,41.89669603388131],[-87.77745295985038,41.896688927515164],[-87.77744994191035,41.896596431703294],[-87.7769680519764,41.89660326346867]]],"crs":null},"type":"Feature","properties":{"name":"16053190330000","pin":"16053190330000","units":2,"yearBuilt":1914,"address":"601 N HUMPHREY AVE","url":"https://www.cookcountyassessor.com/pin/16053190330000"}},{"geometry":{"type":"Polygon","coordinates":[[[-87.80074706150688,41.89506408315064],[-87.800751362325,41.89520071099507],[-87.80128556647075,41.89519089310576],[-87.80128016149278,41.89505431508492],[-87.80074706150688,41.89506408315064]]],"crs":null},"type":"Feature","properties":{"name":"16063190470000","pin":"16063190470000","units":2,"yearBuilt":1888,"address":"521 FOREST AVE","url":"https://www.cookcountyassessor.com/pin/16063190470000"}},{"geometry":{"type":"Polygon","coordinates":[[[-87.77730682948315,41.86551571801595],[-87.77731905632268,41.86585864501719],[-87.77741452241892,41.865857295662764],[-87.77740229386488,41.86551436866276],[-87.77730682948315,41.86551571801595]]],"crs":null},"type":"Feature","properties":{"name":"16173290310000","pin":"16173290310000","units":4,"yearBuilt":1918,"address":"6114 ROOSEVELT RD","url":"https://www.cookcountyassessor.com/pin/16173290310000"}},{"geometry":{"type":"Polygon","coordinates":[[[-87.7951983303179,41.8941093977866],[-87.79520357468775,41.894289828278545],[-87.79542390694733,41.894286086048005],[-87.79541872239547,41.894107356590496],[-87.79541375791821,41.893937299347016],[-87.79519343007672,41.89394065803493],[-87.7951983303179,41.8941093977866]]],"crs":null},"type":"Feature","properties":{"name":"16071050350000","pin":"16071050350000","units":2,"yearBuilt":1949,"address":"811 CHICAGO AVE","url":"https://www.cookcountyassessor.com/pin/16071050350000"}},{"geometry":{"type":"Polygon","coordinates":[[[-87.79784350272695,41.89594487489739],[-87.79784771930166,41.896082051637975],[-87.79846715854504,41.89607066894795],[-87.79846635964077,41.89604322282696],[-87.79846286668892,41.89593354589816],[-87.79784350272695,41.89594487489739]]],"crs":null},"type":"Feature","properties":{"name":"16063210480000","pin":"16063210480000","units":2,"yearBuilt":1957,"address":"545 N KENILWORTH AVE","url":"https://www.cookcountyassessor.com/pin/16063210480000"}},{"geometry":{"type":"Polygon","coordinates":[[[-87.80162065332591,41.89886155569688],[-87.80162525239548,41.89900663810182],[-87.80226087601983,41.89899585822753],[-87.80225598419952,41.89885044586782],[-87.80162065332591,41.89886155569688]]],"crs":null},"type":"Feature","properties":{"name":"16063090050000","pin":"16063090050000","units":2,"yearBuilt":1899,"address":"724 BELLEFORTE AVE","url":"https://www.cookcountyassessor.com/pin/16063090050000"}},{"geometry":{"type":"Polygon","coordinates":[[[-87.77784075696354,41.89415457328228],[-87.77785335060919,41.894566216144504],[-87.77794871386585,41.89456470114418],[-87.77793611792714,41.89415311320129],[-87.77784075696354,41.89415457328228]]],"crs":null},"type":"Feature","properties":{"name":"16081040030000","pin":"16081040030000","units":2,"yearBuilt":1903,"address":"55 CHICAGO AVE","url":"https://www.cookcountyassessor.com/pin/16081040030000"}},{"geometry":{"type":"Polygon","coordinates":[[[-87.77862163737007,41.89747147377799],[-87.77862469892966,41.89756748288704],[-87.77925339408516,41.89755816900737],[-87.77925033037896,41.89746215990345],[-87.77862163737007,41.89747147377799]]],"crs":null},"type":"Feature","properties":{"name":"16053180230000","pin":"16053180230000","units":2,"yearBuilt":1909,"address":"627 N TAYLOR AVE","url":"https://www.cookcountyassessor.com/pin/16053180230000"}},{"geometry":{"type":"Polygon","coordinates":[[[-87.78887781503897,41.90861673525756],[-87.78888900981696,41.90895943397476],[-87.78898439032838,41.90895823944382],[-87.7889742231121,41.908615545606494],[-87.78887781503897,41.90861673525756]]],"crs":null},"type":"Feature","properties":{"name":"16062040130000","pin":"16062040130000","units":5,"yearBuilt":1929,"address":"6533 NORTH AVE","url":"https://www.cookcountyassessor.com/pin/16062040130000"}},{"geometry":{"type":"Polygon","coordinates":[[[-87.77648318649626,41.88131463040202],[-87.77648629401452,41.88141338340021],[-87.77711989756003,41.88140415970695],[-87.7771170088028,41.88130535286318],[-87.77648318649626,41.88131463040202]]],"crs":null},"type":"Feature","properties":{"name":"16083220190000","pin":"16083220190000","units":2,"yearBuilt":1907,"address":"419 S HUMPHREY AVE","url":"https://www.cookcountyassessor.com/pin/16083220190000"}},{"geometry":{"type":"Polygon","coordinates":[[[-87.78018906353533,41.895755320377205],[-87.78019362167953,41.895891127252014],[-87.78082251483194,41.89588235492024],[-87.78081788185834,41.89574654680826],[-87.78018906353533,41.895755320377205]]],"crs":null},"type":"Feature","properties":{"name":"16053230140000","pin":"16053230140000","units":2,"yearBuilt":1952,"address":"531 N LOMBARD AVE","url":"https://www.cookcountyassessor.com/pin/16053230140000"}},{"geometry":{"type":"Polygon","coordinates":[[[-87.801782543253,41.899440133981294],[-87.80178604111174,41.89954991971316],[-87.8022792764056,41.8995414994067],[-87.80227555718136,41.89943171176468],[-87.801782543253,41.899440133981294]]],"crs":null},"type":"Feature","properties":{"name":"16063090330000","pin":"16063090330000","units":3,"yearBuilt":1899,"address":"740 BELLEFORTE AVE","url":"https://www.cookcountyassessor.com/pin/16063090330000"}},{"geometry":{"type":"Polygon","coordinates":[[[-87.79540428146672,41.893613489448356],[-87.79540497854754,41.89363539172083],[-87.79603216573055,41.89362586901501],[-87.79602719560476,41.89344752411143],[-87.79547193527746,41.89345595665843],[-87.79539971736143,41.89345704542898],[-87.79540428146672,41.893613489448356]]],"crs":null},"type":"Feature","properties":{"name":"16071050050000","pin":"16071050050000","units":2,"yearBuilt":1889,"address":"416 N GROVE AVE","url":"https://www.cookcountyassessor.com/pin/16071050050000"}},{"geometry":{"type":"Polygon","coordinates":[[[-87.78540614990176,41.881181753423846],[-87.78541680961837,41.881593277366946],[-87.78550855419225,41.88159168387582],[-87.78549789388703,41.8811801599376],[-87.78540614990176,41.881181753423846]]],"crs":null},"type":"Feature","properties":{"name":"16074230040000","pin":"16074230040000","units":3,"yearBuilt":1916,"address":"417 WASHINGTON BLVD","url":"https://www.cookcountyassessor.com/pin/16074230040000"}},{"geometry":{"type":"Polygon","coordinates":[[[-87.77647905928812,41.878296317265736],[-87.77648197460657,41.87839194158985],[-87.77693824217893,41.87838520632848],[-87.77693525697514,41.87828908828813],[-87.77647905928812,41.878296317265736]]],"crs":null},"type":"Feature","properties":{"name":"16171060160000","pin":"16171060160000","units":4,"yearBuilt":1908,"address":"544 S LYMAN AVE","url":"https://www.cookcountyassessor.com/pin/16171060160000"}},{"geometry":{"type":"Polygon","coordinates":[[[-87.78375069827692,41.882309359511716],[-87.78375356201175,41.88241228243257],[-87.78438498212986,41.88240174593548],[-87.78438211738181,41.88229882302413],[-87.78375069827692,41.882309359511716]]],"crs":null},"type":"Feature","properties":{"name":"16083120090000","pin":"16083120090000","units":2,"yearBuilt":1911,"address":"328 S RIDGELAND AVE","url":"https://www.cookcountyassessor.com/pin/16083120090000"}},{"geometry":{"type":"Polygon","coordinates":[[[-87.78475592462624,41.872194674690924],[-87.78476760602548,41.872537543025445],[-87.78485941159637,41.87253589630576],[-87.7849511441621,41.872534193342716],[-87.78493946178214,41.87219132502083],[-87.78484773017611,41.87219297305875],[-87.78475592462624,41.872194674690924]]],"crs":null},"type":"Feature","properties":{"name":"16184020040000","pin":"16184020040000","units":2,"yearBuilt":1938,"address":"411 HARRISON ST","url":"https://www.cookcountyassessor.com/pin/16184020040000"}},{"geometry":{"type":"Polygon","coordinates":[[[-87.78042971363719,41.8805338040845],[-87.78043403989133,41.88067943473671],[-87.78106698653602,41.88066892381048],[-87.78106227297297,41.880508362724626],[-87.78044916079548,41.88051858467148],[-87.78042971363719,41.8805338040845]]],"crs":null},"type":"Feature","properties":{"name":"16083200090000","pin":"16083200090000","units":2,"yearBuilt":1902,"address":"428 S HARVEY AVE","url":"https://www.cookcountyassessor.com/pin/16083200090000"}},{"geometry":{"type":"Polygon","coordinates":[[[-87.79619376211157,41.87443190551542],[-87.79619856252961,41.87456903063172],[-87.79646811096167,41.874564364041554],[-87.79646345693651,41.87442723871978],[-87.79619376211157,41.87443190551542]]],"crs":null},"type":"Feature","properties":{"name":"16181320300000","pin":"16181320300000","units":2,"yearBuilt":1910,"address":"825 CARPENTER AVE","url":"https://www.cookcountyassessor.com/pin/16181320300000"}},{"geometry":{"type":"Polygon","coordinates":[[[-87.77734690168676,41.89350196139317],[-87.77734902367234,41.893570742432544],[-87.77750065876468,41.8935684576358],[-87.77749225609767,41.89329218145937],[-87.77734054720409,41.89329457573027],[-87.77734272909993,41.89336478410321],[-87.77734485298323,41.89343334547019],[-87.77734690168676,41.89350196139317]]],"crs":null},"type":"Feature","properties":{"name":"16081040210000","pin":"16081040210000","units":2,"yearBuilt":1900,"address":"50 SUPERIOR ST","url":"https://www.cookcountyassessor.com/pin/16081040210000"}},{"geometry":{"type":"Polygon","coordinates":[[[-87.80347871174277,41.89724170984358],[-87.80348130078362,41.897310602385005],[-87.80394028416566,41.897302400421445],[-87.80393769417807,41.89723356280612],[-87.80393496987413,41.89716318768845],[-87.80347592713926,41.89716979755517],[-87.80347871174277,41.89724170984358]]],"crs":null},"type":"Feature","properties":{"name":"16063140210000","pin":"16063140210000","units":2,"yearBuilt":1921,"address":"627 N MARION ST","url":"https://www.cookcountyassessor.com/pin/16063140210000"}},{"geometry":{"type":"Polygon","coordinates":[[[-87.79574907137106,41.88081586870031],[-87.7957531358314,41.88095304515889],[-87.79626754710655,41.88094233488652],[-87.7962634815462,41.88080515843947],[-87.79574907137106,41.88081586870031]]],"crs":null},"type":"Feature","properties":{"name":"16073260110000","pin":"16073260110000","units":2,"yearBuilt":1908,"address":"417 S GROVE AVE","url":"https://www.cookcountyassessor.com/pin/16073260110000"}},{"geometry":{"type":"Polygon","coordinates":[[[-87.78542338027816,41.881812738567014],[-87.78543477338798,41.8822243208837],[-87.78558161013768,41.882221783703116],[-87.78557021608566,41.881810201395204],[-87.78542338027816,41.881812738567014]]],"crs":null},"type":"Feature","properties":{"name":"16074170190000","pin":"16074170190000","units":2,"yearBuilt":1915,"address":"420 WASHINGTON BLVD","url":"https://www.cookcountyassessor.com/pin/16074170190000"}},{"geometry":{"type":"Polygon","coordinates":[[[-87.78374783454952,41.88220643658902],[-87.78375069827692,41.882309359511716],[-87.78438211738181,41.88229882302413],[-87.78438116286901,41.88226451538855],[-87.78437925264889,41.88219589921064],[-87.78374783454952,41.88220643658902]]],"crs":null},"type":"Feature","properties":{"name":"16083120100000","pin":"16083120100000","units":2,"yearBuilt":1910,"address":"332 S RIDGELAND AVE 1","url":"https://www.cookcountyassessor.com/pin/16083120100000"}},{"geometry":{"type":"Polygon","coordinates":[[[-87.79851952588994,41.89775357378125],[-87.79852381795617,41.89789069588659],[-87.79864732775322,41.89788836293042],[-87.79863756371915,41.89757058804755],[-87.79851390797056,41.89757286629385],[-87.79851488941955,41.89760486898271],[-87.79851952588994,41.89775357378125]]],"crs":null},"type":"Feature","properties":{"name":"16063210050000","pin":"16063210050000","units":2,"yearBuilt":1912,"address":"915 AUGUSTA ST","url":"https://www.cookcountyassessor.com/pin/16063210050000"}},{"geometry":{"type":"Polygon","coordinates":[[[-87.80074742019931,41.87179667276824],[-87.80074993481885,41.87186523579904],[-87.80130134403713,41.871855826884556],[-87.80129775138387,41.871757840096826],[-87.80074639887596,41.87176922551553],[-87.80074742019931,41.87179667276824]]],"crs":null},"type":"Feature","properties":{"name":"16183020250000","pin":"16183020250000","units":2,"yearBuilt":1910,"address":"913 WENONAH AVE","url":"https://www.cookcountyassessor.com/pin/16183020250000"}},{"geometry":{"type":"Polygon","coordinates":[[[-87.78793734027427,41.8822217988741],[-87.78794109412166,41.882358974081185],[-87.78858603485847,41.8823475459371],[-87.78858221313942,41.882209546613225],[-87.78793734027427,41.8822217988741]]],"crs":null},"type":"Feature","properties":{"name":"16074150150000","pin":"16074150150000","units":4,"yearBuilt":1925,"address":"329 S SCOVILLE AVE","url":"https://www.cookcountyassessor.com/pin/16074150150000"}},{"geometry":{"type":"Polygon","coordinates":[[[-87.77616721281863,41.8704775210883],[-87.77625915405459,41.87048532201381],[-87.77624710613183,41.870139157507545],[-87.7760632246696,41.870123556469096],[-87.7760662235099,41.87020946572172],[-87.77606921043217,41.87029674794106],[-87.77607227131406,41.87038397559683],[-87.77607527112885,41.870469775008026],[-87.77616721281863,41.8704775210883]]],"crs":null},"type":"Feature","properties":{"name":"16173140040000","pin":"16173140040000","units":4,"yearBuilt":1912,"address":"39 GARFIELD ST","url":"https://www.cookcountyassessor.com/pin/16173140040000"}},{"geometry":{"type":"Polygon","coordinates":[[[-87.77700359754459,41.89769630340959],[-87.7770079901012,41.8978334825745],[-87.77767349771136,41.897823586793265],[-87.77766902973964,41.897686463108066],[-87.77700359754459,41.89769630340959]]],"crs":null},"type":"Feature","properties":{"name":"16053190220000","pin":"16053190220000","units":2,"yearBuilt":1967,"address":"633 N HUMPHREY AVE 1 2","url":"https://www.cookcountyassessor.com/pin/16053190220000"}},{"geometry":{"type":"Polygon","coordinates":[[[-87.79233127962013,41.87630341442955],[-87.79233181738208,41.87631807096476],[-87.79279358742536,41.8763100372227],[-87.79279312424535,41.87629538104055],[-87.79279082985438,41.87622769676999],[-87.79232891343833,41.876235729812244],[-87.79233127962013,41.87630341442955]]],"crs":null},"type":"Feature","properties":{"name":"16182090150000","pin":"16182090150000","units":2,"yearBuilt":1915,"address":"646 S EUCLID AVE","url":"https://www.cookcountyassessor.com/pin/16182090150000"}},{"geometry":{"type":"Polygon","coordinates":[[[-87.79293270844715,41.87332505168754],[-87.7929334787574,41.87334700931634],[-87.79339442029175,41.87333896923048],[-87.79339128953104,41.87324850318449],[-87.7929303491016,41.87325648924321],[-87.79293270844715,41.87332505168754]]],"crs":null},"type":"Feature","properties":{"name":"16182240150000","pin":"16182240150000","units":2,"yearBuilt":1910,"address":"827 S EUCLID AVE 1","url":"https://www.cookcountyassessor.com/pin/16182240150000"}},{"geometry":{"type":"Polygon","coordinates":[[[-87.78342190273642,41.89526546662767],[-87.7834253236714,41.89536339780223],[-87.78397464633032,41.8953557081969],[-87.78397115105184,41.89525777668194],[-87.78342190273642,41.89526546662767]]],"crs":null},"type":"Feature","properties":{"name":"16053210180000","pin":"16053210180000","units":2,"yearBuilt":1911,"address":"519 N CUYLER AVE","url":"https://www.cookcountyassessor.com/pin/16053210180000"}},{"geometry":{"type":"Polygon","coordinates":[[[-87.79622256274237,41.87525476779549],[-87.79622736325763,41.875391893791964],[-87.79649603337268,41.87538722213289],[-87.79649137877935,41.87525015265034],[-87.79622256274237,41.87525476779549]]],"crs":null},"type":"Feature","properties":{"name":"16181320230000","pin":"16181320230000","units":2,"yearBuilt":1909,"address":"801 CARPENTER AVE","url":"https://www.cookcountyassessor.com/pin/16181320230000"}},{"geometry":{"type":"Polygon","coordinates":[[[-87.80407336458002,41.882081050134246],[-87.80407723498267,41.882190618163044],[-87.80469998452385,41.88217998491684],[-87.80469603956792,41.88207041656443],[-87.80407336458002,41.882081050134246]]],"crs":null},"type":"Feature","properties":{"name":"16073140070000","pin":"16073140070000","units":3,"yearBuilt":1894,"address":"329 S MAPLE AVE","url":"https://www.cookcountyassessor.com/pin/16073140070000"}},{"geometry":{"type":"Polygon","coordinates":[[[-87.78385286792552,41.87923946961286],[-87.78385602319422,41.87933410631821],[-87.78425507501808,41.87932866003065],[-87.78432367731372,41.879327725726185],[-87.78432030089697,41.87923308797555],[-87.78423708226696,41.87923422699876],[-87.78385286792552,41.87923946961286]]],"crs":null},"type":"Feature","properties":{"name":"16171000060000","pin":"16171000060000","units":2,"yearBuilt":1916,"address":"512 S RIDGELAND AVE","url":"https://www.cookcountyassessor.com/pin/16171000060000"}},{"geometry":{"type":"Polygon","coordinates":[[[-87.77692402692747,41.89525178437213],[-87.7769263525592,41.89532232294997],[-87.77755524254137,41.89531345864873],[-87.77755292309928,41.89524198735941],[-87.77692402692747,41.89525178437213]]],"crs":null},"type":"Feature","properties":{"name":"16053250210000","pin":"16053250210000","units":2,"yearBuilt":1951,"address":"515 N HUMPHREY AVE","url":"https://www.cookcountyassessor.com/pin/16053250210000"}},{"geometry":{"type":"Polygon","coordinates":[[[-87.7903240232605,41.90859866542187],[-87.79033426935432,41.908941579204786],[-87.79045066612214,41.908940154210185],[-87.79044041940541,41.9085972404339],[-87.7903240232605,41.90859866542187]]],"crs":null},"type":"Feature","properties":{"name":"16062030100000","pin":"16062030100000","units":3,"yearBuilt":1938,"address":"6601 NORTH AVE","url":"https://www.cookcountyassessor.com/pin/16062030100000"}},{"geometry":{"type":"Polygon","coordinates":[[[-87.77884280141785,41.88146452218682],[-87.77886155941462,41.881477950438345],[-87.77945749144591,41.88146825735292],[-87.77945341442829,41.881336568802375],[-87.77883919374149,41.88134655711203],[-87.77884280141785,41.88146452218682]]],"crs":null},"type":"Feature","properties":{"name":"16083210070000","pin":"16083210070000","units":5,"yearBuilt":1908,"address":"414 S LOMBARD AVE 1ST","url":"https://www.cookcountyassessor.com/pin/16083210070000"}},{"geometry":{"type":"Polygon","coordinates":[[[-87.7929279897603,41.87318792679806],[-87.7929303491016,41.87325648924321],[-87.79339128953104,41.87324850318449],[-87.79338885547565,41.87317988547584],[-87.79338743915167,41.87313876997863],[-87.79292657373162,41.87314681129696],[-87.7929279897603,41.87318792679806]]],"crs":null},"type":"Feature","properties":{"name":"16182240160000","pin":"16182240160000","units":6,"yearBuilt":1920,"address":"829 S EUCLID AVE","url":"https://www.cookcountyassessor.com/pin/16182240160000"}},{"geometry":{"type":"Polygon","coordinates":[[[-87.77764424227567,41.89579177141707],[-87.77764863611714,41.8959289506104],[-87.77827753200235,41.89592008148943],[-87.77827313680739,41.89578290321214],[-87.77764424227567,41.89579177141707]]],"crs":null},"type":"Feature","properties":{"name":"16053250050000","pin":"16053250050000","units":3,"yearBuilt":1910,"address":"530 N TAYLOR AVE","url":"https://www.cookcountyassessor.com/pin/16053250050000"}},{"geometry":{"type":"Polygon","coordinates":[[[-87.78906622313691,41.90861439080248],[-87.78907639037872,41.90895713955312],[-87.78916839090074,41.90895598376988],[-87.78915815038582,41.9086132896002],[-87.78906622313691,41.90861439080248]]],"crs":null},"type":"Feature","properties":{"name":"16062040110000","pin":"16062040110000","units":2,"yearBuilt":1927,"address":"6537 NORTH AVE","url":"https://www.cookcountyassessor.com/pin/16062040110000"}},{"geometry":{"type":"Polygon","coordinates":[[[-87.78196820051349,41.87520104851906],[-87.78196932374742,41.875232667696984],[-87.78243306161163,41.87522561781084],[-87.78242951650019,41.87512543571252],[-87.78196585210878,41.875132431017065],[-87.78196820051349,41.87520104851906]]],"crs":null},"type":"Feature","properties":{"name":"16171170190000","pin":"16171170190000","units":2,"yearBuilt":1902,"address":"729 S HIGHLAND AVE","url":"https://www.cookcountyassessor.com/pin/16171170190000"}},{"geometry":{"type":"Polygon","coordinates":[[[-87.79350401841288,41.874800910222255],[-87.79350637961575,41.87486947264596],[-87.79396740507083,41.87486148469018],[-87.79396504383709,41.87479286735409],[-87.79396260986947,41.87472430459659],[-87.79350165841888,41.874732347803366],[-87.79350401841288,41.874800910222255]]],"crs":null},"type":"Feature","properties":{"name":"16182160140000","pin":"16182160140000","units":2,"yearBuilt":1890,"address":"736 S OAK PARK AVE","url":"https://www.cookcountyassessor.com/pin/16182160140000"}},{"geometry":{"type":"Polygon","coordinates":[[[-87.77780883563386,41.898414473333645],[-87.77781338742656,41.89855044586655],[-87.7782749391893,41.89854400565573],[-87.77827046372236,41.89840759504291],[-87.77780883563386,41.898414473333645]]],"crs":null},"type":"Feature","properties":{"name":"16053120310000","pin":"16053120310000","units":4,"yearBuilt":1916,"address":"701 N TAYLOR AVE 1N","url":"https://www.cookcountyassessor.com/pin/16053120310000"}},{"geometry":{"type":"Polygon","coordinates":[[[-87.79546294795061,41.893135002210805],[-87.79546734262877,41.89329413476331],[-87.79602267672212,41.893285647660996],[-87.79601828066562,41.89312651512146],[-87.79546294795061,41.893135002210805]]],"crs":null},"type":"Feature","properties":{"name":"16071050070000","pin":"16071050070000","units":2,"yearBuilt":1899,"address":"408 N GROVE AVE","url":"https://www.cookcountyassessor.com/pin/16071050070000"}},{"geometry":{"type":"Polygon","coordinates":[[[-87.79353813625927,41.882440358455405],[-87.79354073509799,41.882532961969765],[-87.79421776923536,41.882521926747046],[-87.79421516820686,41.88242932413674],[-87.79353813625927,41.882440358455405]]],"crs":null},"type":"Feature","properties":{"name":"16074120080000","pin":"16074120080000","units":3,"yearBuilt":1914,"address":"320 S OAK PARK AVE 2","url":"https://www.cookcountyassessor.com/pin/16074120080000"}},{"geometry":{"type":"Polygon","coordinates":[[[-87.79394841480612,41.8940776822408],[-87.793949212965,41.89410512839675],[-87.79454900919957,41.894094991752944],[-87.79454686643717,41.89402648552256],[-87.79394714434656,41.894036622504295],[-87.79394841480612,41.8940776822408]]],"crs":null},"type":"Feature","properties":{"name":"16072000030000","pin":"16072000030000","units":2,"yearBuilt":1965,"address":"430 N OAK PARK AVE","url":"https://www.cookcountyassessor.com/pin/16072000030000"}},{"geometry":{"type":"Polygon","coordinates":[[[-87.79441675932705,41.88101511420804],[-87.7944197145571,41.88111792749347],[-87.79493802024756,41.88110718653314],[-87.79493506419436,41.881004372355676],[-87.79441675932705,41.88101511420804]]],"crs":null},"type":"Feature","properties":{"name":"16073270130000","pin":"16073270130000","units":2,"yearBuilt":1913,"address":"413 S OAK PARK AVE","url":"https://www.cookcountyassessor.com/pin/16073270130000"}},{"geometry":{"type":"Polygon","coordinates":[[[-87.77644303708041,41.870500867825385],[-87.77652404532171,41.8705077367875],[-87.77651199643536,41.870161518283254],[-87.77643098936782,41.87015470333913],[-87.77644303708041,41.870500867825385]]],"crs":null},"type":"Feature","properties":{"name":"16173140020000","pin":"16173140020000","units":4,"yearBuilt":1956,"address":"47 GARFIELD ST","url":"https://www.cookcountyassessor.com/pin/16173140020000"}},{"geometry":{"type":"Polygon","coordinates":[[[-87.79381601572045,41.886652497884114],[-87.79381838481567,41.886737525663804],[-87.79404420271555,41.886733592133496],[-87.79403267942541,41.88632212015705],[-87.7939114712178,41.886324185286824],[-87.79380686297435,41.886326053673464],[-87.79381601572045,41.886652497884114]]],"crs":null},"type":"Feature","properties":{"name":"16074000020000","pin":"16074000020000","units":6,"yearBuilt":1918,"address":"721 SOUTH BLVD","url":"https://www.cookcountyassessor.com/pin/16074000020000"}},{"geometry":{"type":"Polygon","coordinates":[[[-87.78128820660625,41.87582934445545],[-87.7812905547683,41.875897907940384],[-87.78174981843607,41.87589072857058],[-87.78174739749798,41.875822165645175],[-87.78128820660625,41.87582934445545]]],"crs":null},"type":"Feature","properties":{"name":"16171180060000","pin":"16171180060000","units":2,"yearBuilt":1901,"address":"710 S HIGHLAND AVE","url":"https://www.cookcountyassessor.com/pin/16171180060000"}},{"geometry":{"type":"Polygon","coordinates":[[[-87.77947710044457,41.87348186134854],[-87.77948208620396,41.87361876835362],[-87.77994302275111,41.87361171499761],[-87.77993818129643,41.87347486272723],[-87.77947710044457,41.87348186134854]]],"crs":null},"type":"Feature","properties":{"name":"16171270290000","pin":"16171270290000","units":4,"yearBuilt":1913,"address":"825 S LOMBARD AVE","url":"https://www.cookcountyassessor.com/pin/16171270290000"}},{"geometry":{"type":"Polygon","coordinates":[[[-87.80406997143973,41.88198504077474],[-87.80407241640907,41.88205360329529],[-87.80469509113057,41.88204296972905],[-87.80469264549568,41.88197440721778],[-87.80406997143973,41.88198504077474]]],"crs":null},"type":"Feature","properties":{"name":"16073140090000","pin":"16073140090000","units":3,"yearBuilt":1923,"address":"333 S MAPLE AVE 1","url":"https://www.cookcountyassessor.com/pin/16073140090000"}},{"geometry":{"type":"Polygon","coordinates":[[[-87.78001644031941,41.874226671709245],[-87.78001886198304,41.87429507082863],[-87.78047942980795,41.874288726622346],[-87.78047458622659,41.874151984220944],[-87.78001394637681,41.874158273141084],[-87.78001644031941,41.874226671709245]]],"crs":null},"type":"Feature","properties":{"name":"16171270020000","pin":"16171270020000","units":2,"yearBuilt":1913,"address":"804 S HARVEY AVE","url":"https://www.cookcountyassessor.com/pin/16171270020000"}},{"geometry":{"type":"Polygon","coordinates":[[[-87.78490526526494,41.88009115619501],[-87.78491405688182,41.88042868651763],[-87.78501872795964,41.880426826519106],[-87.78500993579196,41.880089296201064],[-87.78490526526494,41.88009115619501]]],"crs":null},"type":"Feature","properties":{"name":"16074230240000","pin":"16074230240000","units":2,"yearBuilt":1912,"address":"408 MADISON ST","url":"https://www.cookcountyassessor.com/pin/16074230240000"}},{"geometry":{"type":"Polygon","coordinates":[[[-87.77851423756306,41.865498395830095],[-87.77852617817602,41.86584132132886],[-87.77870976468108,41.86583869490226],[-87.77869774961691,41.86549576906169],[-87.77860603032659,41.86549708265999],[-87.77851423756306,41.865498395830095]]],"crs":null},"type":"Feature","properties":{"name":"16173280330000","pin":"16173280330000","units":2,"yearBuilt":1934,"address":"6140 ROOSEVELT RD","url":"https://www.cookcountyassessor.com/pin/16173280330000"}},{"geometry":{"type":"Polygon","coordinates":[[[-87.78249626507848,41.89516865891702],[-87.7825010368068,41.89530583886405],[-87.78312911669194,41.89529704999026],[-87.7831243436197,41.89515987006105],[-87.78249626507848,41.89516865891702]]],"crs":null},"type":"Feature","properties":{"name":"16053220090000","pin":"16053220090000","units":2,"yearBuilt":1907,"address":"516 N CUYLER AVE 2","url":"https://www.cookcountyassessor.com/pin/16053220090000"}},{"geometry":{"type":"Polygon","coordinates":[[[-87.78180433127486,41.89545282480256],[-87.78180902802427,41.8955900053101],[-87.78243711075616,41.8955812193386],[-87.78243233915046,41.89544403939615],[-87.78180433127486,41.89545282480256]]],"crs":null},"type":"Feature","properties":{"name":"16053220160000","pin":"16053220160000","units":2,"yearBuilt":1912,"address":"525 N HARVEY AVE 2","url":"https://www.cookcountyassessor.com/pin/16053220160000"}},{"geometry":{"type":"Polygon","coordinates":[[[-87.80293993380691,41.87473197763763],[-87.80294490304183,41.87486806066211],[-87.80357000482731,41.87485749923345],[-87.80356532698646,41.874721417578414],[-87.80293993380691,41.87473197763763]]],"crs":null},"type":"Feature","properties":{"name":"16181270050000","pin":"16181270050000","units":2,"yearBuilt":1915,"address":"812 S MAPLE AVE","url":"https://www.cookcountyassessor.com/pin/16181270050000"}},{"geometry":{"type":"Polygon","coordinates":[[[-87.7753311782096,41.896115902432136],[-87.77533507214446,41.8962256359835],[-87.77596140774953,41.89621583435828],[-87.7759576597532,41.896106101535],[-87.7753311782096,41.896115902432136]]],"crs":null},"type":"Feature","properties":{"name":"16053260140000","pin":"16053260140000","units":2,"yearBuilt":1908,"address":"840 N AUSTIN BLVD","url":"https://www.cookcountyassessor.com/pin/16053260140000"}},{"geometry":{"type":"Polygon","coordinates":[[[-87.79929414817822,41.89487456813187],[-87.79929674689795,41.89495954273359],[-87.7997220130316,41.8949492803762],[-87.79971991766867,41.894883244102815],[-87.79960971270249,41.89488525651284],[-87.79960918870376,41.894868733712975],[-87.79945130175747,41.8948716218653],[-87.79945072743942,41.894852464431835],[-87.79929357482214,41.89485530086046],[-87.79929414817822,41.89487456813187]]],"crs":null},"type":"Feature","properties":{"name":"16063200510000","pin":"16063200510000","units":2,"yearBuilt":1888,"address":"515 WOODBINE AVE","url":"https://www.cookcountyassessor.com/pin/16063200510000"}},{"geometry":{"type":"Polygon","coordinates":[[[-87.78171702684261,41.892639663792615],[-87.78171947761105,41.89272189294593],[-87.78234738665098,41.89271294273102],[-87.7823449355492,41.89263065866763],[-87.78234374698691,41.892589489352495],[-87.78171583868352,41.8925984944735],[-87.78171702684261,41.892639663792615]]],"crs":null},"type":"Feature","properties":{"name":"16081070130000","pin":"16081070130000","units":2,"yearBuilt":1898,"address":"323 N HARVEY AVE","url":"https://www.cookcountyassessor.com/pin/16081070130000"}},{"geometry":{"type":"Polygon","coordinates":[[[-87.79473216994273,41.872044637940725],[-87.7948197858124,41.8720520741981],[-87.79480579124805,41.87162851423576],[-87.79471824989655,41.87162102339628],[-87.79473216994273,41.872044637940725]]],"crs":null},"type":"Feature","properties":{"name":"16183070050000","pin":"16183070050000","units":2,"yearBuilt":1913,"address":"815 GARFIELD ST","url":"https://www.cookcountyassessor.com/pin/16183070050000"}},{"geometry":{"type":"Polygon","coordinates":[[[-87.80314481721427,41.899125958077754],[-87.80315000554985,41.899271317743505],[-87.80378776310016,41.89926042943091],[-87.80378257331857,41.89911506978538],[-87.80314481721427,41.899125958077754]]],"crs":null},"type":"Feature","properties":{"name":"16063080030000","pin":"16063080030000","units":2,"yearBuilt":1894,"address":"734 N MARION ST","url":"https://www.cookcountyassessor.com/pin/16063080030000"}},{"geometry":{"type":"Polygon","coordinates":[[[-87.78025084078548,41.89758613864689],[-87.78025545961235,41.8977233178879],[-87.7809214841084,41.897712967303455],[-87.78091917199067,41.89764034370642],[-87.78091693615835,41.89757578842824],[-87.78025084078548,41.89758613864689]]],"crs":null},"type":"Feature","properties":{"name":"16053170270000","pin":"16053170270000","units":2,"yearBuilt":1920,"address":"633 N LOMBARD AVE","url":"https://www.cookcountyassessor.com/pin/16053170270000"}},{"geometry":{"type":"Polygon","coordinates":[[[-87.80167314284321,41.900504448707345],[-87.80167584722597,41.90058580069505],[-87.80231398255293,41.900575142017814],[-87.80231061955094,41.90047572976782],[-87.80167255751913,41.90048638876707],[-87.80167314284321,41.900504448707345]]],"crs":null},"type":"Feature","properties":{"name":"16063020070000","pin":"16063020070000","units":2,"yearBuilt":1891,"address":"820 BELLEFORTE AVE 2","url":"https://www.cookcountyassessor.com/pin/16063020070000"}},{"geometry":{"type":"Polygon","coordinates":[[[-87.80159744299029,41.87609751292039],[-87.8015999586395,41.8761660758875],[-87.80160240035526,41.8762346934324],[-87.80205953912652,41.87622709527459],[-87.80205450564948,41.876089968449556],[-87.80159744299029,41.87609751292039]]],"crs":null},"type":"Feature","properties":{"name":"16181190070000","pin":"16181190070000","units":2,"yearBuilt":1916,"address":"714 WISCONSIN AVE","url":"https://www.cookcountyassessor.com/pin/16181190070000"}},{"geometry":{"type":"Polygon","coordinates":[[[-87.78246436459348,41.894187822793576],[-87.78246744709921,41.894290746582456],[-87.78309529653781,41.894281955874504],[-87.78309228652728,41.89417903244851],[-87.78246436459348,41.894187822793576]]],"crs":null},"type":"Feature","properties":{"name":"16081010030000","pin":"16081010030000","units":2,"yearBuilt":1905,"address":"428 N CUYLER AVE","url":"https://www.cookcountyassessor.com/pin/16081010030000"}},{"geometry":{"type":"Polygon","coordinates":[[[-87.79388007422381,41.865247501038475],[-87.79389203580423,41.86561517835985],[-87.79398316961492,41.865613576098234],[-87.79397025360504,41.86524589430336],[-87.79388007422381,41.865247501038475]]],"crs":null},"type":"Feature","properties":{"name":"16183290390000","pin":"16183290390000","units":3,"yearBuilt":1945,"address":"6800 ROOSEVELT RD","url":"https://www.cookcountyassessor.com/pin/16183290390000"}},{"geometry":{"type":"Polygon","coordinates":[[[-87.7943208354903,41.865239745911644],[-87.79433375471292,41.86560742768492],[-87.7944658664117,41.865605084589646],[-87.79445294717553,41.86523745775124],[-87.79440888570569,41.86523823868154],[-87.7943208354903,41.865239745911644]]],"crs":null},"type":"Feature","properties":{"name":"16183290340000","pin":"16183290340000","units":2,"yearBuilt":1923,"address":"6810 ROOSEVELT RD","url":"https://www.cookcountyassessor.com/pin/16183290340000"}},{"geometry":{"type":"Polygon","coordinates":[[[-87.77768169492504,41.88217241581326],[-87.77769406603413,41.88258400354513],[-87.77786132357251,41.88258124551337],[-87.77784887742516,41.882169712355996],[-87.77768169492504,41.88217241581326]]],"crs":null},"type":"Feature","properties":{"name":"16083160220000","pin":"16083160220000","units":2,"yearBuilt":1920,"address":"64 WASHINGTON BLVD","url":"https://www.cookcountyassessor.com/pin/16083160220000"}},{"geometry":{"type":"Polygon","coordinates":[[[-87.7769263525592,41.89532232294997],[-87.77692854833876,41.89539088464933],[-87.77755743899353,41.89538202034022],[-87.77755524254137,41.89531345864873],[-87.7769263525592,41.89532232294997]]],"crs":null},"type":"Feature","properties":{"name":"16053250200000","pin":"16053250200000","units":2,"yearBuilt":1858,"address":"517 N HUMPHREY AVE","url":"https://www.cookcountyassessor.com/pin/16053250200000"}},{"geometry":{"type":"Polygon","coordinates":[[[-87.77628282178007,41.872842313097244],[-87.77628735957974,41.87297938373848],[-87.77674564676809,41.87297243930155],[-87.77674110655217,41.87283553432874],[-87.77628282178007,41.872842313097244]]],"crs":null},"type":"Feature","properties":{"name":"16171300160000","pin":"16171300160000","units":4,"yearBuilt":1959,"address":"40 HARRISON ST","url":"https://www.cookcountyassessor.com/pin/16171300160000"}},{"geometry":{"type":"Polygon","coordinates":[[[-87.77762318807258,41.87648126692666],[-87.77762645318145,41.87657063555618],[-87.7780813165501,41.87656345047305],[-87.77807819540416,41.87647435625617],[-87.77762318807258,41.87648126692666]]],"crs":null},"type":"Feature","properties":{"name":"16171130180000","pin":"16171130180000","units":2,"yearBuilt":1913,"address":"648 S TAYLOR AVE 1","url":"https://www.cookcountyassessor.com/pin/16171130180000"}},{"geometry":{"type":"Polygon","coordinates":[[[-87.79579899331797,41.88250936111635],[-87.79580305427214,41.882646976884295],[-87.79631829212093,41.882635721063],[-87.79631422885666,41.88249810530093],[-87.79579899331797,41.88250936111635]]],"crs":null},"type":"Feature","properties":{"name":"16073190180000","pin":"16073190180000","units":2,"yearBuilt":1892,"address":"321 S GROVE AVE","url":"https://www.cookcountyassessor.com/pin/16073190180000"}},{"geometry":{"type":"Polygon","coordinates":[[[-87.79353682136103,41.88239589602613],[-87.79353813625927,41.882440358455405],[-87.79421516820686,41.88242932413674],[-87.79421242695723,41.88233606091499],[-87.79353554296596,41.88234709681462],[-87.79353682136103,41.88239589602613]]],"crs":null},"type":"Feature","properties":{"name":"16074120090000","pin":"16074120090000","units":2,"yearBuilt":1914,"address":"322 S OAK PARK AVE","url":"https://www.cookcountyassessor.com/pin/16074120090000"}},{"geometry":{"type":"Polygon","coordinates":[[[-87.80290676420341,41.89376743325971],[-87.80290898894393,41.89383599464692],[-87.80344097941895,41.89382593680631],[-87.80343868181163,41.89375737509236],[-87.80290676420341,41.89376743325971]]],"crs":null},"type":"Feature","properties":{"name":"16071010100000","pin":"16071010100000","units":2,"yearBuilt":1908,"address":"419 N MARION ST","url":"https://www.cookcountyassessor.com/pin/16071010100000"}},{"geometry":{"type":"Polygon","coordinates":[[[-87.80008573488551,41.88226326298302],[-87.80009081625201,41.882402859607595],[-87.80074427324996,41.88239173134549],[-87.80073918925669,41.88225213473575],[-87.80008573488551,41.88226326298302]]],"crs":null},"type":"Feature","properties":{"name":"16073160290000","pin":"16073160290000","units":2,"yearBuilt":1909,"address":"325 HOME AVE","url":"https://www.cookcountyassessor.com/pin/16073160290000"}},{"geometry":{"type":"Polygon","coordinates":[[[-87.8016691929437,41.90038714125296],[-87.80167255751913,41.90048638876707],[-87.80231061955094,41.90047572976782],[-87.80230732704315,41.90037653752516],[-87.8016691929437,41.90038714125296]]],"crs":null},"type":"Feature","properties":{"name":"16063020090000","pin":"16063020090000","units":2,"yearBuilt":1893,"address":"818 BELLEFORTE AVE","url":"https://www.cookcountyassessor.com/pin/16063020090000"}},{"geometry":{"type":"Polygon","coordinates":[[[-87.78586701081115,41.8996849540909],[-87.78587053297319,41.89978870360474],[-87.78653599638876,41.899777603837514],[-87.78653056170211,41.89961369168963],[-87.78586488066486,41.89962479039015],[-87.78586701081115,41.8996849540909]]],"crs":null},"type":"Feature","properties":{"name":"16064120010000","pin":"16064120010000","units":2,"yearBuilt":1916,"address":"744 N ELMWOOD AVE","url":"https://www.cookcountyassessor.com/pin/16064120010000"}},{"geometry":{"type":"Polygon","coordinates":[[[-87.78071889387499,41.874204422957106],[-87.78072131556341,41.8742727662416],[-87.78084448261416,41.87427088919004],[-87.78118027301848,41.87426580824466],[-87.78117785131386,41.87419741004806],[-87.78117535493664,41.87412901059128],[-87.78081892799514,41.87413443161123],[-87.78071639918386,41.874136024399434],[-87.78071889387499,41.874204422957106]]],"crs":null},"type":"Feature","properties":{"name":"16171260210000","pin":"16171260210000","units":2,"yearBuilt":1920,"address":"805 S HARVEY AVE","url":"https://www.cookcountyassessor.com/pin/16171260210000"}},{"geometry":{"type":"Polygon","coordinates":[[[-87.79708616032899,41.881045612217065],[-87.79709037050338,41.88118328359516],[-87.79767410709752,41.881173329178885],[-87.79766952777028,41.88103571101958],[-87.79743226233188,41.881039738741556],[-87.79730396837026,41.881041915754345],[-87.79708616032899,41.881045612217065]]],"crs":null},"type":"Feature","properties":{"name":"16073250100000","pin":"16073250100000","units":6,"yearBuilt":1962,"address":"409 S KENILWORTH AVE","url":"https://www.cookcountyassessor.com/pin/16073250100000"}},{"geometry":{"type":"Polygon","coordinates":[[[-87.77765310348728,41.89606612925578],[-87.77765757134944,41.89620325297936],[-87.77828639641235,41.896194384371114],[-87.77828200071042,41.89605726101897],[-87.77765310348728,41.89606612925578]]],"crs":null},"type":"Feature","properties":{"name":"16053250030000","pin":"16053250030000","units":2,"yearBuilt":1905,"address":"538 N TAYLOR AVE","url":"https://www.cookcountyassessor.com/pin/16053250030000"}},{"geometry":{"type":"Polygon","coordinates":[[[-87.7992749837962,41.88968856512086],[-87.79928586310184,41.89009333753157],[-87.79937769401674,41.890091624436],[-87.79936681413143,41.88968685203048],[-87.7992749837962,41.88968856512086]]],"crs":null},"type":"Feature","properties":{"name":"16071210070000","pin":"16071210070000","units":2,"yearBuilt":1912,"address":"935 ONTARIO ST","url":"https://www.cookcountyassessor.com/pin/16071210070000"}},{"geometry":{"type":"Polygon","coordinates":[[[-87.79936681413143,41.88968685203048],[-87.79937769401674,41.890091624436],[-87.79949846961134,41.89008938677216],[-87.79948759016855,41.88968461437912],[-87.79936681413143,41.88968685203048]]],"crs":null},"type":"Feature","properties":{"name":"16071210060000","pin":"16071210060000","units":3,"yearBuilt":1913,"address":"937 ONTARIO ST","url":"https://www.cookcountyassessor.com/pin/16071210060000"}},{"geometry":{"type":"Polygon","coordinates":[[[-87.8044091598532,41.88118067083974],[-87.80441397547672,41.88131812506889],[-87.80466900639327,41.88131375594967],[-87.80466411793948,41.88117630139519],[-87.8044091598532,41.88118067083974]]],"crs":null},"type":"Feature","properties":{"name":"16073210180000","pin":"16073210180000","units":2,"yearBuilt":1936,"address":"97 N HARLEM AVE","url":"https://www.cookcountyassessor.com/pin/16073210180000"}},{"geometry":{"type":"Polygon","coordinates":[[[-87.79842039681493,41.889622403722974],[-87.79843352253609,41.890109239357386],[-87.79858559575689,41.89010637953744],[-87.7985724676763,41.889619543907884],[-87.79842039681493,41.889622403722974]]],"crs":null},"type":"Feature","properties":{"name":"16071210150000","pin":"16071210150000","units":6,"yearBuilt":1926,"address":"917 ONTARIO ST","url":"https://www.cookcountyassessor.com/pin/16071210150000"}},{"geometry":{"type":"Polygon","coordinates":[[[-87.7990438141843,41.889610815783534],[-87.79905694630101,41.89009759646197],[-87.7991756646991,41.890095404487575],[-87.79916253288614,41.88960862382289],[-87.7990438141843,41.889610815783534]]],"crs":null},"type":"Feature","properties":{"name":"16071210110000","pin":"16071210110000","units":3,"yearBuilt":1926,"address":"931 ONTARIO ST","url":"https://www.cookcountyassessor.com/pin/16071210110000"}},{"geometry":{"type":"Polygon","coordinates":[[[-87.80074490437985,41.87172810973103],[-87.80074639887596,41.87176922551553],[-87.80129775138387,41.871757840096826],[-87.80129379752157,41.8716502467529],[-87.80074238976955,41.87165954669857],[-87.80074490437985,41.87172810973103]]],"crs":null},"type":"Feature","properties":{"name":"16183020260000","pin":"16183020260000","units":2,"yearBuilt":1911,"address":"917 WENONAH AVE","url":"https://www.cookcountyassessor.com/pin/16183020260000"}},{"geometry":{"type":"Polygon","coordinates":[[[-87.79407771162636,41.8710691663452],[-87.79408007260405,41.871137673879886],[-87.79458440101416,41.871129008892666],[-87.79458203995922,41.87106044644622],[-87.79407771162636,41.8710691663452]]],"crs":null},"type":"Feature","properties":{"name":"16183070250000","pin":"16183070250000","units":3,"yearBuilt":1903,"address":"925 S OAK PARK AVE","url":"https://www.cookcountyassessor.com/pin/16183070250000"}},{"geometry":{"type":"Polygon","coordinates":[[[-87.77537750999012,41.89745191535027],[-87.7753821458522,41.89758607691915],[-87.77604728302978,41.89757624368088],[-87.77604570751687,41.8975293093825],[-87.7760426457679,41.89744208303048],[-87.77537750999012,41.89745191535027]]],"crs":null},"type":"Feature","properties":{"name":"16053200290000","pin":"16053200290000","units":3,"yearBuilt":1908,"address":"928 N AUSTIN BLVD","url":"https://www.cookcountyassessor.com/pin/16053200290000"}},{"geometry":{"type":"Polygon","coordinates":[[[-87.80283202221983,41.87154803178879],[-87.80283482612396,41.87162631083918],[-87.8034569588855,41.87161568134796],[-87.80345422769994,41.87153740264725],[-87.80283202221983,41.87154803178879]]],"crs":null},"type":"Feature","properties":{"name":"16183010070000","pin":"16183010070000","units":2,"yearBuilt":1963,"address":"916 S MAPLE AVE 1ST","url":"https://www.cookcountyassessor.com/pin/16183010070000"}},{"geometry":{"type":"Polygon","coordinates":[[[-87.79783240410318,41.88511064163201],[-87.79784157670636,41.885384340921185],[-87.79795448022121,41.8853827263126],[-87.79806738114397,41.885381277244036],[-87.79806556291143,41.88532643878896],[-87.79806366998356,41.88527159998521],[-87.79806185055904,41.88521676062317],[-87.79806003112961,41.88516192216089],[-87.79805821519966,41.885106809109814],[-87.79794530942873,41.88510875243566],[-87.79783240410318,41.88511064163201]]],"crs":null},"type":"Feature","properties":{"name":"16073110060000","pin":"16073110060000","units":4,"yearBuilt":1898,"address":"917 PLEASANT ST 2F","url":"https://www.cookcountyassessor.com/pin/16073110060000"}},{"geometry":{"type":"Polygon","coordinates":[[[-87.79538519277726,41.870977932121654],[-87.79538789569537,41.87105840591925],[-87.79589185764628,41.871049678551515],[-87.79588915409619,41.87096920476196],[-87.79588880518345,41.87095822612197],[-87.79538484515528,41.87096695348628],[-87.79538519277726,41.870977932121654]]],"crs":null},"type":"Feature","properties":{"name":"16183060290000","pin":"16183060290000","units":2,"yearBuilt":1916,"address":"937 S GROVE AVE","url":"https://www.cookcountyassessor.com/pin/16183060290000"}},{"geometry":{"type":"Polygon","coordinates":[[[-87.79781105155033,41.88347222386603],[-87.79781923471812,41.88374130886364],[-87.79796761673877,41.88373876215462],[-87.79796419647188,41.88363814186901],[-87.79796420379984,41.88363726406863],[-87.7979610316899,41.88354213342991],[-87.797960966739,41.88354125439221],[-87.79795855775464,41.88346901493294],[-87.79781105155033,41.88347222386603]]],"crs":null},"type":"Feature","properties":{"name":"16073110210000","pin":"16073110210000","units":2,"yearBuilt":1908,"address":"916 RANDOLPH ST","url":"https://www.cookcountyassessor.com/pin/16073110210000"}},{"geometry":{"type":"Polygon","coordinates":[[[-87.80070395095997,41.87061106148815],[-87.80070694623944,41.87069252510834],[-87.80125819797287,41.87068317057816],[-87.80125520381537,41.87060148729235],[-87.80070395095997,41.87061106148815]]],"crs":null},"type":"Feature","properties":{"name":"16183020370000","pin":"16183020370000","units":2,"yearBuilt":1915,"address":"947 WENONAH AVE","url":"https://www.cookcountyassessor.com/pin/16183020370000"}},{"geometry":{"type":"Polygon","coordinates":[[[-87.79918307995112,41.88969027869619],[-87.79919403097044,41.8900950514484],[-87.79928586310184,41.89009333753157],[-87.7992749837962,41.88968856512086],[-87.79918307995112,41.88969027869619]]],"crs":null},"type":"Feature","properties":{"name":"16071210080000","pin":"16071210080000","units":2,"yearBuilt":1903,"address":"933 ONTARIO ST","url":"https://www.cookcountyassessor.com/pin/16071210080000"}},{"geometry":{"type":"Polygon","coordinates":[[[-87.7993031173568,41.87072420668747],[-87.79930555646874,41.87079282433076],[-87.79985717779331,41.87078347734544],[-87.79985466341053,41.870714859363446],[-87.79985143782227,41.87062587587007],[-87.7992999641887,41.87063544230027],[-87.7993031173568,41.87072420668747]]],"crs":null},"type":"Feature","properties":{"name":"16183030340000","pin":"16183030340000","units":2,"yearBuilt":1909,"address":"947 HOME AVE","url":"https://www.cookcountyassessor.com/pin/16183030340000"}},{"geometry":{"type":"Polygon","coordinates":[[[-87.79538186690218,41.87087550049008],[-87.79538484515528,41.87096695348628],[-87.79588880518345,41.87095822612197],[-87.79588575227547,41.87086682770953],[-87.79538186690218,41.87087550049008]]],"crs":null},"type":"Feature","properties":{"name":"16183060300000","pin":"16183060300000","units":2,"yearBuilt":1916,"address":"941 S GROVE AVE","url":"https://www.cookcountyassessor.com/pin/16183060300000"}},{"geometry":{"type":"Polygon","coordinates":[[[-87.79949960750199,41.8901909290474],[-87.79950691816137,41.89045978988131],[-87.79969322625571,41.89045631974033],[-87.79969126436234,41.890383093903345],[-87.79968958042878,41.89032062754506],[-87.79968789816735,41.89025810537265],[-87.79968598831397,41.890187459255145],[-87.79949960750199,41.8901909290474]]],"crs":null},"type":"Feature","properties":{"name":"16071150160000","pin":"16071150160000","units":2,"yearBuilt":1888,"address":"942 ONTARIO ST","url":"https://www.cookcountyassessor.com/pin/16071150160000"}},{"geometry":{"type":"Polygon","coordinates":[[[-87.79933254240886,41.87154718150608],[-87.79933498203151,41.87161574422035],[-87.79988697780992,41.87160639974286],[-87.79988320630815,41.87150352680612],[-87.79933128563196,41.87151292743728],[-87.79933254240886,41.87154718150608]]],"crs":null},"type":"Feature","properties":{"name":"16183030250000","pin":"16183030250000","units":2,"yearBuilt":1921,"address":"921 HOME AVE","url":"https://www.cookcountyassessor.com/pin/16183030250000"}},{"geometry":{"type":"Polygon","coordinates":[[[-87.78480593027577,41.87120714618408],[-87.78486999098565,41.87121255618841],[-87.7848667413129,41.871120223808596],[-87.78480279647893,41.87111860120642],[-87.78480350619405,41.87113858324879],[-87.78480593027577,41.87120714618408]]],"crs":null},"type":"Feature","properties":{"name":"16184130610000","pin":"16184130610000","units":4,"yearBuilt":1961,"address":"938 S ELMWOOD AVE","url":"https://www.cookcountyassessor.com/pin/16184130610000"}},{"geometry":{"type":"Polygon","coordinates":[[[-87.79863756371915,41.89757058804755],[-87.79864732775322,41.89788836293042],[-87.79877737582217,41.89788594953531],[-87.79877108499787,41.897680211253565],[-87.79876768464325,41.897568175902116],[-87.79863756371915,41.89757058804755]]],"crs":null},"type":"Feature","properties":{"name":"16063210040000","pin":"16063210040000","units":2,"yearBuilt":1912,"address":"919 AUGUSTA ST","url":"https://www.cookcountyassessor.com/pin/16063210040000"}},{"geometry":{"type":"Polygon","coordinates":[[[-87.79960918870376,41.894868733712975],[-87.79960971270249,41.89488525651284],[-87.79971991766867,41.894883244102815],[-87.79996229710002,41.89487871687871],[-87.79994793786102,41.89442381839269],[-87.79959535642222,41.89443030307905],[-87.79960918870376,41.894868733712975]]],"crs":null},"type":"Feature","properties":{"name":"16063200470000","pin":"16063200470000","units":2,"yearBuilt":1886,"address":"948 CHICAGO AVE","url":"https://www.cookcountyassessor.com/pin/16063200470000"}},{"geometry":{"type":"Polygon","coordinates":[[[-87.78506238999164,41.87122878792279],[-87.78527225357088,41.87124652972631],[-87.78526740320828,41.871109403863805],[-87.78526646319801,41.87108195686597],[-87.78506831480841,41.87107689471551],[-87.78506238999164,41.87122878792279]]],"crs":null},"type":"Feature","properties":{"name":"16184130610000","pin":"16184130610000","units":4,"yearBuilt":1961,"address":"938 S ELMWOOD AVE","url":"https://www.cookcountyassessor.com/pin/16184130610000"}},{"geometry":{"type":"Polygon","coordinates":[[[-87.77537282642845,41.89731479052531],[-87.77537750999012,41.89745191535027],[-87.7760426457679,41.89744208303048],[-87.77603789205159,41.89730440868247],[-87.77537282642845,41.89731479052531]]],"crs":null},"type":"Feature","properties":{"name":"16053200300000","pin":"16053200300000","units":4,"yearBuilt":1922,"address":"924 N AUSTIN BLVD","url":"https://www.cookcountyassessor.com/pin/16053200300000"}},{"geometry":{"type":"Polygon","coordinates":[[[-87.7909344425137,41.87105491342111],[-87.79093672572859,41.871123530491516],[-87.79139809185541,41.87111555442302],[-87.79139573467046,41.871046937012096],[-87.79139344929803,41.87097837486026],[-87.79093208536199,41.87098635092177],[-87.7909344425137,41.87105491342111]]],"crs":null},"type":"Feature","properties":{"name":"16184050040000","pin":"16184050040000","units":2,"yearBuilt":1912,"address":"940 WESLEY AVE","url":"https://www.cookcountyassessor.com/pin/16184050040000"}},{"geometry":{"type":"Polygon","coordinates":[[[-87.77942290712103,41.87196770396849],[-87.77942301996086,41.871971656125375],[-87.779881815036,41.871964591769945],[-87.77988170169418,41.87196069453208],[-87.77987839327045,41.871867483912375],[-87.77941959937156,41.8718744924394],[-87.77942290712103,41.87196770396849]]],"crs":null},"type":"Feature","properties":{"name":"16173020360000","pin":"16173020360000","units":2,"yearBuilt":1924,"address":"919 S LOMBARD AVE","url":"https://www.cookcountyassessor.com/pin/16173020360000"}},{"geometry":{"type":"Polygon","coordinates":[[[-87.79873408862309,41.8896165644874],[-87.7987472183886,41.89010334518715],[-87.79887328443066,41.89010102296678],[-87.79886015370819,41.8896142422757],[-87.79873408862309,41.8896165644874]]],"crs":null},"type":"Feature","properties":{"name":"16071210130000","pin":"16071210130000","units":3,"yearBuilt":1923,"address":"925 ONTARIO ST","url":"https://www.cookcountyassessor.com/pin/16071210130000"}},{"geometry":{"type":"Polygon","coordinates":[[[-87.79217331517398,41.87143704971178],[-87.79263803060711,41.871476285930946],[-87.79263478315019,41.871382362862825],[-87.79217172672139,41.87139044487426],[-87.79217331517398,41.87143704971178]]],"crs":null},"type":"Feature","properties":{"name":"16184040070000","pin":"16184040070000","units":4,"yearBuilt":1911,"address":"928 S EUCLID AVE 2","url":"https://www.cookcountyassessor.com/pin/16184040070000"}},{"geometry":{"type":"Polygon","coordinates":[[[-87.77868095484807,41.87203437605612],[-87.77868329893106,41.87210293871584],[-87.77913357095088,41.87209660508277],[-87.77912873366698,41.87195947905992],[-87.77867853656966,41.87196575721581],[-87.77868095484807,41.87203437605612]]],"crs":null},"type":"Feature","properties":{"name":"16173040090000","pin":"16173040090000","units":6,"yearBuilt":1926,"address":"916 S LOMBARD AVE","url":"https://www.cookcountyassessor.com/pin/16173040090000"}},{"geometry":{"type":"Polygon","coordinates":[[[-87.7999769910344,41.894878455600754],[-87.7999790845433,41.89494460170285],[-87.80015541402618,41.89494135908774],[-87.8001504680024,41.89478524303146],[-87.80014569913928,41.89463434257102],[-87.80013895853614,41.89442031451192],[-87.79994793786102,41.89442381839269],[-87.79996229710002,41.89487871687871],[-87.7999769910344,41.894878455600754]]],"crs":null},"type":"Feature","properties":{"name":"16063200580000","pin":"16063200580000","units":3,"yearBuilt":1903,"address":"950 CHICAGO AVE","url":"https://www.cookcountyassessor.com/pin/16063200580000"}},{"geometry":{"type":"Polygon","coordinates":[[[-87.79936897525498,41.88646379631758],[-87.79937883757154,41.88674359035304],[-87.79956255507071,41.886741151861365],[-87.79955981128703,41.88666490349206],[-87.79955766447874,41.88660523410587],[-87.79955551876226,41.88654528921924],[-87.79955344865543,41.88648523574191],[-87.79955261846563,41.88646135659497],[-87.79936897525498,41.88646379631758]]],"crs":null},"type":"Feature","properties":{"name":"16073030090000","pin":"16073030090000","units":4,"yearBuilt":1909,"address":"947 SOUTH BLVD","url":"https://www.cookcountyassessor.com/pin/16073030090000"}},{"geometry":{"type":"Polygon","coordinates":[[[-87.77437546910286,41.86813745862917],[-87.77438044249462,41.86827464051386],[-87.77483274511313,41.868268059885786],[-87.7748276250204,41.868130876405615],[-87.77437546910286,41.86813745862917]]],"crs":null},"type":"Feature","properties":{"name":"16173230290000","pin":"16173230290000","units":4,"yearBuilt":1923,"address":"924 S AUSTIN BLVD","url":"https://www.cookcountyassessor.com/pin/16173230290000"}},{"geometry":{"type":"Polygon","coordinates":[[[-87.79928068601912,41.89443608516371],[-87.79929357482214,41.89485530086046],[-87.79945072743942,41.894852464431835],[-87.79943747054804,41.89443319211918],[-87.79928068601912,41.89443608516371]]],"crs":null},"type":"Feature","properties":{"name":"16063200520000","pin":"16063200520000","units":4,"yearBuilt":1889,"address":"936 CHICAGO AVE","url":"https://www.cookcountyassessor.com/pin/16063200520000"}}]}